-- phpMyAdmin SQL Dump
-- version 5.2.1
-- https://www.phpmyadmin.net/
--
-- Servidor: 127.0.0.1
-- Tiempo de generación: 20-07-2024 a las 20:17:23
-- Versión del servidor: 10.4.32-MariaDB
-- Versión de PHP: 8.0.30

SET SQL_MODE = "NO_AUTO_VALUE_ON_ZERO";
START TRANSACTION;
SET time_zone = "+00:00";


/*!40101 SET @OLD_CHARACTER_SET_CLIENT=@@CHARACTER_SET_CLIENT */;
/*!40101 SET @OLD_CHARACTER_SET_RESULTS=@@CHARACTER_SET_RESULTS */;
/*!40101 SET @OLD_COLLATION_CONNECTION=@@COLLATION_CONNECTION */;
/*!40101 SET NAMES utf8mb4 */;

--
-- Base de datos: `sis_inventario`
--

-- --------------------------------------------------------

--
-- Estructura de tabla para la tabla `categorias`
--

CREATE TABLE `categorias` (
  `id` int(11) NOT NULL,
  `categoria` text NOT NULL,
  `fecha` timestamp NOT NULL DEFAULT current_timestamp() ON UPDATE current_timestamp()
) ENGINE=InnoDB DEFAULT CHARSET=utf8 COLLATE=utf8_spanish_ci;

--
-- Volcado de datos para la tabla `categorias`
--

INSERT INTO `categorias` (`id`, `categoria`, `fecha`) VALUES
(21, 'ESENCIAS CABALLERO', '2023-11-19 16:45:16'),
(22, 'ESENCIAS DAMA', '2023-11-19 16:45:31'),
(23, 'FRASCOS DE 30 ML', '2023-11-19 16:45:45'),
(24, 'FRASCOS DE 60 ML', '2023-11-19 16:46:13'),
(25, 'INSUMOS', '2023-11-19 16:46:27'),
(26, 'ESENCIAS NIÑOS', '2024-03-06 13:03:09'),
(27, 'ESENCIAS NIÑAS', '2024-03-06 13:03:27');

-- --------------------------------------------------------

--
-- Estructura de tabla para la tabla `clientes`
--

CREATE TABLE `clientes` (
  `id` int(11) NOT NULL,
  `nombre` text NOT NULL,
  `documento` int(11) NOT NULL,
  `email` text NOT NULL,
  `telefono` text NOT NULL,
  `direccion` text NOT NULL,
  `fecha_nacimiento` date NOT NULL,
  `compras` int(11) NOT NULL,
  `ultima_compra` datetime NOT NULL,
  `fecha` timestamp NOT NULL DEFAULT current_timestamp() ON UPDATE current_timestamp()
) ENGINE=InnoDB DEFAULT CHARSET=utf8 COLLATE=utf8_spanish_ci;

--
-- Volcado de datos para la tabla `clientes`
--

INSERT INTO `clientes` (`id`, `nombre`, `documento`, `email`, `telefono`, `direccion`, `fecha_nacimiento`, `compras`, `ultima_compra`, `fecha`) VALUES
(24, 'marivel cctv', 1425457, 'dsd@gmail.com', '(577) 554-5454', 'dsfasdf', '2023-10-10', 186, '2024-07-20 10:04:11', '2024-07-20 15:04:11'),
(25, 'luis prometalico', 5165, 'dsd@gmail.com', '(566) 556-6444', 'dsfsd', '2023-11-11', 178, '2024-07-20 10:05:29', '2024-07-20 15:05:29'),
(26, 'brainer lastre', 654654, 'dsd@gmail.com', '(121) 231-2155', 'fdgsdf', '2000-02-16', 68, '2024-07-19 22:33:16', '2024-07-20 03:33:16'),
(27, 'jhoany cctv', 5654556, 'dsd@gmail.com', '(546) 454-6544', 'eafde', '2012-05-05', 0, '0000-00-00 00:00:00', '2023-11-19 16:58:43'),
(28, 'carla cctv', 1321, 'dsd@gmail.com', '(312) 311-2311', 'fdgsfdg', '2032-05-06', 30, '2024-01-24 13:30:12', '2024-01-24 18:30:12'),
(29, 'liliana vecina diana', 25445, 'lilina@hotmail.com', '(142) 132-3434', '435234gf', '2011-02-11', 31, '2023-11-21 22:20:57', '2023-11-22 03:20:57'),
(30, 'Diana vecina diana', 11241234, 'Dina@hotmail.com', '(321) 432-4343', '435234gf', '2012-04-01', 64, '2023-11-21 22:47:36', '2023-11-22 03:47:36'),
(31, 'mary vecina', 112412356, 'mary@hotmail.com', '(788) 799-8778', '435234gf78', '2050-02-22', 82, '2024-02-01 23:20:51', '2024-02-02 04:20:51'),
(32, 'tolima', 324534, 'tolima@hotmail.com', '(345) 234-5345', '435234gf4', '2034-05-04', 380, '2024-05-11 22:16:28', '2024-05-12 03:16:28'),
(34, 'liz torre control', 1241243, 'liz@hotmail.com', '(345) 345-4355', '435234gf4', '2034-02-04', 98, '2024-01-02 20:06:23', '2024-01-03 01:06:23'),
(35, 'glora cctv', 324232343, 'gloria@hotmail.com', '(234) 343-2443', '435234gf78', '2034-02-03', 103, '2024-03-20 07:35:42', '2024-03-20 12:35:42'),
(37, 'doña nancy bascula', 13241234, 'nancy@hotmail.com', '(123) 431-2344', '435234gf4', '2012-04-03', 54, '2024-01-24 23:08:56', '2024-01-25 04:08:56'),
(38, 'jhon torres sistemas', 1212423, 'jhon@hotmail.com', '(122) 342-1342', '435234gf4', '2013-04-30', 153, '2024-01-29 23:23:11', '2024-01-30 04:23:11'),
(39, 'lipiada ivon', 12124234, 'lipiada@hotmail.com', '(345) 534-4534', '435234gf4', '2034-05-04', 62, '2023-11-22 21:44:43', '2023-11-23 02:44:43'),
(40, 'doña neida', 32453453, 'neida@hotmail.com', '(435) 345-4355', '435234gf443', '2034-05-03', 1552, '2024-05-06 21:41:01', '2024-05-07 02:41:01'),
(41, 'victor almacen', 34323443, 'victor@hotmail.com', '(435) 345-3455', '435234gf443', '2053-02-04', 35, '2023-11-26 20:03:41', '2023-11-27 01:03:41'),
(42, 'Cotizar', 23452345, 'dfgd@dsgs.com', '(345) 345-3454', 'dg3443', '2023-04-04', 0, '0000-00-00 00:00:00', '2024-03-19 20:27:52'),
(43, 'Jheny amiga mor', 165456465, 'jheny@hotmail.com', '(984) 121-2101', '435234gf443', '2012-04-15', 400, '2024-05-17 08:27:23', '2024-05-17 13:27:23'),
(45, 'mother', 32453454, 'mother@hotmail.com', '(345) 324-5454', '435234gf443', '2034-03-05', 1193, '2024-05-27 22:36:58', '2024-05-28 03:36:58'),
(46, 'vecina casa blue', 324534543, 'blue@hotmail.com', '(345) 435-3455', '435234gf443', '2034-05-04', 131, '2023-11-29 21:12:52', '2023-11-30 02:12:52'),
(47, 'diana aseo', 435353453, 'dianaaseo@hotmail.com', '(325) 433-4545', '435234gf443', '2034-05-31', 48, '2024-04-12 17:41:35', '2024-04-12 22:41:35'),
(49, 'soraya thor', 2147483647, 'soraya@hotmail.com', '(345) 345-3455', '435234gf443', '2045-04-05', 34, '2023-11-28 21:28:54', '2023-11-29 02:28:54'),
(51, 'Dionisio', 214324234, 'dionicio@hotmail.com', '(231) 432-4234', '435234gf443', '2034-05-04', 264, '2024-01-24 23:13:41', '2024-01-25 04:13:41'),
(52, 'valentina vgp', 2147483647, 'vs@hotmail.com', '(324) 543-5455', '435234gf443', '2034-05-31', 145, '2023-11-30 21:23:33', '2023-12-01 02:23:33'),
(53, 'Jhon tenorio bgp', 2147483647, 'jhd@hotmail.com', '(345) 353-4555', '435234gf443', '2043-05-31', 87, '2023-12-19 22:21:40', '2023-12-20 03:21:40'),
(54, 'luis panameño bgp', 2147483647, 'jhedd@hotmail.com', '(345) 353-4551', '435234gf4433', '2043-05-31', 33, '2023-11-30 21:47:37', '2023-12-01 02:47:37'),
(55, 'Ruben bonilla', 2147483647, 'rb@hotmail.com', '(345) 345-3455', '43523434gf443', '2043-05-23', 87, '2024-02-23 15:49:01', '2024-02-23 20:49:01'),
(56, 'Maria zol', 2147483647, 'Me@hotmail.com', '(435) 345-3454', '43525', '2045-03-04', 55, '2023-11-30 21:27:18', '2023-12-01 02:27:18'),
(58, 'Diana', 2147483647, 'diana@hotmail.com', '(132) 443-2344', '435234gf44334', '2052-02-03', 64, '2024-04-15 21:31:37', '2024-04-16 02:31:37'),
(59, 'may kelly', 313216554, 'kay@homail.com', '(465) 416-5156', '655645df', '2012-03-08', 59, '2023-12-03 22:17:39', '2023-12-04 03:17:39'),
(60, 'jhon jadeer', 345345335, 'jhon@homail.com', '(124) 123-4234', '655645df', '2032-05-04', 120, '2024-02-16 21:15:23', '2024-02-17 02:15:23'),
(61, 'edwin bgp lociones', 32165554, 'edwin@homail.com', '(986) 541-5221', '655645df', '2011-05-05', 68, '2024-03-20 07:59:07', '2024-03-20 12:59:07'),
(64, 'angy cctv', 2147483647, 'angy@homail.com', '(324) 534-5345', '655645df', '2034-05-03', 51, '2023-12-03 22:35:49', '2023-12-04 03:36:01'),
(65, 'yulieht cctv', 2147483647, 'cctv@homail.com', '(134) 123-4124', '655645df', '2034-02-03', 574, '2024-05-11 22:08:14', '2024-05-12 03:08:14'),
(67, 'Doña cecilia', 576878799, 'dc@homail.com', '(232) 234-5345', '655645df4', '2033-04-05', 437, '2024-03-06 07:52:07', '2024-03-06 12:52:07'),
(68, 'doña Ana Mosquera', 1215646545, 'faslk@hotmail.com', '(315) 645-1115', 'aslkfj', '2012-02-05', 166, '2024-05-15 21:18:31', '2024-05-16 02:18:31'),
(69, 'andres', 1215646545, 'andres@hotmail.com', '(314) 214-3234', 'aslkfj', '2034-02-13', 560, '2024-05-09 08:32:16', '2024-05-09 13:32:16'),
(70, 'haminton', 2345345, 'hamint@hotmail.com', '(465) 456-4654', '435234gf', '2087-06-28', 64, '2024-04-20 21:06:37', '2024-04-21 02:06:37'),
(71, 'sebastian', 23453452, 'seb@hotmail.com', '(234) 423-4323', '435234gf', '2034-02-03', 128, '2024-02-16 21:17:15', '2024-02-17 02:17:15'),
(72, 'jessica bascula', 234534523, 'sebed@hotmail.com', '(435) 345-3455', '435234gf4', '2063-02-03', 149, '2024-03-07 13:53:17', '2024-03-07 18:53:17'),
(73, 'tia zandra', 234243254, 'sebed34@hotmail.com', '(243) 234-2342', '4352323', '2043-02-03', 1, '2023-12-20 23:21:58', '2023-12-21 04:21:58'),
(74, 'nano', 646516123, 'nano@hotmail.com', '(987) 456-1659', '4352323', '2033-12-22', 165, '2023-12-24 17:17:06', '2023-12-24 22:17:06'),
(75, 'HECTOR CONTROL', 1325664566, 'HECTOR@hotmail.com', '(874) 132-9844', '4352323', '2031-02-05', 107, '2024-03-28 16:58:34', '2024-03-28 21:58:34'),
(76, 'ASECIO', 1325664566, 'ARSECIO@hotmail.com', '(211) 541-4651', '4352323', '2012-05-05', 68, '2023-12-26 23:03:17', '2023-12-27 04:03:17'),
(77, 'PATRICIA OLIMPICA', 2455545, 'PATI@hotmail.com', '(995) 468-7845', '4352323', '2012-03-25', 211, '2024-03-11 08:08:44', '2024-03-11 13:08:44'),
(78, 'CAROLINA FGRANELES', 2147483647, 'ARSECIO2@hotmail.com', '(123) 321-4324', '4352323', '2012-03-04', 150, '2024-02-21 14:18:19', '2024-02-21 19:18:19'),
(79, 'MABEL ATLAS', 2147483647, 'MABEL@hotmail.com', '(897) 984-5546', '4352323', '0000-00-00', 318, '2024-03-10 22:25:50', '2024-03-11 03:25:50'),
(80, 'ALEX BASCULA', 4665634, 'ALEX@hotmail.com', '(231) 231-2312', '4352323', '2033-02-03', 595, '2024-04-20 20:53:57', '2024-04-21 01:53:57'),
(81, 'Cristian fat lociones', 754989, 'lilinar@hotmail.com', '(456) 789-8789', '435234gf', '2021-02-21', 126, '2024-05-04 22:13:32', '2024-05-05 03:13:32'),
(82, 'sulay cctv', 23165456, 'sulay@hotmail.com', '(564) 654-5645', 'calle 5A crr 70-32', '2020-02-16', 62, '2024-01-24 07:38:27', '2024-01-24 12:38:27'),
(83, 'mauricio', 23165456, 'mauicio@hotmail.com', '(822) 656-5151', 'calle 5A crr 70-32', '2021-02-02', 62, '2024-01-24 22:28:28', '2024-01-25 03:28:28'),
(84, 'don raf', 245456654, 'raf@hotmail.com', '(745) 445-8875', 'calle 5A crr 70-32', '2012-04-04', 398, '2024-04-14 21:00:06', '2024-04-15 02:00:06'),
(85, 'ANFRS GYM', 545121454, 'GYM@hotmail.com', '(564) 645-4454', 'calle 5A crr 70-32', '2013-12-05', 117, '2024-03-06 07:44:04', '2024-03-06 12:44:04'),
(86, 'NICHE PELUCO', 3165564, 'PEL@hotmail.com', '(649) 849-6545', 'calle 5A crr 70-32', '2022-12-15', 265, '2024-05-23 22:31:57', '2024-05-24 03:31:57'),
(87, 'javier mono', 2231545, 'javier@hotmail.com', '(546) 545-2312', 'calle 5A crr 70-32', '2031-02-12', 88, '2024-05-23 22:45:13', '2024-05-24 03:45:13'),
(88, 'vecino venezolano', 132321, 'GYM@hotmail.com', '(213) 215-4544', 'calle 5A crr 70-32', '2021-02-10', 30, '2024-01-24 13:33:34', '2024-01-24 18:33:34'),
(89, 'brilly olimpica', 5434645, 'javier@hotmail.com', '(454) 564-5566', 'calle 5A crr 70-32', '2056-03-04', 0, '0000-00-00 00:00:00', '2024-01-25 02:40:32'),
(90, 'Milton olímpica', 123455456, 'myl@hotmail.com', '(875) 464-5565', 'calle 5A crr 70-32', '2033-11-22', 62, '2024-01-24 22:39:00', '2024-01-25 03:39:00'),
(91, 'TIA FABIOLA OLIMPICA', 34454565, 'ASD@hotmail.com', '(543) 543-3554', 'calle 5A crr 70-32', '2012-03-13', 120, '2024-01-24 22:57:27', '2024-01-25 03:57:27'),
(92, 'LUISA OLIMPICA', 757858758, 'AS5D@hotmail.com', '(445) 453-5435', 'calle 5A crr 70-32', '2022-03-23', 31, '2024-01-24 23:02:46', '2024-01-25 04:02:46'),
(93, 'EMPACADORA OLIMPICA', 444542, 'AS52D@hotmail.com', '(455) 454-5555', 'calle 5A crr 70-32', '2011-02-04', 29, '2024-01-24 22:58:54', '2024-01-25 03:58:54'),
(94, 'ANA BASCULA', 13123135, 'lilina@hotmail.com', '(651) 515-5111', '435234gf', '2013-11-23', 96, '2024-05-11 22:13:07', '2024-05-12 03:13:07'),
(95, 'HERIBERTO', 354454335, 'HERI@hotmail.com', '(778) 454-6554', 'calle 5A crr 70-32', '2033-02-05', 0, '0000-00-00 00:00:00', '2024-01-25 04:14:17'),
(96, 'JHON FREDY EQUIPOS', 24523523, 'JI@hotmail.com', '(453) 454-6543', 'calle 5A crr 70-323', '2044-05-04', 39, '2024-01-29 23:07:03', '2024-01-30 04:07:03'),
(97, 'DALILA', 777867687, 'DAJ@hotmail.com', '(778) 552-4155', '435234gf54', '2045-06-05', 31, '2024-01-29 23:25:10', '2024-01-30 04:25:10'),
(98, 'JESUS HERNANDEZ', 215512132, 'JH@hotmail.com', '(354) 632-1321', '435234gf545', '2023-02-21', 0, '0000-00-00 00:00:00', '2024-02-01 16:19:48'),
(99, 'CAROLINA UNIP', 24525223, 'CA@hotmail.com', '(123) 123-1231', '435234gf5452', '2021-03-12', 173, '2024-05-20 20:29:07', '2024-05-21 01:29:07'),
(100, 'WENDY', 3165165, 'WEN@hotmail.com', '(329) 655-7987', '436415234gf54', '2002-02-21', 211, '2024-04-07 18:30:15', '2024-04-07 23:30:15'),
(101, 'VICTOR OLIMPICA', 316516545, 'VIC@hotmail.com', '(145) 464-9844', '436415234gf54E', '2020-02-21', 18, '2024-02-01 23:22:31', '2024-02-02 04:22:31'),
(102, 'manuel', 2147483647, 'em@hotmail.com', '(689) 787-8987', '435234gf54525', '2012-12-12', 570, '2024-04-07 18:43:16', '2024-04-07 23:43:16'),
(103, 'PIRRY', 787876865, 'PIRR@hotmail.com', '(878) 787-9989', '435234gf879', '2089-07-09', 21, '2024-02-10 22:51:48', '2024-02-11 03:51:48'),
(104, 'NICOL LOCAL R9', 789789145, 'NCL@hotmail.com', '(685) 478-9897', '435234gf879457', '2020-02-22', 450, '2024-02-12 17:19:02', '2024-02-12 22:19:02'),
(105, 'VECINA FRENTE PARQUEADERO', 1231654564, 'VE@hotmail.com', '(989) 446-5465', '435234gf879457879', '2021-02-02', 31, '2024-02-12 18:09:39', '2024-02-12 23:09:39'),
(106, 'BOTHER PRETEL', 2147483647, 'BRUIYE@hotmail.com', '(165) 154-6545', '435234gf8794578795', '2020-02-01', 47, '2024-03-19 15:17:34', '2024-03-19 20:17:34'),
(107, 'CAREN LICET', 97878997, 'CLIZE@hotmail.com', '(564) 987-7799', '989888', '2020-02-02', 205, '2024-02-15 14:02:49', '2024-02-15 19:02:49'),
(108, 'PELUQUERO NICHEE', 954894, 'PNIC@hotmail.com', '(988) 989-8974', '84848', '2020-02-02', 95, '2024-04-26 22:30:25', '2024-04-27 03:30:25'),
(109, 'Love', 772758, 'love@hotmail.com', '(787) 524-5456', '989888456', '2020-02-12', 78, '2024-02-21 14:22:31', '2024-02-21 19:22:31'),
(110, 'iglecia love', 772758, 'igle@hotmail.com', '(454) 564-5456', '9898884564', '2021-02-04', 30, '2024-02-16 21:43:37', '2024-02-17 02:43:37'),
(111, 'Janua', 7727582, 'iglegh@hotmail.com', '(875) 546-4564', '9898884564645', '2012-11-30', 79, '2024-03-03 13:39:01', '2024-03-03 18:39:01'),
(112, 'Eblin', 95489324, 'PNICjj@hotmail.com', '(234) 243-4234', '84848324', '2034-02-03', 19, '2024-02-16 21:49:19', '2024-02-17 02:49:19'),
(113, 'Jaiber', 2147483647, 'PdfgNICjj@hotmail.com', '(345) 435-3453', '84848324345', '2034-05-31', 59, '2024-02-16 21:51:09', '2024-02-17 02:51:09'),
(114, 'valery', 77275822, 'igleegh@hotmail.com', '(123) 123-1231', '98988845646453', '2034-02-04', 83, '2024-03-18 22:40:40', '2024-03-19 03:40:40'),
(115, 'Yeison independencia', 78797897, 'terew@hotmail.com', '(788) 797-8978', '78978', '2078-09-07', 127, '2024-05-11 21:44:18', '2024-05-12 02:44:18'),
(116, 'Noris', 787978973, 'te4353rew@hotmail.com', '(345) 345-4534', '789784', '2034-03-24', 0, '0000-00-00 00:00:00', '2024-02-21 19:22:56'),
(117, 'Vecina', 78987987, 'te4353rew@hotmail.com', '(876) 897-9879', '789784', '2087-09-08', 15, '2024-03-06 07:45:57', '2024-03-06 12:45:57'),
(118, 'Hector fac', 43453543, 'hetds@Hotmail.com', '(324) 543-5345', '4564654554', '2034-02-03', 54, '2024-02-23 15:47:42', '2024-02-23 20:47:42'),
(119, 'Yajaira', 8878978, 'heterds@Hotmail.com', '(556) 456-7888', '45646545544', '2023-12-21', 160, '2024-04-09 18:01:02', '2024-04-09 23:01:02'),
(120, 'Angy iglesia', 8878978, 'hetetrds@Hotmail.com', '(788) 987-9546', '45646545544', '2012-11-23', 18, '2024-02-23 16:00:11', '2024-02-23 21:00:11'),
(121, 'Laura iglesia', 45645123, 'dsdsaa@Hotmail.com', '(455) 456-6545', '4564654554', '2054-06-05', 17, '2024-02-23 16:02:06', '2024-02-23 21:02:06'),
(122, 'Pastora iglesia', 456451232, 'sddsf@Hotmail.com', '(767) 254-5535', '45646545544', '2012-04-21', 31, '2024-02-24 20:00:22', '2024-02-25 01:00:22'),
(123, 'MARVIN SON PASTOR', 23534, 'sddsf@Hotmail.com', '(234) 523-4534', '45646545544', '2022-04-23', 31, '2024-02-25 11:32:57', '2024-02-25 16:33:46'),
(124, 'Yasmin tia', 2353432, 'sdds2ef@Hotmail.com', '(123) 241-2341', '456465455442', '2034-02-03', 34, '2024-02-26 12:23:57', '2024-02-26 17:23:57'),
(125, 'Doña Darlyn', 23534322, 'darl@Hotmail.com', '(321) 235-6456', '4564654554422', '2002-02-02', 1655, '2024-06-02 17:04:10', '2024-06-02 22:04:10'),
(126, 'Dalniela', 2231554, 'lilina@hotmail.com', '(256) 964-1312', '435234gfdf', '2022-02-10', 24, '2024-03-03 12:30:31', '2024-03-03 17:30:31'),
(127, 'Mirella t', 1656456, 'miera@hotmail.com', '(898) 975-5654', 'sdafsd8', '2000-02-02', 0, '0000-00-00 00:00:00', '2024-03-07 18:20:23'),
(128, 'cliente', 2313245, 'clientee@hotmail.com', '(878) 788-6877', 'sdafsd8ds', '2000-02-02', 3183, '2024-06-02 16:58:31', '2024-06-02 21:58:31'),
(129, 'yulian', 313212, 'clisentee@hotmail.com', '(213) 133-3231', 'sdafsd8dsw', '2020-02-12', 30, '2024-03-03 13:29:59', '2024-03-03 18:29:59'),
(130, 'jenny cuña', 2123155, 'jenny@hotmail.com', '(345) 645-1321', '12ds1f2', '2020-02-20', 17, '2024-03-03 13:41:30', '2024-03-03 18:41:30'),
(131, 'MAUREN', 345352345, 'mauren@hotmail.com', '(424) 532-4345', '435234gf', '2034-04-05', 148, '2024-05-26 16:14:43', '2024-05-26 21:14:43'),
(132, 'evelyn vecina', 423523451, 'eeve@hotmail.com', '(344) 353-4243', '42rr334', '2032-03-23', 33, '2024-03-07 21:36:44', '2024-03-08 02:36:44'),
(133, 'Abogado vecino', 2147483647, 'abogadod@hotmail.com', '(345) 234-5234', '435234gf34', '2034-05-03', 17, '2024-03-13 14:45:58', '2024-03-13 19:45:58'),
(134, 'doña denys', 2147483647, 'ddenis@hotmail.com', '(345) 234-5345', '435234gf', '2033-04-05', 128, '2024-04-07 18:44:57', '2024-04-07 23:44:57'),
(135, 'hector bellavista', 43345435, 'hector@hotmail.com', '(233) 243-2443', '435234gf443', '2032-04-23', 112, '2024-03-23 11:34:17', '2024-03-23 16:34:17'),
(426, 'Juan', 23452345, 'dfgdhghj@dsgs.com', '(213) 254-5642', 'dg3443d', '2023-02-04', 143, '2024-05-03 19:21:54', '2024-05-04 00:21:54'),
(427, 'Aura cctv', 2354, 'fgdh@dsgs.com', '(456) 456-4565', 'dg34434', '2025-05-31', 63, '2024-03-23 08:20:51', '2024-03-23 13:20:51'),
(428, 'trabajador pretel', 234523453, 'fbj@dsgs.com', '(323) 453-4534', 'dg3443df', '2025-02-05', 0, '0000-00-00 00:00:00', '2024-03-21 18:59:03'),
(429, 'JASMIN DOÑA CECILIA', 55464564, 'JASMIN@dsgs.com', '(257) 878-7878', 'dg3443dfSD', '2021-02-12', 173, '2024-05-03 19:04:23', '2024-05-04 00:04:23'),
(430, 'KELY IGLESIA', 2147483647, 'KELY@dsgs.com', '(354) 564-5454', 'dg3443dfSDJHU', '2021-02-04', 63, '2024-03-23 14:58:04', '2024-03-23 19:58:04'),
(431, 'Edgar nilsa', 2147483647, 'KE2LY@dsgs.com', '(234) 234-2342', 'dg3443dfSDJHU2', '2034-02-03', 32, '2024-03-25 20:43:48', '2024-03-26 01:43:48'),
(432, 'Hector cctv', 2147483647, 'Hectorcc@dsgs.com', '(122) 311-2321', 'dg3443dfSDJHU232', '2032-03-04', 39, '2024-05-11 08:17:39', '2024-05-11 13:17:39'),
(433, 'Fabian', 2147483647, 'Hectorcc@dsgs.com', '(323) 534-5345', 'dfgd', '2034-02-03', 21, '2024-03-29 18:31:51', '2024-03-29 23:31:51'),
(434, 'Manrrique', 2147483647, 'manrrique@dsgs.com', '(223) 323-2423', 'dfgd32', '2032-04-23', 17, '2024-03-30 16:24:31', '2024-03-30 21:24:31'),
(435, 'Flower', 43435435, 'manrrique@dsgs.com', '(435) 345-3455', 'dfgd323', '2034-02-03', 17, '2024-03-31 06:09:44', '2024-03-31 11:09:44'),
(436, 'Yuni', 323232, 'yuni@dsgs.com', '(321) 342-3423', 'dfgd323', '2033-02-03', 77, '2024-04-12 17:42:20', '2024-04-12 22:42:20'),
(437, 'tia yuni', 323232, 'yuni@dsgs.com', '(212) 431-2431', 'dfgd323', '2022-04-05', 32, '2024-04-05 13:54:02', '2024-04-05 18:54:02'),
(438, 'luis miguel', 3232323, 'miguel@dsgs.com', '(233) 242-3423', 'dfgd3233', '2024-04-30', 32, '2024-04-05 13:56:13', '2024-04-05 18:56:13'),
(439, 'Mono bigan', 2147483647, 'mo2@hotmail.com', '(345) 345-6344', 'calle 5A crr 70-3243', '2034-05-31', 77, '2024-04-26 22:27:36', '2024-04-27 03:27:36'),
(440, 'isabella acin', 332434, 'ASsdaD@hotmail.com', '(425) 145-4354', 'calle 5A crr 70-323', '2032-03-04', 32, '2024-04-26 22:32:01', '2024-04-27 03:32:01'),
(441, 'Pala taxi', 2147483647, 'pataxi@hotmail.com', '(344) 534-3453', 'calle 5A 34crr 70-32434', '2034-03-31', 34, '2024-04-29 23:21:43', '2024-04-30 04:21:43'),
(442, 'Brando english teacher', 2147483647, 'engli@hotmail.com', '(231) 565-4451', 'calle 5A 34crr 70-32434', '2032-04-23', 46, '2024-05-03 19:09:27', '2024-05-04 00:09:27'),
(443, 'cordinadora english teacher', 453533453, 'dfsg@hotmail.com', '(345) 345-4354', 'calle 5A 34crr 70-324344', '2034-05-31', 17, '2024-05-03 19:14:21', '2024-05-04 00:14:21'),
(444, 'compañera english teacher', 345345322, 'dfdseg@hotmail.com', '(213) 452-3453', '345245345', '2033-04-30', 34, '2024-05-03 19:21:18', '2024-05-04 00:21:18'),
(445, 'Jey barbero', 33453, 'fgdd@hotmail.com', '(345) 324-5345', '3453254', '2034-03-31', 17, '2024-05-04 22:03:00', '2024-05-05 03:03:00'),
(446, 'peluco from Jey barbero ', 3345323, 'dssadd@hotmail.com', '(234) 234-3244', '345325432', '2034-04-30', 15, '2024-05-04 22:03:38', '2024-05-05 03:03:38'),
(447, 'peluco from Jey barbero ', 3345323, 'dssadd@hotmail.com', '(234) 214-3123', '23412eweq', '2032-04-23', 0, '0000-00-00 00:00:00', '2024-05-05 03:12:42'),
(448, 'secretaria acdin', 3345323, 'jhadd@hotmail.com', '(887) 412-1321', '23412eweq', '2000-01-01', 34, '2024-05-06 21:47:23', '2024-05-07 02:47:23'),
(449, 'Felipe heilen', 33453233, 'jhwadd@hotmail.com', '(434) 435-3444', '23412ewd', '2011-12-11', 151, '2024-05-28 22:52:49', '2024-05-29 03:52:49'),
(450, 'Jhenifer friend love', 6567575, 'j2@hotmail.com', '(455) 645-4433', 'calle 5A crr 70-324456', '2022-02-24', 0, '0000-00-00 00:00:00', '2024-05-11 12:54:03'),
(451, 'KATHE LOTION', 2147483647, 'JKAR@dsgs.com', '(435) 321-2423', '456434', '2011-12-12', 49, '2024-05-11 22:19:56', '2024-05-12 03:19:56'),
(452, 'ZULMA', 14546454, 'XZZR@dsgs.com', '(879) 874-3231', 'SDFASF4', '2012-12-11', 90, '2024-05-11 22:35:00', '2024-05-12 03:35:00'),
(453, 'NADIA LOTION', 554643, 'NAR@dsgs.com', '(455) 424-5234', '4564342', '2012-12-21', 59, '2024-05-15 21:10:31', '2024-05-16 02:10:31'),
(454, 'WILINTON MARANNATA', 5546433, 'WI@dsgs.com', '(233) 423-2342', '45643422', '2032-04-23', 17, '2024-05-13 08:55:07', '2024-05-13 13:55:07'),
(455, 'JHON VECINO SOCIEDAD', 55464333, 'DSA@dsgs.com', '(234) 234-2234', '4564342232', '2034-03-04', 31, '2024-05-13 15:44:28', '2024-05-13 20:44:28'),
(456, 'UVER', 4563443, 'DSFD@dsgs.com', '(434) 353-2452', '4564342232G', '2034-05-31', 83, '2024-05-13 15:48:03', '2024-05-13 20:48:03'),
(457, 'SOCIOLOGA UNIPAC', 778768, 'UMUT@dsgs.com', '(523) 455-4564', '4564342232GFG', '2011-11-11', 137, '2024-05-13 15:34:56', '2024-05-13 20:34:56'),
(458, 'Cesar u lociones', 8793454, 'cesaru@hotmail.com', '(656) 545-4212', '54654', '2011-11-11', 17, '2024-05-23 22:23:18', '2024-05-24 03:23:18'),
(459, 'friend don raf', 65444, 'fr5@dsgs.com', '(236) 556-9895', '4564654554j', '2011-11-11', 34, '2024-05-28 22:55:10', '2024-05-29 03:55:10');

-- --------------------------------------------------------

--
-- Estructura de tabla para la tabla `gastos`
--

CREATE TABLE `gastos` (
  `id` int(50) NOT NULL,
  `vendedor` int(50) NOT NULL,
  `valor` int(50) NOT NULL,
  `descripcion` varchar(500) NOT NULL,
  `fecha` timestamp NOT NULL DEFAULT current_timestamp()
) ENGINE=InnoDB DEFAULT CHARSET=utf8mb4 COLLATE=utf8mb4_general_ci;

--
-- Volcado de datos para la tabla `gastos`
--

INSERT INTO `gastos` (`id`, `vendedor`, `valor`, `descripcion`, `fecha`) VALUES
(1, 1, 50000, 'se compro tres distintos aparatos', '2024-05-08 03:19:57'),
(2, 1, 50000, 'se compro distintos aparatos', '2024-05-08 03:19:57'),
(3, 1, 50000, 'ok se hizo otra prueba', '2024-05-08 03:20:56'),
(6, 1, 10500, 'listo', '2024-05-28 18:01:50'),
(8, 1, 10000, 'descuento de productos', '2024-06-27 15:14:00'),
(10, 1, 10000, 'po', '2024-07-20 15:07:34');

-- --------------------------------------------------------

--
-- Estructura de tabla para la tabla `productos`
--

CREATE TABLE `productos` (
  `id` int(11) NOT NULL,
  `id_categoria` int(11) NOT NULL,
  `codigo` varchar(20) NOT NULL,
  `descripcion` text NOT NULL,
  `imagen` text NOT NULL,
  `stock` int(11) NOT NULL,
  `precio_compra` float NOT NULL,
  `precio_venta` float NOT NULL,
  `ventas` int(11) NOT NULL,
  `fecha` timestamp NOT NULL DEFAULT current_timestamp() ON UPDATE current_timestamp(),
  `stock_t` int(20) NOT NULL
) ENGINE=InnoDB DEFAULT CHARSET=utf8 COLLATE=utf8_spanish_ci;

--
-- Volcado de datos para la tabla `productos`
--

INSERT INTO `productos` (`id`, `id_categoria`, `codigo`, `descripcion`, `imagen`, `stock`, `precio_compra`, `precio_venta`, `ventas`, `fecha`, `stock_t`) VALUES
(1, 23, 'Singler', 'Singler 30 ML', 'vistas/img/productos/default/anonymous.png', 81, 1850, 4000, 494, '2024-06-02 22:04:10', 120),
(2, 25, 'ROLL3', 'Rollon 3 ml', 'vistas/img/productos/default/anonymous.png', 34, 362, 700, 66, '2024-05-28 03:35:17', 500),
(3, 25, 'Perf', 'Perfume 3 ml', 'vistas/img/productos/default/anonymous.png', 99, 680, 1400, 1, '2023-12-17 21:30:44', 500),
(4, 25, 'alcoho', 'Alcohol l', 'vistas/img/productos/default/anonymous.png', 7000, 40, 80, 3243, '2024-03-20 12:52:52', 7000),
(5, 23, 'oatlant', 'atlantic 30ml', 'vistas/img/productos/default/anonymous.png', 167, 1160, 2350, 126, '2024-06-02 12:55:10', 144),
(6, 23, 'invic30m', 'invitus 30ml', 'vistas/img/productos/default/anonymous.png', 1, 3300, 6000, 3, '2024-02-10 01:45:43', 12),
(7, 23, 'frastac', 'tacon 30ml', 'vistas/img/productos/default/anonymous.png', 78, 4300, 8600, 36, '2024-06-02 12:55:10', 100),
(8, 23, 'alcalbr', 'Alcala bri 30ml', 'vistas/img/productos/default/anonymous.png', 3, 3300, 4600, 0, '2023-11-25 14:34:13', 12),
(9, 23, 'manz', 'manzana 30ml', 'vistas/img/productos/default/anonymous.png', 72, 2400, 5000, 26, '2024-05-29 03:52:49', 90),
(10, 24, 'iris', 'Iris 50ml', 'vistas/img/productos/default/anonymous.png', 0, 4300, 7000, 8, '2024-05-28 03:35:17', 12),
(11, 24, 'xeroff', 'Xeroff 50ml', 'vistas/img/productos/default/anonymous.png', 92, 5000, 10000, 11, '2024-05-13 20:34:56', 100),
(12, 24, 'salva', 'Salvaje 50ml', 'vistas/img/productos/default/anonymous.png', 3, 4300, 8500, 0, '2023-11-20 01:41:31', 12),
(13, 24, 'alcala', 'Alcala 50ml', 'vistas/img/productos/default/anonymous.png', 1, 2000, 4000, 2, '2024-06-02 12:46:10', 12),
(14, 24, 'jean5', 'Jean Poul 50ml', 'vistas/img/productos/default/anonymous.png', 109, 2900, 7000, 19, '2024-05-28 03:35:17', 120),
(15, 24, 'boos5', 'Boss 50ml', 'vistas/img/productos/default/anonymous.png', 2, 3500, 6000, 1, '2024-05-13 20:52:10', 12),
(16, 24, 'flaw50', 'Flaw 50ml', 'vistas/img/productos/default/anonymous.png', 90, 3000, 7000, 13, '2024-05-28 03:35:17', 100),
(17, 24, 'invi50', 'Invitus 50ml', 'vistas/img/productos/default/anonymous.png', 67, 3600, 8000, 18, '2024-06-02 12:46:10', 80),
(18, 24, 'cart50', 'cartier 60ml', 'vistas/img/productos/default/anonymous.png', 1, 3000, 6000, 2, '2024-03-23 13:15:00', 12),
(19, 24, 'alcala60', 'Alcala 60ml', 'vistas/img/productos/default/anonymous.png', 0, 3200, 6000, 3, '2024-05-13 20:52:10', 12),
(20, 24, 'singler60', 'Singler 60ml', 'vistas/img/productos/default/anonymous.png', 2, 3000, 6000, 2, '2024-04-30 04:11:22', 12),
(21, 21, 'RITCHIE', 'ONE MILLON', 'vistas/img/productos/default/anonymous.png', 457, 185, 600, 243, '2024-05-29 03:57:17', 500),
(22, 22, 'The01', 'The-One-Dama', 'vistas/img/productos/default/anonymous.png', 154, 280, 600, 46, '2024-05-09 13:32:16', 200),
(23, 22, 'PATAPOUF', 'PARIS HILTON', 'vistas/img/productos/default/anonymous.png', 436, 190, 600, 273, '2024-05-20 12:26:36', 500),
(24, 21, '212vi', '212-Vip-black', 'vistas/img/productos/default/anonymous.png', 107, 280, 600, 93, '2024-04-03 02:36:10', 200),
(25, 22, 'coc', 'CocoNut Pasion', 'vistas/img/productos/default/anonymous.png', 535, 158, 600, 392, '2024-05-24 03:55:51', 500),
(26, 21, 'AFRODIS', 'BLACK XS AFRODISIACA', 'vistas/img/productos/default/anonymous.png', 510, 191, 600, 204, '2024-05-13 20:44:28', 200),
(27, 22, 'BELLA', 'LA VIDA ES BELLA', 'vistas/img/productos/default/anonymous.png', 489, 200, 600, 354, '2024-05-29 03:57:18', 500),
(28, 21, 'Dies', 'Diesel Plus', 'vistas/img/productos/default/anonymous.png', 184, 280, 600, 16, '2024-04-16 02:30:09', 200),
(29, 21, 'Lacos', 'Lacoste-Red', 'vistas/img/productos/default/anonymous.png', 138, 280, 600, 62, '2024-04-21 02:03:17', 200),
(30, 21, 'Eterni', 'Eternity', 'vistas/img/productos/default/anonymous.png', 144, 280, 600, 56, '2024-01-30 04:23:11', 200),
(31, 21, 'osad', 'Osadia', 'vistas/img/productos/default/anonymous.png', 335, 260, 600, 123, '2024-06-02 12:55:10', 200),
(32, 21, 'Tom', 'Tommy', 'vistas/img/productos/default/anonymous.png', 169, 280, 600, 45, '2024-05-05 03:11:32', 200),
(33, 21, 'GASPACHO', 'Ultra Male', 'vistas/img/productos/default/anonymous.png', 243, 235, 600, 457, '2024-06-02 12:55:10', 500),
(34, 25, 'frew', 'Feromonas', 'vistas/img/productos/default/anonymous.png', 397, 80, 1000, 112, '2024-06-02 12:46:10', 500),
(35, 25, 'sadfwe', 'Sellador', 'vistas/img/productos/default/anonymous.png', 207, 80, 160, 308, '2024-02-25 16:27:18', 500),
(36, 25, '32ewfbhj', 'Bolso Perfumero', 'vistas/img/productos/default/anonymous.png', 5, 11500, 27000, 9, '2024-05-12 03:03:15', 12),
(37, 21, 'boss', 'boss orange', 'vistas/img/productos/default/anonymous.png', 502, 200, 600, 330, '2024-06-02 12:55:10', 300),
(38, 25, 'fundas', 'fundas de colores', 'vistas/img/productos/default/anonymous.png', 636, 250, 500, 450, '2024-06-02 22:04:10', 1000),
(39, 22, 'jado', 'jadore dama', 'vistas/img/productos/default/anonymous.png', 530, 205, 600, 148, '2024-05-24 03:41:51', 200),
(40, 22, 'cancan', 'can can dama', 'vistas/img/productos/default/anonymous.png', 136, 230, 600, 156, '2024-05-17 13:34:08', 200),
(41, 22, 'POPPIS CORAL', '360 coral by perry', 'vistas/img/productos/default/anonymous.png', 220, 290, 600, 61, '2024-02-29 21:54:49', 200),
(42, 21, 'MARCEL TOY', 'TOY BOY', 'vistas/img/productos/default/anonymous.png', 270, 210, 600, 454, '2024-05-28 03:35:17', 500),
(44, 22, '212viprose', '212 vip rose', 'vistas/img/productos/default/anonymous.png', 281, 200, 600, 64, '2024-04-07 23:30:15', 300),
(45, 22, 'OLIMPICA', 'olimpea', 'vistas/img/productos/default/anonymous.png', 504, 206, 600, 253, '2024-06-02 12:55:10', 200),
(46, 22, 'lightwe', 'Light Blue', 'vistas/img/productos/default/anonymous.png', 197, 280, 600, 15, '2023-12-24 21:38:11', 200),
(47, 21, 'lowe', 'lowey 7', 'vistas/img/productos/default/anonymous.png', 39, 280, 600, 168, '2024-05-30 03:39:05', 200),
(48, 21, 'blacklece', 'Black xs lece', 'vistas/img/productos/default/anonymous.png', 35, 220, 600, 207, '2024-05-24 03:55:51', 300),
(50, 22, 'taijs', 'Taj Sunset', 'vistas/img/productos/default/anonymous.png', 163, 250, 600, 137, '2024-05-24 03:30:47', 200),
(51, 21, 'TROYEN', '360 CABALLERO', 'vistas/img/productos/default/anonymous.png', 443, 180, 600, 211, '2024-06-02 22:04:10', 500),
(52, 21, 'eross', 'Eros caballero', 'vistas/img/productos/default/anonymous.png', 237, 250, 600, 131, '2024-04-21 02:06:37', 200),
(53, 21, 'VICTIS MAN', '212 vip', 'vistas/img/productos/default/anonymous.png', 170, 190, 600, 426, '2024-06-02 12:55:10', 200),
(54, 21, 'angel1', 'Angel Thery Caballero', 'vistas/img/productos/default/anonymous.png', 368, 216, 600, 672, '2024-06-02 22:04:10', 300),
(56, 21, 'RUGGERO', 'INVICTUS', 'vistas/img/productos/default/anonymous.png', 433, 220, 600, 933, '2024-06-02 12:55:10', 500),
(57, 22, 'HELLADE', 'Heires dama', 'vistas/img/productos/default/anonymous.png', 119, 210, 600, 189, '2024-05-17 13:34:09', 200),
(58, 21, 'amb', 'Amber Gold', 'vistas/img/productos/default/anonymous.png', 426, 220, 600, 475, '2024-06-02 12:46:10', 200),
(59, 22, 'amore', 'Amor Amor', 'vistas/img/productos/default/anonymous.png', 156, 200, 600, 72, '2024-05-11 12:49:13', 200),
(60, 21, 'fac', 'Faconable', 'vistas/img/productos/default/anonymous.png', 241, 280, 600, 524, '2024-06-02 22:04:10', 200),
(61, 22, 'LUISA', 'Lolita Lempica', 'vistas/img/productos/default/anonymous.png', 266, 230, 600, 14, '2024-02-26 17:39:00', 200),
(62, 22, 'angeld', 'Angel Dama', 'vistas/img/productos/default/anonymous.png', 178, 230, 600, 59, '2024-05-13 20:34:56', 200),
(63, 21, 'solo', 'Solo Yambal', 'vistas/img/productos/default/anonymous.png', 0, 300, 600, 522, '2024-05-12 03:13:07', 200),
(64, 21, 'iss', 'issey Miyake', 'vistas/img/productos/default/anonymous.png', 71, 280, 600, 165, '2024-06-02 12:55:10', 300),
(65, 22, 'HEBICUS', 'Carolina Herera', 'vistas/img/productos/default/anonymous.png', 261, 220, 600, 638, '2024-06-02 12:55:10', 500),
(66, 22, 'PETUNIA', '360 dama tradicional', 'vistas/img/productos/default/anonymous.png', 429, 190, 600, 317, '2024-05-20 12:19:45', 300),
(67, 24, 'HEART', 'CORAZON 60 ML', 'vistas/img/productos/default/anonymous.png', 135, 2900, 6000, 12, '2024-05-26 21:11:53', 12),
(68, 24, 'WILD', 'SALVAJE 50ML', 'vistas/img/productos/default/anonymous.png', 3, 5000, 10000, 0, '2024-01-21 03:37:07', 12),
(69, 21, 'HAWAI', 'Hugo Boss', 'vistas/img/productos/default/anonymous.png', 438, 183, 600, 183, '2024-06-02 21:58:31', 300),
(71, 22, '273', '273 dama', 'vistas/img/productos/default/anonymous.png', 472, 280, 600, 168, '2024-05-16 02:07:40', 200),
(72, 22, 'DANNY', '212 sexy', 'vistas/img/productos/default/anonymous.png', 290, 220, 600, 60, '2024-02-26 17:37:25', 200),
(73, 22, '360purple', '360 purple dama', 'vistas/img/productos/default/anonymous.png', 135, 440, 1000, 15, '2024-05-12 03:03:15', 200),
(74, 22, 'GUDIS', 'GOOD GIRL', 'vistas/img/productos/default/anonymous.png', 471, 200, 600, 666, '2024-06-02 12:55:10', 500),
(75, 22, 'chanel', 'CHANEL DAMA', 'vistas/img/productos/default/anonymous.png', 300, 265, 600, 177, '2024-05-24 03:39:58', 200),
(76, 22, 'CK IN 2U', 'CK IN 2U', 'vistas/img/productos/default/anonymous.png', 135, 220, 600, 15, '2024-02-17 02:51:09', 200),
(77, 22, 'CRAZY', 'LOQUITO POR TI DAMA', 'vistas/img/productos/default/anonymous.png', 520, 220, 600, 302, '2024-05-24 03:42:45', 200),
(78, 22, 'OMNIA', 'OMNIA CRYSTALLINE DAMA', 'vistas/img/productos/default/anonymous.png', 150, 230, 600, 0, '2023-12-24 21:13:56', 200),
(79, 22, 'ROCK SHAKIRA', 'ROCK SHAKIRA DAMA', 'vistas/img/productos/default/anonymous.png', 132, 250, 600, 18, '2024-06-02 12:55:10', 200),
(80, 22, 'SOFIA', 'SOFIA VERGARA DAMA', 'vistas/img/productos/default/anonymous.png', 137, 220, 600, 13, '2024-04-20 13:29:44', 200),
(81, 22, 'CIELO', 'CIELO YAMBAL DAMA', 'vistas/img/productos/default/anonymous.png', 79, 210, 600, 300, '2024-05-04 00:04:23', 200),
(82, 21, 'DOS SANTOS', '212 CABALLERO', 'vistas/img/productos/default/anonymous.png', 505, 250, 600, 145, '2024-06-02 22:04:10', 200),
(84, 21, 'WILD PARTY', '212 VIP WILD PARTY CABALLERO', 'vistas/img/productos/default/anonymous.png', 120, 220, 600, 30, '2024-04-07 23:44:57', 200),
(85, 21, 'BLACK XS', 'BLACK XS', 'vistas/img/productos/default/anonymous.png', 42, 220, 600, 158, '2024-05-22 03:43:50', 200),
(86, 21, 'BVULGARY', 'BVULGARY', 'vistas/img/productos/default/anonymous.png', 102, 220, 600, 48, '2024-04-07 23:57:49', 200),
(87, 21, 'CK IN 2U C', 'CK IN 2U CABALLERO', 'vistas/img/productos/default/anonymous.png', 150, 220, 600, 0, '2023-12-24 21:24:14', 200),
(88, 21, 'DECLARATION', 'DECLARATION CABALLERO', 'vistas/img/productos/default/anonymous.png', 135, 230, 600, 15, '2024-01-03 01:21:00', 200),
(89, 21, 'INSURATION', 'INSURATION CABALLERO', 'vistas/img/productos/default/anonymous.png', 585, 230, 600, 60, '2024-05-13 14:05:04', 200),
(90, 21, 'JEAN PAUL', 'JEAN PAUL GAULTIER CABALLERO', 'vistas/img/productos/default/anonymous.png', 120, 250, 600, 30, '2024-02-17 02:21:48', 200),
(91, 21, 'LAPIDUS', 'LAPIDUS CABALLERO', 'vistas/img/productos/default/anonymous.png', 230, 205, 600, 120, '2024-06-02 12:46:10', 200),
(92, 21, 'M7', 'M7 CABALLERO', 'vistas/img/productos/default/anonymous.png', 67, 260, 600, 182, '2024-05-30 03:39:05', 200),
(93, 21, 'NAUTICA VOYAGE', 'NAUTICA VOYAGE CABALLERO', 'vistas/img/productos/default/anonymous.png', 135, 280, 600, 15, '2024-03-11 03:25:50', 200),
(94, 21, 'DORSAY', 'DORSAY CABALLERO', 'vistas/img/productos/default/anonymous.png', 432, 280, 600, 173, '2024-06-02 22:04:10', 200),
(95, 22, 'LADY MILLION', 'LADY MILLION', 'vistas/img/productos/default/anonymous.png', 143, 200, 600, 57, '2024-05-11 12:49:13', 200),
(96, 21, 'BHARA', 'BHARARA KINGS', 'vistas/img/productos/default/anonymous.png', 494, 300, 600, 263, '2024-05-16 02:10:31', 200),
(97, 21, 'FURIOSO', 'FARENHEIT CABALLERO', 'vistas/img/productos/default/anonymous.png', 366, 227, 600, 331, '2024-05-28 03:35:17', 200),
(98, 25, 'acesorios', 'MALETIN PERFUMES XUXA', 'vistas/img/productos/default/anonymous.png', 12, 17000, 34000, 0, '2024-01-19 04:01:18', 12),
(99, 21, 'SANSON', 'ANIMAL CABALLERO', 'vistas/img/productos/default/anonymous.png', 171, 210, 600, 29, '2024-05-13 20:38:52', 200),
(100, 21, 'RONNY', 'CRISITIANO CR7', 'vistas/img/productos/default/anonymous.png', 185, 200, 600, 15, '2024-05-07 02:42:22', 200),
(101, 21, 'DRISS', 'FUEL FOR LIFE', 'vistas/img/productos/default/anonymous.png', 168, 200, 600, 32, '2024-05-17 13:34:09', 200),
(102, 21, 'LEOPOLD BLACK', 'BVULGARY MAN IN BLACK', 'vistas/img/productos/default/anonymous.png', 185, 230, 600, 15, '2024-05-05 03:13:32', 200),
(103, 22, 'OLGA PINK', 'OMNIA CORAL', 'vistas/img/productos/default/anonymous.png', 185, 210, 600, 15, '2024-02-23 21:00:11', 200),
(104, 21, 'CEBU', 'CK ONE', 'vistas/img/productos/default/anonymous.png', 185, 210, 600, 15, '2024-02-17 02:24:12', 200),
(105, 21, 'CHILD NIGHT', 'BAD BOY', 'vistas/img/productos/default/anonymous.png', 350, 220, 600, 128, '2024-05-24 03:41:23', 200),
(106, 21, 'COSTA BRAVA', 'EUPHORIA', 'vistas/img/productos/default/anonymous.png', 200, 210, 600, 0, '2024-01-19 04:23:48', 200),
(107, 21, 'BORNEO TONY', 'BVULGARY AQVA', 'vistas/img/productos/default/anonymous.png', 154, 210, 600, 46, '2024-04-11 23:58:26', 200),
(108, 21, 'CARTIER', 'EAU D CARTIER', 'vistas/img/productos/default/anonymous.png', 181, 210, 600, 19, '2024-03-23 13:20:51', 200),
(109, 21, 'GLENN', 'AQUA DI GIO', 'vistas/img/productos/default/anonymous.png', 130, 210, 600, 70, '2024-06-02 12:55:10', 200),
(110, 21, 'NICHO BARCAT', 'BACCARAT ROUGE 540 UNISEX', 'vistas/img/productos/default/anonymous.png', 6, 280, 600, 194, '2024-05-24 03:35:20', 200),
(111, 22, 'NICHO ARAY', 'YARA DAMA', 'vistas/img/productos/default/anonymous.png', 56, 310, 600, 435, '2024-05-30 03:39:05', 300),
(112, 21, 'SAUVAGE', 'SAUVAGE MAN', 'vistas/img/productos/default/anonymous.png', 147, 220, 600, 12, '2024-02-12 22:32:16', 200),
(113, 22, 'FANTASY', 'FANTASY MIDNIGHT', 'vistas/img/productos/default/anonymous.png', 300, 220, 600, 15, '2024-03-20 12:43:06', 200),
(114, 21, 'wins', '212 VIP WINS', 'vistas/img/productos/default/anonymous.png', 485, 190, 600, 112, '2024-04-05 18:56:13', 500),
(115, 25, 'BOLSAS', 'BOLSAS BOUQUE', 'vistas/img/productos/default/anonymous.png', 885, 330, 670, 115, '2024-06-02 12:55:10', 1000),
(116, 21, 'LEMALE', 'LEMALE', 'vistas/img/productos/default/anonymous.png', 268, 220, 600, 13, '2024-03-11 13:01:49', 200),
(117, 21, 'OMB NOMADA', 'OMBRE NOMADA', 'vistas/img/productos/default/anonymous.png', 135, 230, 600, 164, '2024-05-28 03:35:17', 300),
(118, 21, 'TROYEN RED', '360 RED CABALLERO', 'vistas/img/productos/default/anonymous.png', 100, 210, 600, 0, '2024-02-12 22:40:40', 200),
(119, 21, 'IGLESIA', 'ADRENALINA', 'vistas/img/productos/default/anonymous.png', 310, 210, 600, 90, '2024-05-12 02:52:51', 200),
(120, 21, 'DELTA', 'DOLCE GABBANA', 'vistas/img/productos/default/anonymous.png', 100, 220, 600, 0, '2024-02-12 22:42:21', 200),
(121, 21, 'RITCHIE LUCKI', 'ONE MILLION  LUCKI', 'vistas/img/productos/default/anonymous.png', 475, 245, 600, 60, '2024-05-17 13:34:09', 200),
(122, 22, 'BOMBON', 'BOMBON', 'vistas/img/productos/default/anonymous.png', 54, 320, 600, 46, '2024-05-04 00:12:06', 200),
(123, 22, 'GAIA', 'GAIA', 'vistas/img/productos/default/anonymous.png', 207, 230, 600, 141, '2024-05-13 20:34:56', 300),
(124, 21, 'XANDICO', 'BLACK XS LOS ANGELES', 'vistas/img/productos/default/anonymous.png', 170, 210, 600, 30, '2024-03-23 20:05:48', 200),
(125, 21, 'SYLVESTRE', 'SWISS ARMY', 'vistas/img/productos/default/anonymous.png', 200, 225, 600, 0, '2024-02-26 17:47:52', 200),
(126, 21, 'OHM', 'OHM', 'vistas/img/productos/default/anonymous.png', 139, 210, 600, 61, '2024-06-02 12:55:10', 200),
(129, 26, '1272', 'ARRURU', 'vistas/img/productos/default/anonymous.png', 200, 186, 600, 0, '2024-03-06 13:35:24', 200),
(130, 26, '1278', 'CAPITAN AMERICA', 'vistas/img/productos/default/anonymous.png', 200, 186, 600, 0, '2024-03-06 13:29:49', 200),
(132, 27, '12783', 'PRINCESA SOFIA', 'vistas/img/productos/default/anonymous.png', 200, 186, 600, 0, '2024-03-06 13:30:52', 200),
(133, 27, '12787', 'FROZEN', 'vistas/img/productos/default/anonymous.png', 200, 186, 600, 0, '2024-03-06 13:31:17', 200),
(134, 21, 'TALSAN', 'SANTAL 33', 'vistas/img/productos/default/anonymous.png', 181, 245, 600, 19, '2024-03-06 13:48:43', 200),
(135, 22, 'CORY', 'CORY PASSION', 'vistas/img/productos/default/anonymous.png', 76, 245, 600, 124, '2024-06-02 21:58:31', 200),
(137, 21, 'CAROLINA MAN', 'CAROLINA HERRERA CABALLERO', 'vistas/img/productos/default/anonymous.png', 221, 240, 600, 29, '2024-05-11 12:49:13', 250),
(138, 25, 'PLASTICOS10ML', 'GOTERO 10ML', 'vistas/img/productos/default/anonymous.png', 96, 310, 700, 4, '2024-06-02 12:55:10', 100),
(139, 25, 'PLASTICOS20ML', 'GOTERO 20ML', 'vistas/img/productos/default/anonymous.png', 99, 410, 900, 1, '2024-05-25 22:06:14', 100),
(140, 21, 'REEDSP', 'PEPINO LIMON', 'vistas/img/productos/default/anonymous.png', 250, 80, 300, 0, '2024-04-23 12:23:51', 250),
(141, 21, 'REEDSB', 'BERRIES', 'vistas/img/productos/default/anonymous.png', 249, 80, 300, 1, '2024-07-20 15:04:32', 250),
(142, 22, 'REEDSF', 'FRUTOS ROJOS', 'vistas/img/productos/default/anonymous.png', 250, 80, 300, 0, '2024-04-23 12:25:07', 250),
(143, 22, 'REEDSC', 'CANELA', 'vistas/img/productos/default/anonymous.png', 230, 80, 300, 20, '2024-05-25 22:06:14', 250),
(144, 21, 'NICHO AMATHYS', 'AMATHYS LATTAFA', 'vistas/img/productos/default/anonymous.png', 149, 250, 600, 345, '2024-06-02 12:55:10', 200),
(145, 21, 'NICHO OUD FOR', 'OUD FOR GLORY LATTAFA', 'vistas/img/productos/default/anonymous.png', 43, 250, 600, 157, '2024-05-26 21:13:19', 200),
(146, 21, 'MONDEGO', 'MONTANA', 'vistas/img/productos/default/anonymous.png', 168, 230, 600, 32, '2024-07-20 03:46:08', 300),
(147, 21, 'ANTARES', 'AZZARO', 'vistas/img/productos/default/anonymous.png', 286, 225, 600, 14, '2024-07-20 03:44:27', 300),
(148, 21, 'CALOGERO', 'CREED SILVER MONTAING', 'vistas/img/productos/default/anonymous.png', 132, 220, 600, 18, '2024-07-20 15:05:29', 200);

-- --------------------------------------------------------

--
-- Estructura de tabla para la tabla `usuarios`
--

CREATE TABLE `usuarios` (
  `id` int(11) NOT NULL,
  `nombre` text NOT NULL,
  `usuario` text NOT NULL,
  `password` text NOT NULL,
  `perfil` text NOT NULL,
  `foto` text NOT NULL,
  `estado` int(11) NOT NULL,
  `ultimo_login` datetime NOT NULL,
  `fecha` timestamp NOT NULL DEFAULT current_timestamp() ON UPDATE current_timestamp()
) ENGINE=InnoDB DEFAULT CHARSET=utf8 COLLATE=utf8_spanish_ci;

--
-- Volcado de datos para la tabla `usuarios`
--

INSERT INTO `usuarios` (`id`, `nombre`, `usuario`, `password`, `perfil`, `foto`, `estado`, `ultimo_login`, `fecha`) VALUES
(1, 'Stiy2', 'admin', '$2a$07$asxx54ahjppf45sd87a5auXBm1Vr2M1NV5t/zNQtGHGpS5fFirrbG', 'Administrador', 'vistas/img/usuarios/admin/637.png', 1, '2024-07-20 09:13:06', '2024-07-20 14:13:06'),
(2, 'vendedor', 'vero', '$2a$07$asxx54ahjppf45sd87a5auZlCh8icp4zMVPkm1GDvV92t6W/cXjYq', 'Especial', '', 1, '2023-11-17 23:25:04', '2023-11-19 16:39:23'),
(3, 'Stiy', '025', '$2a$07$asxx54ahjppf45sd87a5auhEdRJns4bvTXClZQNJmLgvrB8MtVva2', 'Administrador', '', 1, '2024-06-04 09:50:04', '2024-06-04 14:50:04');

-- --------------------------------------------------------

--
-- Estructura de tabla para la tabla `ventas`
--

CREATE TABLE `ventas` (
  `id` int(11) NOT NULL,
  `codigo` int(11) NOT NULL,
  `id_cliente` int(11) NOT NULL,
  `id_vendedor` int(11) NOT NULL,
  `productos` text NOT NULL,
  `impuesto` float NOT NULL,
  `neto` float NOT NULL,
  `total` float NOT NULL,
  `metodo_pago` text NOT NULL,
  `fecha` timestamp NOT NULL DEFAULT current_timestamp(),
  `saldo_pendiente` decimal(10,2) DEFAULT 0.00,
  `monto_abonado` decimal(10,2) DEFAULT 0.00
) ENGINE=InnoDB DEFAULT CHARSET=utf8 COLLATE=utf8_spanish_ci;

--
-- Volcado de datos para la tabla `ventas`
--

INSERT INTO `ventas` (`id`, `codigo`, `id_cliente`, `id_vendedor`, `productos`, `impuesto`, `neto`, `total`, `metodo_pago`, `fecha`, `saldo_pendiente`, `monto_abonado`) VALUES
(3, 10001, 29, 3, '[{\"id\":\"21\",\"descripcion\":\"One-Mil-Men\",\"cantidad\":\"14\",\"stock\":\"186\",\"precio\":\"700\",\"total\":\"9800\"},{\"id\":\"4\",\"descripcion\":\"Alcohol l\",\"cantidad\":\"15\",\"stock\":\"2485\",\"precio\":\"80\",\"total\":\"1200\"},{\"id\":\"35\",\"descripcion\":\"Sellador\",\"cantidad\":\"1\",\"stock\":\"499\",\"precio\":\"160\",\"total\":\"160\"},{\"id\":\"1\",\"descripcion\":\"Singler 30 ML\",\"cantidad\":\"1\",\"stock\":\"70\",\"precio\":\"3900\",\"total\":\"3900\"}]', 0, 15060, 15060, 'Efectivo', '2023-12-05 03:53:12', 0.00, 0.00),
(4, 10002, 30, 3, '[{\"id\":\"37\",\"descripcion\":\"boss orange\",\"cantidad\":\"14\",\"stock\":\"204\",\"precio\":\"700\",\"total\":\"9800\"},{\"id\":\"38\",\"descripcion\":\"fundas de colores\",\"cantidad\":\"2\",\"stock\":\"68\",\"precio\":\"1000\",\"total\":\"2000\"},{\"id\":\"1\",\"descripcion\":\"Singler 30 ML\",\"cantidad\":\"2\",\"stock\":\"68\",\"precio\":\"3900\",\"total\":\"7800\"},{\"id\":\"4\",\"descripcion\":\"Alcohol l\",\"cantidad\":\"30\",\"stock\":\"2455\",\"precio\":\"80\",\"total\":\"2400\"},{\"id\":\"35\",\"descripcion\":\"Sellador\",\"cantidad\":\"2\",\"stock\":\"497\",\"precio\":\"160\",\"total\":\"320\"},{\"id\":\"39\",\"descripcion\":\"jadore dama\",\"cantidad\":\"14\",\"stock\":\"102\",\"precio\":\"700\",\"total\":\"9800\"}]', 0, 32120, 32120, 'Efectivo', '2023-12-05 03:52:30', 0.00, 0.00),
(5, 10003, 31, 3, '[{\"id\":\"40\",\"descripcion\":\"can can dama\",\"cantidad\":\"14\",\"stock\":\"78\",\"precio\":\"600\",\"total\":\"8400\"},{\"id\":\"41\",\"descripcion\":\"360 coral by perry\",\"cantidad\":\"14\",\"stock\":\"0\",\"precio\":\"600\",\"total\":\"8400\"},{\"id\":\"1\",\"descripcion\":\"Singler 30 ML\",\"cantidad\":\"2\",\"stock\":\"66\",\"precio\":\"3900\",\"total\":\"7800\"},{\"id\":\"35\",\"descripcion\":\"Sellador\",\"cantidad\":\"2\",\"stock\":\"495\",\"precio\":\"160\",\"total\":\"320\"},{\"id\":\"4\",\"descripcion\":\"Alcohol l\",\"cantidad\":\"30\",\"stock\":\"2425\",\"precio\":\"80\",\"total\":\"2400\"},{\"id\":\"38\",\"descripcion\":\"fundas de colores\",\"cantidad\":\"2\",\"stock\":\"66\",\"precio\":\"1000\",\"total\":\"2000\"}]', 0, 29320, 29320, 'Efectivo', '2023-12-07 02:15:40', 0.00, 0.00),
(6, 10004, 32, 3, '[{\"id\":\"42\",\"descripcion\":\"toy voy caballero\",\"cantidad\":\"23\",\"stock\":\"175\",\"precio\":\"600\",\"total\":\"13800\"},{\"id\":\"34\",\"descripcion\":\"Feromonas\",\"cantidad\":\"1\",\"stock\":\"499\",\"precio\":\"1000\",\"total\":\"1000\"},{\"id\":\"24\",\"descripcion\":\"212-Vip-black\",\"cantidad\":\"14\",\"stock\":\"186\",\"precio\":\"600\",\"total\":\"8400\"},{\"id\":\"38\",\"descripcion\":\"fundas de colores\",\"cantidad\":\"2\",\"stock\":\"64\",\"precio\":\"1000\",\"total\":\"2000\"},{\"id\":\"1\",\"descripcion\":\"Singler 30 ML\",\"cantidad\":\"2\",\"stock\":\"64\",\"precio\":\"3900\",\"total\":\"7800\"},{\"id\":\"4\",\"descripcion\":\"Alcohol l\",\"cantidad\":\"20\",\"stock\":\"2405\",\"precio\":\"80\",\"total\":\"1600\"},{\"id\":\"35\",\"descripcion\":\"Sellador\",\"cantidad\":\"2\",\"stock\":\"493\",\"precio\":\"160\",\"total\":\"320\"}]', 0, 34920, 34920, 'Efectivo', '2023-12-04 03:51:34', 0.00, 0.00),
(7, 10005, 34, 3, '[{\"id\":\"23\",\"descripcion\":\"Paris Hilton Dama\",\"cantidad\":\"17\",\"stock\":\"183\",\"precio\":\"600\",\"total\":\"10200\"},{\"id\":\"38\",\"descripcion\":\"fundas de colores\",\"cantidad\":\"1\",\"stock\":\"63\",\"precio\":\"1000\",\"total\":\"1000\"},{\"id\":\"35\",\"descripcion\":\"Sellador\",\"cantidad\":\"1\",\"stock\":\"492\",\"precio\":\"160\",\"total\":\"160\"},{\"id\":\"4\",\"descripcion\":\"Alcohol l\",\"cantidad\":\"10\",\"stock\":\"2395\",\"precio\":\"80\",\"total\":\"800\"},{\"id\":\"34\",\"descripcion\":\"Feromonas\",\"cantidad\":\"1\",\"stock\":\"498\",\"precio\":\"1000\",\"total\":\"1000\"},{\"id\":\"1\",\"descripcion\":\"Singler 30 ML\",\"cantidad\":\"1\",\"stock\":\"63\",\"precio\":\"3900\",\"total\":\"3900\"}]', 0, 17060, 17060, 'Efectivo', '2023-12-04 03:52:18', 0.00, 0.00),
(8, 10006, 35, 3, '[{\"id\":\"27\",\"descripcion\":\"La-Vida-Bella\",\"cantidad\":\"17\",\"stock\":\"183\",\"precio\":\"600\",\"total\":\"10200\"},{\"id\":\"38\",\"descripcion\":\"fundas de colores\",\"cantidad\":\"1\",\"stock\":\"62\",\"precio\":\"1000\",\"total\":\"1000\"},{\"id\":\"1\",\"descripcion\":\"Singler 30 ML\",\"cantidad\":\"1\",\"stock\":\"62\",\"precio\":\"3900\",\"total\":\"3900\"},{\"id\":\"35\",\"descripcion\":\"Sellador\",\"cantidad\":\"1\",\"stock\":\"491\",\"precio\":\"160\",\"total\":\"160\"},{\"id\":\"4\",\"descripcion\":\"Alcohol l\",\"cantidad\":\"10\",\"stock\":\"2385\",\"precio\":\"80\",\"total\":\"800\"},{\"id\":\"34\",\"descripcion\":\"Feromonas\",\"cantidad\":\"1\",\"stock\":\"497\",\"precio\":\"1000\",\"total\":\"1000\"}]', 0, 17060, 17060, 'Efectivo', '2023-12-21 04:04:30', 0.00, 0.00),
(9, 10007, 37, 3, '[{\"id\":\"27\",\"descripcion\":\"La-Vida-Bella\",\"cantidad\":\"17\",\"stock\":\"166\",\"precio\":\"600\",\"total\":\"10200\"},{\"id\":\"1\",\"descripcion\":\"Singler 30 ML\",\"cantidad\":\"1\",\"stock\":\"61\",\"precio\":\"3900\",\"total\":\"3900\"},{\"id\":\"38\",\"descripcion\":\"fundas de colores\",\"cantidad\":\"1\",\"stock\":\"61\",\"precio\":\"1000\",\"total\":\"1000\"},{\"id\":\"4\",\"descripcion\":\"Alcohol l\",\"cantidad\":\"10\",\"stock\":\"2375\",\"precio\":\"80\",\"total\":\"800\"},{\"id\":\"35\",\"descripcion\":\"Sellador\",\"cantidad\":\"1\",\"stock\":\"490\",\"precio\":\"160\",\"total\":\"160\"},{\"id\":\"34\",\"descripcion\":\"Feromonas\",\"cantidad\":\"1\",\"stock\":\"496\",\"precio\":\"1000\",\"total\":\"1000\"}]', 0, 17060, 17060, 'Efectivo', '2023-12-02 03:56:32', 0.00, 0.00),
(10, 10008, 38, 3, '[{\"id\":\"30\",\"descripcion\":\"Eternity\",\"cantidad\":\"14\",\"stock\":\"186\",\"precio\":\"600\",\"total\":\"8400\"},{\"id\":\"38\",\"descripcion\":\"fundas de colores\",\"cantidad\":\"1\",\"stock\":\"60\",\"precio\":\"1000\",\"total\":\"1000\"},{\"id\":\"1\",\"descripcion\":\"Singler 30 ML\",\"cantidad\":\"1\",\"stock\":\"60\",\"precio\":\"3900\",\"total\":\"3900\"},{\"id\":\"4\",\"descripcion\":\"Alcohol l\",\"cantidad\":\"14\",\"stock\":\"2327\",\"precio\":\"80\",\"total\":\"1120\"},{\"id\":\"35\",\"descripcion\":\"Sellador\",\"cantidad\":\"1\",\"stock\":\"489\",\"precio\":\"160\",\"total\":\"160\"}]', 0, 14580, 14580, 'Efectivo', '2023-11-23 02:46:41', 0.00, 0.00),
(11, 10009, 38, 3, '[{\"id\":\"21\",\"descripcion\":\"One-Mil-Men\",\"cantidad\":\"14\",\"stock\":\"172\",\"precio\":\"600\",\"total\":\"8400\"},{\"id\":\"1\",\"descripcion\":\"Singler 30 ML\",\"cantidad\":\"1\",\"stock\":\"59\",\"precio\":\"3900\",\"total\":\"3900\"},{\"id\":\"38\",\"descripcion\":\"fundas de colores\",\"cantidad\":\"1\",\"stock\":\"59\",\"precio\":\"1000\",\"total\":\"1000\"},{\"id\":\"4\",\"descripcion\":\"Alcohol l\",\"cantidad\":\"14\",\"stock\":\"2360\",\"precio\":\"80\",\"total\":\"1120\"},{\"id\":\"35\",\"descripcion\":\"Sellador\",\"cantidad\":\"1\",\"stock\":\"488\",\"precio\":\"160\",\"total\":\"160\"}]', 0, 14580, 14580, 'Efectivo', '2023-11-23 02:41:25', 0.00, 0.00),
(12, 10010, 39, 3, '[{\"id\":\"34\",\"descripcion\":\"Feromonas\",\"cantidad\":\"2\",\"stock\":\"496\",\"precio\":\"1000\",\"total\":\"2000\"},{\"id\":\"4\",\"descripcion\":\"Alcohol l\",\"cantidad\":\"20\",\"stock\":\"2340\",\"precio\":\"80\",\"total\":\"1600\"},{\"id\":\"1\",\"descripcion\":\"Singler 30 ML\",\"cantidad\":\"2\",\"stock\":\"57\",\"precio\":\"3900\",\"total\":\"7800\"},{\"id\":\"38\",\"descripcion\":\"fundas de colores\",\"cantidad\":\"2\",\"stock\":\"57\",\"precio\":\"1000\",\"total\":\"2000\"},{\"id\":\"35\",\"descripcion\":\"Sellador\",\"cantidad\":\"2\",\"stock\":\"486\",\"precio\":\"160\",\"total\":\"320\"},{\"id\":\"27\",\"descripcion\":\"La Vida es Bella\",\"cantidad\":\"17\",\"stock\":\"166\",\"precio\":\"600\",\"total\":\"10200\"},{\"id\":\"44\",\"descripcion\":\"212 vip rose\",\"cantidad\":\"17\",\"stock\":\"28\",\"precio\":\"600\",\"total\":\"10200\"}]', 0, 34120, 34120, 'Efectivo', '2023-11-23 02:44:43', 0.00, 0.00),
(13, 10011, 40, 3, '[{\"id\":\"47\",\"descripcion\":\"lowey 7\",\"cantidad\":\"14\",\"stock\":\"43\",\"precio\":\"600\",\"total\":\"8000\"},{\"id\":\"46\",\"descripcion\":\"Light Blue\",\"cantidad\":\"14\",\"stock\":\"48\",\"precio\":\"600\",\"total\":\"8000\"},{\"id\":\"45\",\"descripcion\":\"olimpea\",\"cantidad\":\"14\",\"stock\":\"55\",\"precio\":\"600\",\"total\":\"8000\"},{\"id\":\"44\",\"descripcion\":\"212 vip rose\",\"cantidad\":\"28\",\"stock\":\"0\",\"precio\":\"600\",\"total\":\"8000\"},{\"id\":\"4\",\"descripcion\":\"Alcohol l\",\"cantidad\":\"70\",\"stock\":\"2257\",\"precio\":\"80\",\"total\":\"7000\"},{\"id\":\"35\",\"descripcion\":\"Sellador\",\"cantidad\":\"5\",\"stock\":\"484\",\"precio\":\"160\",\"total\":\"7000\"},{\"id\":\"38\",\"descripcion\":\"fundas de colores\",\"cantidad\":\"5\",\"stock\":\"55\",\"precio\":\"1000\",\"total\":\"7000\"},{\"id\":\"1\",\"descripcion\":\"Singler 30 ML\",\"cantidad\":\"5\",\"stock\":\"55\",\"precio\":\"3900\",\"total\":\"7000\"}]', 0, 60000, 60000, 'Crédito-0', '2023-11-27 01:26:36', 0.00, 0.00),
(14, 10012, 41, 3, '[{\"id\":\"48\",\"descripcion\":\"Black xs lece\",\"cantidad\":\"21\",\"stock\":\"21\",\"precio\":\"600\",\"total\":\"13000\"},{\"id\":\"34\",\"descripcion\":\"Feromonas\",\"cantidad\":\"1\",\"stock\":\"497\",\"precio\":\"1000\",\"total\":\"1000\"},{\"id\":\"4\",\"descripcion\":\"Alcohol l\",\"cantidad\":\"10\",\"stock\":\"2247\",\"precio\":\"80\",\"total\":\"800\"},{\"id\":\"35\",\"descripcion\":\"Sellador\",\"cantidad\":\"1\",\"stock\":\"483\",\"precio\":\"160\",\"total\":\"4300\"},{\"id\":\"1\",\"descripcion\":\"Singler 30 ML\",\"cantidad\":\"1\",\"stock\":\"54\",\"precio\":\"3900\",\"total\":\"3900\"},{\"id\":\"38\",\"descripcion\":\"fundas de colores\",\"cantidad\":\"1\",\"stock\":\"54\",\"precio\":\"1000\",\"total\":\"1000\"}]', 0, 24000, 24000, 'Efectivo', '2023-12-02 03:54:22', 0.00, 0.00),
(15, 10013, 42, 3, '[{\"id\":\"48\",\"descripcion\":\"Black xs lece\",\"cantidad\":\"21\",\"stock\":\"0\",\"precio\":\"600\",\"total\":\"12600\"},{\"id\":\"34\",\"descripcion\":\"Feromonas\",\"cantidad\":\"1\",\"stock\":\"496\",\"precio\":\"1000\",\"total\":\"1000\"},{\"id\":\"4\",\"descripcion\":\"Alcohol l\",\"cantidad\":\"14\",\"stock\":\"2233\",\"precio\":\"80\",\"total\":\"1120\"},{\"id\":\"35\",\"descripcion\":\"Sellador\",\"cantidad\":\"1\",\"stock\":\"482\",\"precio\":\"160\",\"total\":\"220\"},{\"id\":\"38\",\"descripcion\":\"fundas de colores\",\"cantidad\":\"1\",\"stock\":\"53\",\"precio\":\"1000\",\"total\":\"1160\"},{\"id\":\"1\",\"descripcion\":\"Singler 30 ML\",\"cantidad\":\"1\",\"stock\":\"53\",\"precio\":\"3900\",\"total\":\"3900\"}]', 0, 20000, 20000, 'Efectivo', '2023-11-27 01:31:03', 0.00, 0.00),
(16, 10014, 40, 3, '[{\"id\":\"45\",\"descripcion\":\"olimpea\",\"cantidad\":\"42\",\"stock\":\"13\",\"precio\":\"600\",\"total\":\"20000\"},{\"id\":\"23\",\"descripcion\":\"Paris Hilton Dama\",\"cantidad\":\"14\",\"stock\":\"169\",\"precio\":\"600\",\"total\":\"8400\"},{\"id\":\"40\",\"descripcion\":\"can can dama\",\"cantidad\":\"42\",\"stock\":\"36\",\"precio\":\"600\",\"total\":\"5200\"},{\"id\":\"37\",\"descripcion\":\"boss orange\",\"cantidad\":\"14\",\"stock\":\"190\",\"precio\":\"600\",\"total\":\"8400\"},{\"id\":\"25\",\"descripcion\":\"CocoNut Pasion\",\"cantidad\":\"14\",\"stock\":\"186\",\"precio\":\"600\",\"total\":\"8400\"},{\"id\":\"35\",\"descripcion\":\"Sellador\",\"cantidad\":\"1\",\"stock\":\"481\",\"precio\":\"160\",\"total\":\"3000\"},{\"id\":\"4\",\"descripcion\":\"Alcohol l\",\"cantidad\":\"120\",\"stock\":\"2113\",\"precio\":\"80\",\"total\":\"9600\"},{\"id\":\"38\",\"descripcion\":\"fundas de colores\",\"cantidad\":\"8\",\"stock\":\"45\",\"precio\":\"1000\",\"total\":\"8000\"},{\"id\":\"1\",\"descripcion\":\"Singler 30 ML\",\"cantidad\":\"10\",\"stock\":\"43\",\"precio\":\"3900\",\"total\":\"39000\"}]', 0, 110000, 110000, 'Crédito-0', '2023-11-27 01:52:58', 0.00, 0.00),
(17, 10015, 40, 3, '[{\"id\":\"50\",\"descripcion\":\"Taj Sunset\",\"cantidad\":\"14\",\"stock\":\"86\",\"precio\":\"600\",\"total\":\"8000\"}]', 0, 8000, 8000, 'Crédito-0', '2023-11-27 01:55:31', 0.00, 0.00),
(18, 10016, 43, 3, '[{\"id\":\"50\",\"descripcion\":\"Taj Sunset\",\"cantidad\":\"14\",\"stock\":\"72\",\"precio\":\"600\",\"total\":\"8400\"},{\"id\":\"4\",\"descripcion\":\"Alcohol l\",\"cantidad\":\"15\",\"stock\":\"2098\",\"precio\":\"80\",\"total\":\"1200\"},{\"id\":\"35\",\"descripcion\":\"Sellador\",\"cantidad\":\"1\",\"stock\":\"480\",\"precio\":\"160\",\"total\":\"1500\"},{\"id\":\"1\",\"descripcion\":\"Singler 30 ML\",\"cantidad\":\"1\",\"stock\":\"42\",\"precio\":\"3900\",\"total\":\"3900\"},{\"id\":\"38\",\"descripcion\":\"fundas de colores\",\"cantidad\":\"1\",\"stock\":\"44\",\"precio\":\"1000\",\"total\":\"1000\"}]', 0, 16000, 16000, 'Efectivo', '2023-12-29 03:50:00', 0.00, 0.00),
(19, 10017, 45, 3, '[{\"id\":\"36\",\"descripcion\":\"Bolso Perfumero\",\"cantidad\":\"1\",\"stock\":\"2\",\"precio\":\"40000\",\"total\":\"55000\"},{\"id\":\"2\",\"descripcion\":\"Rollon 3 ml\",\"cantidad\":\"40\",\"stock\":\"60\",\"precio\":\"700\",\"total\":\"28000\"},{\"id\":\"50\",\"descripcion\":\"Taj Sunset\",\"cantidad\":\"1\",\"stock\":\"71\",\"precio\":\"600\",\"total\":\"900\"},{\"id\":\"47\",\"descripcion\":\"lowey 7\",\"cantidad\":\"1\",\"stock\":\"42\",\"precio\":\"600\",\"total\":\"900\"},{\"id\":\"46\",\"descripcion\":\"Light Blue\",\"cantidad\":\"1\",\"stock\":\"47\",\"precio\":\"600\",\"total\":\"900\"},{\"id\":\"45\",\"descripcion\":\"olimpea\",\"cantidad\":\"1\",\"stock\":\"12\",\"precio\":\"600\",\"total\":\"900\"},{\"id\":\"42\",\"descripcion\":\"toy voy caballero\",\"cantidad\":\"1\",\"stock\":\"174\",\"precio\":\"600\",\"total\":\"900\"},{\"id\":\"41\",\"descripcion\":\"360 coral by perry\",\"cantidad\":\"1\",\"stock\":\"66\",\"precio\":\"600\",\"total\":\"900\"},{\"id\":\"40\",\"descripcion\":\"can can dama\",\"cantidad\":\"1\",\"stock\":\"35\",\"precio\":\"600\",\"total\":\"900\"},{\"id\":\"39\",\"descripcion\":\"jadore dama\",\"cantidad\":\"1\",\"stock\":\"101\",\"precio\":\"600\",\"total\":\"900\"},{\"id\":\"37\",\"descripcion\":\"boss orange\",\"cantidad\":\"1\",\"stock\":\"189\",\"precio\":\"600\",\"total\":\"900\"},{\"id\":\"33\",\"descripcion\":\"Ultra Male\",\"cantidad\":\"1\",\"stock\":\"199\",\"precio\":\"600\",\"total\":\"900\"},{\"id\":\"32\",\"descripcion\":\"Tommy\",\"cantidad\":\"1\",\"stock\":\"199\",\"precio\":\"600\",\"total\":\"900\"},{\"id\":\"30\",\"descripcion\":\"Eternity\",\"cantidad\":\"1\",\"stock\":\"185\",\"precio\":\"600\",\"total\":\"900\"},{\"id\":\"28\",\"descripcion\":\"Diesel Plus\",\"cantidad\":\"1\",\"stock\":\"199\",\"precio\":\"600\",\"total\":\"900\"},{\"id\":\"27\",\"descripcion\":\"La Vida es Bella\",\"cantidad\":\"1\",\"stock\":\"165\",\"precio\":\"600\",\"total\":\"900\"},{\"id\":\"26\",\"descripcion\":\"Black-xs-Aph\",\"cantidad\":\"1\",\"stock\":\"199\",\"precio\":\"600\",\"total\":\"900\"},{\"id\":\"25\",\"descripcion\":\"CocoNut Pasion\",\"cantidad\":\"1\",\"stock\":\"185\",\"precio\":\"600\",\"total\":\"900\"},{\"id\":\"24\",\"descripcion\":\"212-Vip-black\",\"cantidad\":\"1\",\"stock\":\"185\",\"precio\":\"600\",\"total\":\"900\"},{\"id\":\"23\",\"descripcion\":\"Paris Hilton Dama\",\"cantidad\":\"1\",\"stock\":\"168\",\"precio\":\"600\",\"total\":\"900\"},{\"id\":\"22\",\"descripcion\":\"The-One-Dama\",\"cantidad\":\"1\",\"stock\":\"199\",\"precio\":\"600\",\"total\":\"900\"},{\"id\":\"21\",\"descripcion\":\"One-Mil-Men\",\"cantidad\":\"1\",\"stock\":\"171\",\"precio\":\"600\",\"total\":\"900\"},{\"id\":\"4\",\"descripcion\":\"Alcohol l\",\"cantidad\":\"50\",\"stock\":\"2048\",\"precio\":\"80\",\"total\":\"4000\"}]', 0, 105000, 105000, 'Efectivo', '2023-11-29 02:12:33', 0.00, 0.00),
(20, 10018, 46, 3, '[{\"id\":\"27\",\"descripcion\":\"La Vida es Bella\",\"cantidad\":\"28\",\"stock\":\"137\",\"precio\":\"600\",\"total\":\"16800\"},{\"id\":\"4\",\"descripcion\":\"Alcohol l\",\"cantidad\":\"20\",\"stock\":\"2028\",\"precio\":\"80\",\"total\":\"2000\"},{\"id\":\"35\",\"descripcion\":\"Sellador\",\"cantidad\":\"2\",\"stock\":\"478\",\"precio\":\"160\",\"total\":\"1200\"},{\"id\":\"11\",\"descripcion\":\"Xeroff 50ml\",\"cantidad\":\"2\",\"stock\":\"1\",\"precio\":\"10000\",\"total\":\"20000\"}]', 0, 40000, 40000, 'Efectivo', '2023-12-02 03:57:51', 0.00, 0.00),
(21, 10019, 46, 3, '[{\"id\":\"51\",\"descripcion\":\"360 CABALLERO\",\"cantidad\":\"28\",\"stock\":\"87\",\"precio\":\"600\",\"total\":\"28000\"}]', 0, 28000, 28000, 'Efectivo', '2023-12-02 03:58:43', 0.00, 0.00),
(23, 10020, 47, 3, '[{\"id\":\"26\",\"descripcion\":\"Black-xs-Aph\",\"cantidad\":\"14\",\"stock\":\"185\",\"precio\":\"600\",\"total\":\"4400\"},{\"id\":\"1\",\"descripcion\":\"Singler 30 ML\",\"cantidad\":\"1\",\"stock\":\"41\",\"precio\":\"3900\",\"total\":\"3900\"},{\"id\":\"38\",\"descripcion\":\"fundas de colores\",\"cantidad\":\"1\",\"stock\":\"43\",\"precio\":\"1000\",\"total\":\"1000\"},{\"id\":\"35\",\"descripcion\":\"Sellador\",\"cantidad\":\"1\",\"stock\":\"477\",\"precio\":\"160\",\"total\":\"1600\"},{\"id\":\"4\",\"descripcion\":\"Alcohol l\",\"cantidad\":\"14\",\"stock\":\"2014\",\"precio\":\"80\",\"total\":\"1100\"}]', 0, 12000, 12000, 'Efectivo', '2023-12-05 03:53:59', 0.00, 0.00),
(24, 10021, 49, 3, '[{\"id\":\"40\",\"descripcion\":\"can can dama\",\"cantidad\":\"21\",\"stock\":\"14\",\"precio\":\"600\",\"total\":\"12600\"},{\"id\":\"34\",\"descripcion\":\"Feromonas\",\"cantidad\":\"1\",\"stock\":\"495\",\"precio\":\"1000\",\"total\":\"1000\"},{\"id\":\"35\",\"descripcion\":\"Sellador\",\"cantidad\":\"1\",\"stock\":\"477\",\"precio\":\"160\",\"total\":\"8600\"},{\"id\":\"4\",\"descripcion\":\"Alcohol l\",\"cantidad\":\"10\",\"stock\":\"2018\",\"precio\":\"80\",\"total\":\"800\"},{\"id\":\"38\",\"descripcion\":\"fundas de colores\",\"cantidad\":\"1\",\"stock\":\"43\",\"precio\":\"1000\",\"total\":\"1000\"}]', 0, 24000, 24000, 'Efectivo', '2023-12-17 01:20:10', 0.00, 0.00),
(25, 10022, 40, 3, '[{\"id\":\"37\",\"descripcion\":\"boss orange\",\"cantidad\":\"14\",\"stock\":\"175\",\"precio\":\"600\",\"total\":\"5400\"},{\"id\":\"38\",\"descripcion\":\"fundas de colores\",\"cantidad\":\"1\",\"stock\":\"42\",\"precio\":\"1000\",\"total\":\"1000\"},{\"id\":\"35\",\"descripcion\":\"Sellador\",\"cantidad\":\"1\",\"stock\":\"476\",\"precio\":\"160\",\"total\":\"500\"},{\"id\":\"4\",\"descripcion\":\"Alcohol l\",\"cantidad\":\"15\",\"stock\":\"2003\",\"precio\":\"80\",\"total\":\"1200\"},{\"id\":\"1\",\"descripcion\":\"Singler 30 ML\",\"cantidad\":\"1\",\"stock\":\"41\",\"precio\":\"3900\",\"total\":\"3900\"}]', 0, 12000, 12000, 'Crédito-0', '2023-11-29 02:31:46', 0.00, 0.00),
(26, 10023, 40, 3, '[{\"id\":\"53\",\"descripcion\":\"212 vip\",\"cantidad\":\"14\",\"stock\":\"96\",\"precio\":\"600\",\"total\":\"8400\"},{\"id\":\"52\",\"descripcion\":\"Eros caballero\",\"cantidad\":\"14\",\"stock\":\"54\",\"precio\":\"600\",\"total\":\"6400\"},{\"id\":\"1\",\"descripcion\":\"Singler 30 ML\",\"cantidad\":\"2\",\"stock\":\"39\",\"precio\":\"3900\",\"total\":\"6800\"},{\"id\":\"35\",\"descripcion\":\"Sellador\",\"cantidad\":\"2\",\"stock\":\"474\",\"precio\":\"160\",\"total\":\"0\"},{\"id\":\"4\",\"descripcion\":\"Alcohol l\",\"cantidad\":\"30\",\"stock\":\"1973\",\"precio\":\"80\",\"total\":\"2400\"}]', 0, 24000, 24000, 'Crédito-0', '2023-11-29 02:37:14', 0.00, 0.00),
(27, 10024, 45, 3, '[{\"id\":\"54\",\"descripcion\":\"Angel Thery Caballero\",\"cantidad\":\"14\",\"stock\":\"198\",\"precio\":\"600\",\"total\":\"5840\"},{\"id\":\"35\",\"descripcion\":\"Sellador\",\"cantidad\":\"1\",\"stock\":\"473\",\"precio\":\"160\",\"total\":\"160\"},{\"id\":\"4\",\"descripcion\":\"Alcohol l\",\"cantidad\":\"14\",\"stock\":\"1959\",\"precio\":\"80\",\"total\":\"1100\"},{\"id\":\"1\",\"descripcion\":\"Singler 30 ML\",\"cantidad\":\"1\",\"stock\":\"38\",\"precio\":\"3900\",\"total\":\"3900\"},{\"id\":\"38\",\"descripcion\":\"fundas de colores\",\"cantidad\":\"1\",\"stock\":\"41\",\"precio\":\"1000\",\"total\":\"1000\"}]', 0, 12000, 12000, 'Efectivo', '2023-12-17 01:19:39', 0.00, 0.00),
(28, 10025, 46, 3, '[{\"id\":\"52\",\"descripcion\":\"Eros caballero\",\"cantidad\":\"28\",\"stock\":\"26\",\"precio\":\"600\",\"total\":\"16800\"},{\"id\":\"10\",\"descripcion\":\"Iris 50ml\",\"cantidad\":\"1\",\"stock\":\"2\",\"precio\":\"7000\",\"total\":\"7000\"},{\"id\":\"35\",\"descripcion\":\"Sellador\",\"cantidad\":\"2\",\"stock\":\"471\",\"precio\":\"160\",\"total\":\"2600\"},{\"id\":\"4\",\"descripcion\":\"Alcohol l\",\"cantidad\":\"20\",\"stock\":\"1939\",\"precio\":\"80\",\"total\":\"1600\"}]', 0, 28000, 28000, 'Efectivo', '2023-12-02 03:52:39', 0.00, 0.00),
(29, 10026, 51, 3, '[{\"id\":\"56\",\"descripcion\":\"Invitus caballero\",\"cantidad\":\"33\",\"stock\":\"62\",\"precio\":\"600\",\"total\":\"19800\"},{\"id\":\"17\",\"descripcion\":\"Invitus 50ml\",\"cantidad\":\"1\",\"stock\":\"2\",\"precio\":\"7500\",\"total\":\"7500\"},{\"id\":\"35\",\"descripcion\":\"Sellador\",\"cantidad\":\"2\",\"stock\":\"469\",\"precio\":\"160\",\"total\":\"6100\"},{\"id\":\"4\",\"descripcion\":\"Alcohol l\",\"cantidad\":\"20\",\"stock\":\"1919\",\"precio\":\"80\",\"total\":\"1600\"},{\"id\":\"34\",\"descripcion\":\"Feromonas\",\"cantidad\":\"1\",\"stock\":\"494\",\"precio\":\"1000\",\"total\":\"1000\"}]', 0, 36000, 36000, 'Efectivo', '2023-12-01 02:07:10', 0.00, 0.00),
(30, 10027, 51, 3, '[{\"id\":\"26\",\"descripcion\":\"Black-xs-Aph\",\"cantidad\":\"35\",\"stock\":\"164\",\"precio\":\"600\",\"total\":\"21000\"},{\"id\":\"4\",\"descripcion\":\"Alcohol l\",\"cantidad\":\"20\",\"stock\":\"1899\",\"precio\":\"80\",\"total\":\"2000\"},{\"id\":\"35\",\"descripcion\":\"Sellador\",\"cantidad\":\"2\",\"stock\":\"467\",\"precio\":\"160\",\"total\":\"6000\"},{\"id\":\"34\",\"descripcion\":\"Feromonas\",\"cantidad\":\"1\",\"stock\":\"493\",\"precio\":\"1000\",\"total\":\"1000\"},{\"id\":\"14\",\"descripcion\":\"Jean Poul 50ml\",\"cantidad\":\"1\",\"stock\":\"2\",\"precio\":\"6000\",\"total\":\"6000\"}]', 0, 36000, 36000, 'Efectivo', '2023-12-01 02:10:24', 0.00, 0.00),
(31, 10028, 52, 3, '[{\"id\":\"57\",\"descripcion\":\"Heires dama\",\"cantidad\":\"14\",\"stock\":\"94\",\"precio\":\"600\",\"total\":\"13000\"},{\"id\":\"23\",\"descripcion\":\"Paris Hilton Dama\",\"cantidad\":\"14\",\"stock\":\"154\",\"precio\":\"600\",\"total\":\"10000\"},{\"id\":\"27\",\"descripcion\":\"La Vida es Bella\",\"cantidad\":\"14\",\"stock\":\"123\",\"precio\":\"600\",\"total\":\"8400\"},{\"id\":\"52\",\"descripcion\":\"Eros caballero\",\"cantidad\":\"14\",\"stock\":\"12\",\"precio\":\"600\",\"total\":\"10000\"},{\"id\":\"53\",\"descripcion\":\"212 vip\",\"cantidad\":\"14\",\"stock\":\"82\",\"precio\":\"600\",\"total\":\"10000\"},{\"id\":\"4\",\"descripcion\":\"Alcohol l\",\"cantidad\":\"70\",\"stock\":\"1829\",\"precio\":\"80\",\"total\":\"12000\"},{\"id\":\"35\",\"descripcion\":\"Sellador\",\"cantidad\":\"5\",\"stock\":\"462\",\"precio\":\"160\",\"total\":\"1600\"}]', 0, 65000, 65000, 'Efectivo', '2023-12-02 03:51:31', 0.00, 0.00),
(32, 10029, 56, 3, '[{\"id\":\"35\",\"descripcion\":\"Sellador\",\"cantidad\":\"2\",\"stock\":\"460\",\"precio\":\"160\",\"total\":\"5000\"},{\"id\":\"4\",\"descripcion\":\"Alcohol l\",\"cantidad\":\"20\",\"stock\":\"1809\",\"precio\":\"80\",\"total\":\"1400\"},{\"id\":\"27\",\"descripcion\":\"La Vida es Bella\",\"cantidad\":\"31\",\"stock\":\"92\",\"precio\":\"600\",\"total\":\"18600\"},{\"id\":\"11\",\"descripcion\":\"Xeroff 50ml\",\"cantidad\":\"1\",\"stock\":\"0\",\"precio\":\"10000\",\"total\":\"10000\"},{\"id\":\"34\",\"descripcion\":\"Feromonas\",\"cantidad\":\"1\",\"stock\":\"492\",\"precio\":\"1000\",\"total\":\"1000\"}]', 0, 36000, 36000, 'Efectivo', '2023-12-01 02:27:18', 0.00, 0.00),
(33, 10030, 53, 3, '[{\"id\":\"21\",\"descripcion\":\"One-Mil-Men\",\"cantidad\":\"14\",\"stock\":\"157\",\"precio\":\"600\",\"total\":\"8200\"},{\"id\":\"35\",\"descripcion\":\"Sellador\",\"cantidad\":\"1\",\"stock\":\"459\",\"precio\":\"160\",\"total\":\"200\"},{\"id\":\"34\",\"descripcion\":\"Feromonas\",\"cantidad\":\"1\",\"stock\":\"491\",\"precio\":\"1000\",\"total\":\"1000\"},{\"id\":\"4\",\"descripcion\":\"Alcohol l\",\"cantidad\":\"15\",\"stock\":\"1794\",\"precio\":\"80\",\"total\":\"1200\"},{\"id\":\"38\",\"descripcion\":\"fundas de colores\",\"cantidad\":\"1\",\"stock\":\"40\",\"precio\":\"1000\",\"total\":\"1000\"},{\"id\":\"1\",\"descripcion\":\"Singler 30 ML\",\"cantidad\":\"1\",\"stock\":\"37\",\"precio\":\"3900\",\"total\":\"3400\"}]', 0, 15000, 15000, 'Efectivo', '2023-12-01 02:31:15', 0.00, 0.00),
(34, 10031, 54, 3, '[{\"id\":\"58\",\"descripcion\":\"Amber Gold\",\"cantidad\":\"14\",\"stock\":\"57\",\"precio\":\"600\",\"total\":\"8400\"},{\"id\":\"34\",\"descripcion\":\"Feromonas\",\"cantidad\":\"1\",\"stock\":\"490\",\"precio\":\"1000\",\"total\":\"1000\"},{\"id\":\"4\",\"descripcion\":\"Alcohol l\",\"cantidad\":\"15\",\"stock\":\"1779\",\"precio\":\"80\",\"total\":\"1200\"},{\"id\":\"35\",\"descripcion\":\"Sellador\",\"cantidad\":\"1\",\"stock\":\"458\",\"precio\":\"160\",\"total\":\"100\"},{\"id\":\"1\",\"descripcion\":\"Singler 30 ML\",\"cantidad\":\"1\",\"stock\":\"36\",\"precio\":\"3900\",\"total\":\"3300\"},{\"id\":\"38\",\"descripcion\":\"fundas de colores\",\"cantidad\":\"1\",\"stock\":\"39\",\"precio\":\"1000\",\"total\":\"1000\"}]', 0, 15000, 15000, 'Efectivo', '2023-12-11 03:55:55', 0.00, 0.00),
(35, 10032, 55, 3, '[{\"id\":\"58\",\"descripcion\":\"Amber Gold\",\"cantidad\":\"15\",\"stock\":\"42\",\"precio\":\"600\",\"total\":\"9000\"},{\"id\":\"56\",\"descripcion\":\"Invitus caballero\",\"cantidad\":\"15\",\"stock\":\"47\",\"precio\":\"600\",\"total\":\"9000\"},{\"id\":\"35\",\"descripcion\":\"Sellador\",\"cantidad\":\"2\",\"stock\":\"456\",\"precio\":\"160\",\"total\":\"200\"},{\"id\":\"4\",\"descripcion\":\"Alcohol l\",\"cantidad\":\"30\",\"stock\":\"1749\",\"precio\":\"80\",\"total\":\"2400\"},{\"id\":\"1\",\"descripcion\":\"Singler 30 ML\",\"cantidad\":\"2\",\"stock\":\"34\",\"precio\":\"3900\",\"total\":\"6400\"},{\"id\":\"38\",\"descripcion\":\"fundas de colores\",\"cantidad\":\"3\",\"stock\":\"36\",\"precio\":\"1000\",\"total\":\"3000\"}]', 0, 30000, 30000, 'Efectivo', '2023-12-01 02:49:19', 0.00, 0.00),
(36, 10033, 58, 3, '[{\"id\":\"53\",\"descripcion\":\"212 vip\",\"cantidad\":\"14\",\"stock\":\"68\",\"precio\":\"600\",\"total\":\"8400\"},{\"id\":\"1\",\"descripcion\":\"Singler 30 ML\",\"cantidad\":\"1\",\"stock\":\"33\",\"precio\":\"3900\",\"total\":\"3900\"},{\"id\":\"38\",\"descripcion\":\"fundas de colores\",\"cantidad\":\"1\",\"stock\":\"35\",\"precio\":\"1000\",\"total\":\"2500\"},{\"id\":\"35\",\"descripcion\":\"Sellador\",\"cantidad\":\"1\",\"stock\":\"455\",\"precio\":\"160\",\"total\":\"1020\"},{\"id\":\"4\",\"descripcion\":\"Alcohol l\",\"cantidad\":\"1\",\"stock\":\"1748\",\"precio\":\"80\",\"total\":\"180\"}]', 0, 16000, 16000, 'Efectivo', '2024-01-13 03:40:18', 0.00, 0.00),
(37, 10034, 59, 3, '[{\"id\":\"14\",\"descripcion\":\"Jean Poul 50ml\",\"cantidad\":\"1\",\"stock\":\"1\",\"precio\":\"6000\",\"total\":\"8000\"},{\"id\":\"26\",\"descripcion\":\"Black-xs-Aph\",\"cantidad\":\"31\",\"stock\":\"133\",\"precio\":\"600\",\"total\":\"18600\"},{\"id\":\"35\",\"descripcion\":\"Sellador\",\"cantidad\":\"1\",\"stock\":\"454\",\"precio\":\"160\",\"total\":\"400\"},{\"id\":\"4\",\"descripcion\":\"Alcohol l\",\"cantidad\":\"25\",\"stock\":\"1723\",\"precio\":\"80\",\"total\":\"2000\"},{\"id\":\"34\",\"descripcion\":\"Feromonas\",\"cantidad\":\"1\",\"stock\":\"489\",\"precio\":\"1000\",\"total\":\"1000\"}]', 0, 30000, 30000, 'Efectivo', '2023-12-05 03:55:29', 0.00, 0.00),
(38, 10035, 60, 3, '[{\"id\":\"17\",\"descripcion\":\"Invitus 50ml\",\"cantidad\":\"1\",\"stock\":\"1\",\"precio\":\"7500\",\"total\":\"7220\"},{\"id\":\"56\",\"descripcion\":\"Invitus caballero\",\"cantidad\":\"32\",\"stock\":\"15\",\"precio\":\"600\",\"total\":\"25000\"},{\"id\":\"35\",\"descripcion\":\"Sellador\",\"cantidad\":\"1\",\"stock\":\"453\",\"precio\":\"160\",\"total\":\"180\"},{\"id\":\"4\",\"descripcion\":\"Alcohol l\",\"cantidad\":\"20\",\"stock\":\"1703\",\"precio\":\"80\",\"total\":\"1600\"},{\"id\":\"34\",\"descripcion\":\"Feromonas\",\"cantidad\":\"1\",\"stock\":\"488\",\"precio\":\"1000\",\"total\":\"1000\"}]', 0, 35000, 35000, 'Efectivo', '2023-12-04 03:22:56', 0.00, 0.00),
(39, 10036, 61, 3, '[{\"id\":\"56\",\"descripcion\":\"Invitus caballero\",\"cantidad\":\"15\",\"stock\":\"0\",\"precio\":\"600\",\"total\":\"8000\"},{\"id\":\"35\",\"descripcion\":\"Sellador\",\"cantidad\":\"1\",\"stock\":\"452\",\"precio\":\"160\",\"total\":\"160\"},{\"id\":\"4\",\"descripcion\":\"Alcohol l\",\"cantidad\":\"14\",\"stock\":\"1689\",\"precio\":\"80\",\"total\":\"1140\"},{\"id\":\"1\",\"descripcion\":\"Singler 30 ML\",\"cantidad\":\"1\",\"stock\":\"32\",\"precio\":\"3900\",\"total\":\"3700\"},{\"id\":\"38\",\"descripcion\":\"fundas de colores\",\"cantidad\":\"1\",\"stock\":\"34\",\"precio\":\"1000\",\"total\":\"1000\"},{\"id\":\"34\",\"descripcion\":\"Feromonas\",\"cantidad\":\"1\",\"stock\":\"487\",\"precio\":\"1000\",\"total\":\"1000\"}]', 0, 15000, 15000, 'Efectivo', '2023-12-04 03:30:54', 0.00, 0.00),
(41, 10037, 64, 3, '[{\"id\":\"20\",\"descripcion\":\"Singler 60ml\",\"cantidad\":\"1\",\"stock\":\"2\",\"precio\":\"5000\",\"total\":\"8000\"},{\"id\":\"25\",\"descripcion\":\"CocoNut Pasion\",\"cantidad\":\"28\",\"stock\":\"157\",\"precio\":\"600\",\"total\":\"16800\"},{\"id\":\"35\",\"descripcion\":\"Sellador\",\"cantidad\":\"1\",\"stock\":\"452\",\"precio\":\"160\",\"total\":\"600\"},{\"id\":\"4\",\"descripcion\":\"Alcohol l\",\"cantidad\":\"20\",\"stock\":\"1683\",\"precio\":\"80\",\"total\":\"1600\"},{\"id\":\"38\",\"descripcion\":\"fundas de colores\",\"cantidad\":\"1\",\"stock\":\"34\",\"precio\":\"1000\",\"total\":\"1000\"}]', 0, 28000, 28000, 'Efectivo', '2023-12-05 03:54:55', 0.00, 0.00),
(43, 10038, 65, 3, '[{\"id\":\"21\",\"descripcion\":\"One-Mil-Men\",\"cantidad\":\"17\",\"stock\":\"140\",\"precio\":\"600\",\"total\":\"10200\"},{\"id\":\"1\",\"descripcion\":\"Singler 30 ML\",\"cantidad\":\"1\",\"stock\":\"32\",\"precio\":\"3900\",\"total\":\"3900\"},{\"id\":\"34\",\"descripcion\":\"Feromonas\",\"cantidad\":\"1\",\"stock\":\"487\",\"precio\":\"1000\",\"total\":\"1900\"},{\"id\":\"35\",\"descripcion\":\"Sellador\",\"cantidad\":\"15\",\"stock\":\"438\",\"precio\":\"160\",\"total\":\"2400\"},{\"id\":\"4\",\"descripcion\":\"Alcohol l\",\"cantidad\":\"1\",\"stock\":\"1702\",\"precio\":\"80\",\"total\":\"600\"},{\"id\":\"38\",\"descripcion\":\"fundas de colores\",\"cantidad\":\"1\",\"stock\":\"34\",\"precio\":\"1000\",\"total\":\"1000\"}]', 0, 20000, 20000, 'Efectivo', '2024-01-13 03:45:54', 0.00, 0.00),
(44, 10039, 67, 3, '[{\"id\":\"59\",\"descripcion\":\"Amor Amor\",\"cantidad\":\"28\",\"stock\":\"12\",\"precio\":\"600\",\"total\":\"16800\"},{\"id\":\"7\",\"descripcion\":\"tacon 30ml\",\"cantidad\":\"2\",\"stock\":\"1\",\"precio\":\"8600\",\"total\":\"27000\"},{\"id\":\"9\",\"descripcion\":\"manzana 30ml\",\"cantidad\":\"2\",\"stock\":\"1\",\"precio\":\"4800\",\"total\":\"9600\"},{\"id\":\"50\",\"descripcion\":\"Taj Sunset\",\"cantidad\":\"28\",\"stock\":\"43\",\"precio\":\"600\",\"total\":\"16800\"},{\"id\":\"35\",\"descripcion\":\"Sellador\",\"cantidad\":\"4\",\"stock\":\"434\",\"precio\":\"160\",\"total\":\"600\"},{\"id\":\"4\",\"descripcion\":\"Alcohol l\",\"cantidad\":\"40\",\"stock\":\"1662\",\"precio\":\"80\",\"total\":\"3200\"}]', 0, 74000, 74000, 'Efectivo', '2023-12-21 04:05:19', 0.00, 0.00),
(45, 10040, 40, 3, '[{\"id\":\"62\",\"descripcion\":\"Angel Dama\",\"cantidad\":\"14\",\"stock\":\"83\",\"precio\":\"600\",\"total\":\"8400\"},{\"id\":\"61\",\"descripcion\":\"Lolita Lempica\",\"cantidad\":\"14\",\"stock\":\"66\",\"precio\":\"600\",\"total\":\"8400\"},{\"id\":\"60\",\"descripcion\":\"Faconable\",\"cantidad\":\"14\",\"stock\":\"48\",\"precio\":\"600\",\"total\":\"8400\"},{\"id\":\"53\",\"descripcion\":\"212 vip\",\"cantidad\":\"14\",\"stock\":\"54\",\"precio\":\"600\",\"total\":\"8400\"},{\"id\":\"63\",\"descripcion\":\"Solo Yambal\",\"cantidad\":\"14\",\"stock\":\"48\",\"precio\":\"600\",\"total\":\"8400\"},{\"id\":\"65\",\"descripcion\":\"Carolina Herera\",\"cantidad\":\"14\",\"stock\":\"85\",\"precio\":\"600\",\"total\":\"8400\"},{\"id\":\"47\",\"descripcion\":\"lowey 7\",\"cantidad\":\"32\",\"stock\":\"10\",\"precio\":\"600\",\"total\":\"19200\"},{\"id\":\"39\",\"descripcion\":\"jadore dama\",\"cantidad\":\"14\",\"stock\":\"87\",\"precio\":\"600\",\"total\":\"8400\"},{\"id\":\"42\",\"descripcion\":\"toy voy caballero\",\"cantidad\":\"14\",\"stock\":\"160\",\"precio\":\"600\",\"total\":\"7900\"},{\"id\":\"64\",\"descripcion\":\"issey Miyake\",\"cantidad\":\"18\",\"stock\":\"18\",\"precio\":\"600\",\"total\":\"10800\"},{\"id\":\"35\",\"descripcion\":\"Sellador\",\"cantidad\":\"11\",\"stock\":\"423\",\"precio\":\"160\",\"total\":\"1000\"},{\"id\":\"4\",\"descripcion\":\"Alcohol l\",\"cantidad\":\"150\",\"stock\":\"1512\",\"precio\":\"80\",\"total\":\"12000\"},{\"id\":\"1\",\"descripcion\":\"Singler 30 ML\",\"cantidad\":\"11\",\"stock\":\"21\",\"precio\":\"3900\",\"total\":\"10900\"},{\"id\":\"38\",\"descripcion\":\"fundas de colores\",\"cantidad\":\"11\",\"stock\":\"23\",\"precio\":\"1000\",\"total\":\"6000\"}]', 0, 126600, 126600, 'Crédito-0', '2023-12-11 03:51:41', 0.00, 0.00),
(46, 10041, 65, 3, '[{\"id\":\"60\",\"descripcion\":\"Faconable\",\"cantidad\":\"17\",\"stock\":\"31\",\"precio\":\"600\",\"total\":\"10200\"},{\"id\":\"1\",\"descripcion\":\"Singler 30 ML\",\"cantidad\":\"1\",\"stock\":\"20\",\"precio\":\"3900\",\"total\":\"3900\"},{\"id\":\"35\",\"descripcion\":\"Sellador\",\"cantidad\":\"1\",\"stock\":\"422\",\"precio\":\"160\",\"total\":\"100\"},{\"id\":\"4\",\"descripcion\":\"Alcohol l\",\"cantidad\":\"10\",\"stock\":\"1502\",\"precio\":\"80\",\"total\":\"800\"},{\"id\":\"38\",\"descripcion\":\"fundas de colores\",\"cantidad\":\"1\",\"stock\":\"22\",\"precio\":\"1000\",\"total\":\"1000\"},{\"id\":\"34\",\"descripcion\":\"Feromonas\",\"cantidad\":\"1\",\"stock\":\"486\",\"precio\":\"1000\",\"total\":\"4000\"}]', 0, 20000, 20000, 'Efectivo', '2024-01-13 03:46:37', 0.00, 0.00),
(47, 10042, 40, 3, '[{\"id\":\"23\",\"descripcion\":\"Paris Hilton Dama\",\"cantidad\":\"14\",\"stock\":\"140\",\"precio\":\"600\",\"total\":\"6400\"},{\"id\":\"1\",\"descripcion\":\"Singler 30 ML\",\"cantidad\":\"1\",\"stock\":\"19\",\"precio\":\"3900\",\"total\":\"3900\"},{\"id\":\"38\",\"descripcion\":\"fundas de colores\",\"cantidad\":\"1\",\"stock\":\"21\",\"precio\":\"1000\",\"total\":\"1460\"},{\"id\":\"4\",\"descripcion\":\"Alcohol l\",\"cantidad\":\"1\",\"stock\":\"1501\",\"precio\":\"80\",\"total\":\"80\"},{\"id\":\"35\",\"descripcion\":\"Sellador\",\"cantidad\":\"1\",\"stock\":\"421\",\"precio\":\"160\",\"total\":\"160\"}]', 0, 12000, 12000, 'Crédito-0', '2023-12-13 03:21:22', 0.00, 0.00),
(48, 10043, 68, 3, '[{\"id\":\"65\",\"descripcion\":\"Carolina Herera\",\"cantidad\":\"30\",\"stock\":\"55\",\"precio\":\"600\",\"total\":\"18000\"},{\"id\":\"1\",\"descripcion\":\"Singler 30 ML\",\"cantidad\":\"2\",\"stock\":\"17\",\"precio\":\"3900\",\"total\":\"7800\"},{\"id\":\"35\",\"descripcion\":\"Sellador\",\"cantidad\":\"2\",\"stock\":\"419\",\"precio\":\"160\",\"total\":\"300\"},{\"id\":\"4\",\"descripcion\":\"Alcohol l\",\"cantidad\":\"24\",\"stock\":\"1477\",\"precio\":\"80\",\"total\":\"1900\"},{\"id\":\"38\",\"descripcion\":\"fundas de colores\",\"cantidad\":\"2\",\"stock\":\"19\",\"precio\":\"1000\",\"total\":\"6000\"}]', 0, 34000, 34000, 'Efectivo', '2023-12-16 05:20:47', 0.00, 0.00),
(49, 10043, 68, 3, '[{\"id\":\"65\",\"descripcion\":\"Carolina Herera\",\"cantidad\":\"30\",\"stock\":\"55\",\"precio\":\"600\",\"total\":\"18000\"},{\"id\":\"1\",\"descripcion\":\"Singler 30 ML\",\"cantidad\":\"2\",\"stock\":\"17\",\"precio\":\"3900\",\"total\":\"7800\"},{\"id\":\"35\",\"descripcion\":\"Sellador\",\"cantidad\":\"2\",\"stock\":\"419\",\"precio\":\"160\",\"total\":\"300\"},{\"id\":\"4\",\"descripcion\":\"Alcohol l\",\"cantidad\":\"24\",\"stock\":\"1477\",\"precio\":\"80\",\"total\":\"1900\"},{\"id\":\"38\",\"descripcion\":\"fundas de colores\",\"cantidad\":\"2\",\"stock\":\"19\",\"precio\":\"1000\",\"total\":\"6000\"}]', 0, 34000, 34000, 'Efectivo', '2023-12-16 05:20:47', 0.00, 0.00),
(50, 10044, 40, 3, '[{\"id\":\"65\",\"descripcion\":\"Carolina Herera\",\"cantidad\":\"16\",\"stock\":\"39\",\"precio\":\"600\",\"total\":\"7000\"},{\"id\":\"1\",\"descripcion\":\"Singler 30 ML\",\"cantidad\":\"1\",\"stock\":\"16\",\"precio\":\"3900\",\"total\":\"3500\"},{\"id\":\"38\",\"descripcion\":\"fundas de colores\",\"cantidad\":\"1\",\"stock\":\"18\",\"precio\":\"1000\",\"total\":\"1000\"},{\"id\":\"35\",\"descripcion\":\"Sellador\",\"cantidad\":\"1\",\"stock\":\"418\",\"precio\":\"160\",\"total\":\"300\"},{\"id\":\"4\",\"descripcion\":\"Alcohol l\",\"cantidad\":\"10\",\"stock\":\"1467\",\"precio\":\"80\",\"total\":\"800\"}]', 0, 12600, 12600, 'Efectivo', '2023-12-14 22:55:12', 0.00, 0.00),
(51, 10045, 69, 3, '[{\"id\":\"54\",\"descripcion\":\"Angel Thery Caballero\",\"cantidad\":\"28\",\"stock\":\"170\",\"precio\":\"600\",\"total\":\"6800\"},{\"id\":\"1\",\"descripcion\":\"Singler 30 ML\",\"cantidad\":\"3\",\"stock\":\"13\",\"precio\":\"3900\",\"total\":\"11700\"},{\"id\":\"38\",\"descripcion\":\"fundas de colores\",\"cantidad\":\"3\",\"stock\":\"15\",\"precio\":\"1000\",\"total\":\"3000\"},{\"id\":\"4\",\"descripcion\":\"Alcohol l\",\"cantidad\":\"45\",\"stock\":\"1422\",\"precio\":\"80\",\"total\":\"3100\"},{\"id\":\"35\",\"descripcion\":\"Sellador\",\"cantidad\":\"3\",\"stock\":\"415\",\"precio\":\"160\",\"total\":\"2000\"},{\"id\":\"32\",\"descripcion\":\"Tommy\",\"cantidad\":\"14\",\"stock\":\"185\",\"precio\":\"600\",\"total\":\"9400\"}]', 0, 36000, 36000, 'Efectivo', '2024-01-03 04:02:45', 0.00, 0.00),
(54, 10046, 40, 3, '[{\"id\":\"4\",\"descripcion\":\"Alcohol l\",\"cantidad\":\"15\",\"stock\":\"1452\",\"precio\":\"80\",\"total\":\"1200\"},{\"id\":\"23\",\"descripcion\":\"Paris Hilton Dama\",\"cantidad\":\"14\",\"stock\":\"126\",\"precio\":\"600\",\"total\":\"6000\"},{\"id\":\"7\",\"descripcion\":\"tacon 30ml\",\"cantidad\":\"1\",\"stock\":\"0\",\"precio\":\"8600\",\"total\":\"8600\"},{\"id\":\"35\",\"descripcion\":\"Sellador\",\"cantidad\":\"1\",\"stock\":\"417\",\"precio\":\"160\",\"total\":\"200\"}]', 0, 16000, 16000, 'Crédito-0', '2023-12-17 01:18:12', 0.00, 0.00),
(55, 10047, 40, 3, '[{\"id\":\"3\",\"descripcion\":\"Perfume 3 ml\",\"cantidad\":\"1\",\"stock\":\"99\",\"precio\":\"1400\",\"total\":\"1700\"},{\"id\":\"53\",\"descripcion\":\"212 vip\",\"cantidad\":\"1\",\"stock\":\"53\",\"precio\":\"600\",\"total\":\"600\"}]', 0, 2300, 2300, 'Efectivo', '2023-12-17 21:30:44', 0.00, 0.00),
(56, 10048, 69, 3, '[{\"id\":\"58\",\"descripcion\":\"Amber Gold\",\"cantidad\":\"14\",\"stock\":\"28\",\"precio\":\"600\",\"total\":\"6000\"},{\"id\":\"1\",\"descripcion\":\"Singler 30 ML\",\"cantidad\":\"1\",\"stock\":\"15\",\"precio\":\"3900\",\"total\":\"3900\"},{\"id\":\"38\",\"descripcion\":\"fundas de colores\",\"cantidad\":\"1\",\"stock\":\"17\",\"precio\":\"1000\",\"total\":\"1000\"},{\"id\":\"35\",\"descripcion\":\"Sellador\",\"cantidad\":\"1\",\"stock\":\"416\",\"precio\":\"160\",\"total\":\"100\"},{\"id\":\"4\",\"descripcion\":\"Alcohol l\",\"cantidad\":\"15\",\"stock\":\"1437\",\"precio\":\"80\",\"total\":\"1000\"}]', 0, 12000, 12000, 'Efectivo', '2024-01-03 04:03:09', 0.00, 0.00),
(57, 10049, 40, 3, '[{\"id\":\"7\",\"descripcion\":\"tacon 30ml\",\"cantidad\":\"1\",\"stock\":\"4\",\"precio\":\"8600\",\"total\":\"8600\"},{\"id\":\"41\",\"descripcion\":\"360 coral by perry\",\"cantidad\":\"16\",\"stock\":\"50\",\"precio\":\"600\",\"total\":\"6440\"},{\"id\":\"35\",\"descripcion\":\"Sellador\",\"cantidad\":\"1\",\"stock\":\"415\",\"precio\":\"160\",\"total\":\"160\"},{\"id\":\"4\",\"descripcion\":\"Alcohol l\",\"cantidad\":\"10\",\"stock\":\"1427\",\"precio\":\"80\",\"total\":\"800\"}]', 0, 16000, 16000, 'Crédito-0', '2023-12-17 21:34:15', 0.00, 0.00),
(58, 10050, 40, 3, '[{\"id\":\"66\",\"descripcion\":\"360 dama tradicional\",\"cantidad\":\"16\",\"stock\":\"36\",\"precio\":\"600\",\"total\":\"8600\"},{\"id\":\"23\",\"descripcion\":\"Paris Hilton Dama\",\"cantidad\":\"16\",\"stock\":\"110\",\"precio\":\"600\",\"total\":\"5600\"},{\"id\":\"4\",\"descripcion\":\"Alcohol l\",\"cantidad\":\"30\",\"stock\":\"1397\",\"precio\":\"80\",\"total\":\"2400\"},{\"id\":\"35\",\"descripcion\":\"Sellador\",\"cantidad\":\"2\",\"stock\":\"413\",\"precio\":\"160\",\"total\":\"400\"},{\"id\":\"1\",\"descripcion\":\"Singler 30 ML\",\"cantidad\":\"2\",\"stock\":\"13\",\"precio\":\"3900\",\"total\":\"7800\"},{\"id\":\"38\",\"descripcion\":\"fundas de colores\",\"cantidad\":\"2\",\"stock\":\"15\",\"precio\":\"1000\",\"total\":\"2000\"}]', 0, 26800, 26800, 'Efectivo', '2023-12-17 21:39:41', 0.00, 0.00),
(59, 10051, 70, 3, '[{\"id\":\"27\",\"descripcion\":\"La Vida es Bella\",\"cantidad\":\"16\",\"stock\":\"76\",\"precio\":\"600\",\"total\":\"10600\"},{\"id\":\"4\",\"descripcion\":\"Alcohol l\",\"cantidad\":\"12\",\"stock\":\"1385\",\"precio\":\"80\",\"total\":\"960\"},{\"id\":\"35\",\"descripcion\":\"Sellador\",\"cantidad\":\"1\",\"stock\":\"412\",\"precio\":\"160\",\"total\":\"440\"},{\"id\":\"38\",\"descripcion\":\"fundas de colores\",\"cantidad\":\"1\",\"stock\":\"14\",\"precio\":\"1000\",\"total\":\"1000\"},{\"id\":\"1\",\"descripcion\":\"Singler 30 ML\",\"cantidad\":\"1\",\"stock\":\"12\",\"precio\":\"3900\",\"total\":\"5000\"}]', 0, 18000, 18000, 'Efectivo', '2023-12-20 02:30:33', 0.00, 0.00),
(60, 10052, 32, 3, '[{\"id\":\"42\",\"descripcion\":\"toy voy caballero\",\"cantidad\":\"21\",\"stock\":\"139\",\"precio\":\"600\",\"total\":\"20600\"},{\"id\":\"24\",\"descripcion\":\"212-Vip-black\",\"cantidad\":\"14\",\"stock\":\"171\",\"precio\":\"600\",\"total\":\"8200\"},{\"id\":\"4\",\"descripcion\":\"Alcohol l\",\"cantidad\":\"1\",\"stock\":\"1384\",\"precio\":\"80\",\"total\":\"80\"},{\"id\":\"1\",\"descripcion\":\"Singler 30 ML\",\"cantidad\":\"2\",\"stock\":\"10\",\"precio\":\"3900\",\"total\":\"7800\"},{\"id\":\"38\",\"descripcion\":\"fundas de colores\",\"cantidad\":\"2\",\"stock\":\"12\",\"precio\":\"1000\",\"total\":\"2000\"},{\"id\":\"35\",\"descripcion\":\"Sellador\",\"cantidad\":\"2\",\"stock\":\"410\",\"precio\":\"160\",\"total\":\"320\"},{\"id\":\"34\",\"descripcion\":\"Feromonas\",\"cantidad\":\"1\",\"stock\":\"485\",\"precio\":\"1000\",\"total\":\"1000\"}]', 0, 40000, 40000, 'Efectivo', '2023-12-29 03:51:28', 0.00, 0.00),
(61, 10053, 53, 3, '[{\"id\":\"69\",\"descripcion\":\"Hugo Boss\",\"cantidad\":\"31\",\"stock\":\"80\",\"precio\":\"600\",\"total\":\"18600\"},{\"id\":\"35\",\"descripcion\":\"Sellador\",\"cantidad\":\"1\",\"stock\":\"409\",\"precio\":\"160\",\"total\":\"800\"},{\"id\":\"4\",\"descripcion\":\"Alcohol l\",\"cantidad\":\"20\",\"stock\":\"1364\",\"precio\":\"80\",\"total\":\"1600\"},{\"id\":\"14\",\"descripcion\":\"Jean Poul 50ml\",\"cantidad\":\"1\",\"stock\":\"5\",\"precio\":\"6000\",\"total\":\"6000\"},{\"id\":\"34\",\"descripcion\":\"Feromonas\",\"cantidad\":\"1\",\"stock\":\"484\",\"precio\":\"1000\",\"total\":\"5000\"}]', 0, 32000, 32000, 'Efectivo', '2023-12-20 03:21:40', 0.00, 0.00),
(62, 10054, 71, 3, '[{\"id\":\"6\",\"descripcion\":\"invitus 30ml\",\"cantidad\":\"1\",\"stock\":\"2\",\"precio\":\"6000\",\"total\":\"6000\"},{\"id\":\"42\",\"descripcion\":\"toy voy caballero\",\"cantidad\":\"17\",\"stock\":\"122\",\"precio\":\"600\",\"total\":\"10200\"},{\"id\":\"35\",\"descripcion\":\"Sellador\",\"cantidad\":\"1\",\"stock\":\"408\",\"precio\":\"160\",\"total\":\"3000\"},{\"id\":\"4\",\"descripcion\":\"Alcohol l\",\"cantidad\":\"10\",\"stock\":\"1354\",\"precio\":\"80\",\"total\":\"800\"}]', 0, 20000, 20000, 'Efectivo', '2023-12-20 03:33:36', 0.00, 0.00),
(64, 10055, 72, 3, '[{\"id\":\"9\",\"descripcion\":\"manzana 30ml\",\"cantidad\":\"2\",\"stock\":\"4\",\"precio\":\"4800\",\"total\":\"9600\"},{\"id\":\"65\",\"descripcion\":\"Carolina Herera\",\"cantidad\":\"34\",\"stock\":\"5\",\"precio\":\"600\",\"total\":\"20400\"},{\"id\":\"35\",\"descripcion\":\"Sellador\",\"cantidad\":\"2\",\"stock\":\"407\",\"precio\":\"160\",\"total\":\"5000\"},{\"id\":\"34\",\"descripcion\":\"Feromonas\",\"cantidad\":\"2\",\"stock\":\"482\",\"precio\":\"1000\",\"total\":\"4000\"},{\"id\":\"4\",\"descripcion\":\"Alcohol l\",\"cantidad\":\"30\",\"stock\":\"1334\",\"precio\":\"80\",\"total\":\"5000\"}]', 0, 44000, 44000, 'Efectivo', '2024-01-17 03:36:46', 0.00, 0.00),
(65, 10056, 73, 3, '[{\"id\":\"35\",\"descripcion\":\"Sellador\",\"cantidad\":\"1\",\"stock\":\"406\",\"precio\":\"160\",\"total\":\"48000\"}]', 0, 48000, 48000, 'Crédito-0', '2023-12-21 04:21:58', 0.00, 0.00),
(66, 10057, 40, 3, '[{\"id\":\"53\",\"descripcion\":\"212 vip\",\"cantidad\":\"14\",\"stock\":\"39\",\"precio\":\"600\",\"total\":\"5400\"},{\"id\":\"4\",\"descripcion\":\"Alcohol l\",\"cantidad\":\"14\",\"stock\":\"1320\",\"precio\":\"80\",\"total\":\"1300\"},{\"id\":\"35\",\"descripcion\":\"Sellador\",\"cantidad\":\"1\",\"stock\":\"405\",\"precio\":\"160\",\"total\":\"300\"},{\"id\":\"1\",\"descripcion\":\"Singler 30 ML\",\"cantidad\":\"1\",\"stock\":\"9\",\"precio\":\"3900\",\"total\":\"4000\"},{\"id\":\"38\",\"descripcion\":\"fundas de colores\",\"cantidad\":\"1\",\"stock\":\"11\",\"precio\":\"1000\",\"total\":\"1000\"}]', 0, 12000, 12000, 'Crédito-0', '2023-12-22 13:23:38', 0.00, 0.00),
(67, 10058, 65, 3, '[{\"id\":\"45\",\"descripcion\":\"olimpea\",\"cantidad\":\"19\",\"stock\":\"181\",\"precio\":\"600\",\"total\":\"20000\"},{\"id\":\"25\",\"descripcion\":\"CocoNut Pasion\",\"cantidad\":\"33\",\"stock\":\"152\",\"precio\":\"600\",\"total\":\"19700\"},{\"id\":\"67\",\"descripcion\":\"CORAZON 60 ML\",\"cantidad\":\"1\",\"stock\":\"2\",\"precio\":\"9000\",\"total\":\"9000\"},{\"id\":\"7\",\"descripcion\":\"tacon 30ml\",\"cantidad\":\"1\",\"stock\":\"3\",\"precio\":\"8600\",\"total\":\"8000\"},{\"id\":\"4\",\"descripcion\":\"Alcohol l\",\"cantidad\":\"25\",\"stock\":\"1295\",\"precio\":\"80\",\"total\":\"2000\"},{\"id\":\"35\",\"descripcion\":\"Sellador\",\"cantidad\":\"2\",\"stock\":\"403\",\"precio\":\"160\",\"total\":\"300\"},{\"id\":\"34\",\"descripcion\":\"Feromonas\",\"cantidad\":\"2\",\"stock\":\"480\",\"precio\":\"1000\",\"total\":\"2000\"}]', 0, 61000, 61000, 'Efectivo', '2024-01-16 04:15:04', 0.00, 0.00),
(68, 10059, 40, 3, '[{\"id\":\"92\",\"descripcion\":\"M7 CABALLERO\",\"cantidad\":\"15\",\"stock\":\"135\",\"precio\":\"600\",\"total\":\"7000\"},{\"id\":\"1\",\"descripcion\":\"Singler 30 ML\",\"cantidad\":\"1\",\"stock\":\"8\",\"precio\":\"3900\",\"total\":\"2900\"},{\"id\":\"38\",\"descripcion\":\"fundas de colores\",\"cantidad\":\"1\",\"stock\":\"10\",\"precio\":\"1000\",\"total\":\"1000\"},{\"id\":\"35\",\"descripcion\":\"Sellador\",\"cantidad\":\"1\",\"stock\":\"402\",\"precio\":\"160\",\"total\":\"100\"},{\"id\":\"4\",\"descripcion\":\"Alcohol l\",\"cantidad\":\"15\",\"stock\":\"1280\",\"precio\":\"80\",\"total\":\"1000\"}]', 0, 12000, 12000, 'Efectivo', '2023-12-25 21:12:57', 0.00, 0.00),
(69, 10060, 74, 3, '[{\"id\":\"65\",\"descripcion\":\"Carolina Herera\",\"cantidad\":\"15\",\"stock\":\"290\",\"precio\":\"600\",\"total\":\"9000\"},{\"id\":\"51\",\"descripcion\":\"360 CABALLERO\",\"cantidad\":\"15\",\"stock\":\"72\",\"precio\":\"600\",\"total\":\"9000\"},{\"id\":\"69\",\"descripcion\":\"Hugo Boss\",\"cantidad\":\"15\",\"stock\":\"65\",\"precio\":\"600\",\"total\":\"9000\"},{\"id\":\"74\",\"descripcion\":\"Good Girl dama\",\"cantidad\":\"15\",\"stock\":\"135\",\"precio\":\"600\",\"total\":\"9000\"},{\"id\":\"71\",\"descripcion\":\"273 dama\",\"cantidad\":\"15\",\"stock\":\"135\",\"precio\":\"600\",\"total\":\"9000\"},{\"id\":\"4\",\"descripcion\":\"Alcohol l\",\"cantidad\":\"75\",\"stock\":\"1205\",\"precio\":\"80\",\"total\":\"6000\"},{\"id\":\"35\",\"descripcion\":\"Sellador\",\"cantidad\":\"5\",\"stock\":\"397\",\"precio\":\"160\",\"total\":\"800\"},{\"id\":\"38\",\"descripcion\":\"fundas de colores\",\"cantidad\":\"5\",\"stock\":\"5\",\"precio\":\"1000\",\"total\":\"5000\"},{\"id\":\"1\",\"descripcion\":\"Singler 30 ML\",\"cantidad\":\"5\",\"stock\":\"123\",\"precio\":\"3900\",\"total\":\"18200\"}]', 0, 75000, 75000, 'Efectivo', '2024-02-08 20:52:23', 0.00, 0.00),
(70, 10061, 69, 3, '[{\"id\":\"63\",\"descripcion\":\"Solo Yambal\",\"cantidad\":\"15\",\"stock\":\"233\",\"precio\":\"600\",\"total\":\"6000\"},{\"id\":\"38\",\"descripcion\":\"fundas de colores\",\"cantidad\":\"1\",\"stock\":\"4\",\"precio\":\"1000\",\"total\":\"1000\"},{\"id\":\"1\",\"descripcion\":\"Singler 30 ML\",\"cantidad\":\"1\",\"stock\":\"122\",\"precio\":\"3900\",\"total\":\"3500\"},{\"id\":\"35\",\"descripcion\":\"Sellador\",\"cantidad\":\"1\",\"stock\":\"396\",\"precio\":\"160\",\"total\":\"300\"},{\"id\":\"4\",\"descripcion\":\"Alcohol l\",\"cantidad\":\"15\",\"stock\":\"1190\",\"precio\":\"80\",\"total\":\"1200\"}]', 0, 12000, 12000, 'Efectivo', '2024-01-03 04:03:23', 0.00, 0.00),
(71, 10062, 75, 3, '[{\"id\":\"96\",\"descripcion\":\"BHARARA KINGS\",\"cantidad\":\"17\",\"stock\":\"88\",\"precio\":\"1000\",\"total\":\"17000\"},{\"id\":\"54\",\"descripcion\":\"Angel Thery Caballero\",\"cantidad\":\"17\",\"stock\":\"481\",\"precio\":\"600\",\"total\":\"10200\"},{\"id\":\"1\",\"descripcion\":\"Singler 30 ML\",\"cantidad\":\"2\",\"stock\":\"120\",\"precio\":\"3900\",\"total\":\"7800\"},{\"id\":\"35\",\"descripcion\":\"Sellador\",\"cantidad\":\"2\",\"stock\":\"394\",\"precio\":\"160\",\"total\":\"1000\"},{\"id\":\"4\",\"descripcion\":\"Alcohol l\",\"cantidad\":\"25\",\"stock\":\"1165\",\"precio\":\"80\",\"total\":\"2000\"},{\"id\":\"38\",\"descripcion\":\"fundas de colores\",\"cantidad\":\"2\",\"stock\":\"2\",\"precio\":\"1000\",\"total\":\"2000\"}]', 0, 40000, 40000, 'Efectivo', '2024-03-03 19:29:37', 0.00, 0.00);
INSERT INTO `ventas` (`id`, `codigo`, `id_cliente`, `id_vendedor`, `productos`, `impuesto`, `neto`, `total`, `metodo_pago`, `fecha`, `saldo_pendiente`, `monto_abonado`) VALUES
(72, 10063, 76, 3, '[{\"id\":\"56\",\"descripcion\":\"Invitus caballero\",\"cantidad\":\"18\",\"stock\":\"282\",\"precio\":\"600\",\"total\":\"11000\"},{\"id\":\"85\",\"descripcion\":\"BLACK XS\",\"cantidad\":\"18\",\"stock\":\"182\",\"precio\":\"600\",\"total\":\"12000\"},{\"id\":\"4\",\"descripcion\":\"Alcohol l\",\"cantidad\":\"24\",\"stock\":\"1141\",\"precio\":\"80\",\"total\":\"3000\"},{\"id\":\"35\",\"descripcion\":\"Sellador\",\"cantidad\":\"2\",\"stock\":\"392\",\"precio\":\"160\",\"total\":\"2000\"},{\"id\":\"38\",\"descripcion\":\"fundas de colores\",\"cantidad\":\"2\",\"stock\":\"0\",\"precio\":\"1000\",\"total\":\"2000\"},{\"id\":\"1\",\"descripcion\":\"Singler 30 ML\",\"cantidad\":\"2\",\"stock\":\"118\",\"precio\":\"3900\",\"total\":\"8000\"},{\"id\":\"34\",\"descripcion\":\"Feromonas\",\"cantidad\":\"2\",\"stock\":\"478\",\"precio\":\"1000\",\"total\":\"2000\"}]', 0, 40000, 40000, 'Efectivo', '2023-12-29 03:52:16', 0.00, 0.00),
(73, 10064, 77, 3, '[{\"id\":\"81\",\"descripcion\":\"CIELO YAMBAL DAMA\",\"cantidad\":\"30\",\"stock\":\"120\",\"precio\":\"600\",\"total\":\"18000\"},{\"id\":\"67\",\"descripcion\":\"CORAZON 60 ML\",\"cantidad\":\"1\",\"stock\":\"1\",\"precio\":\"9000\",\"total\":\"9000\"},{\"id\":\"35\",\"descripcion\":\"Sellador\",\"cantidad\":\"3\",\"stock\":\"389\",\"precio\":\"160\",\"total\":\"2000\"},{\"id\":\"4\",\"descripcion\":\"Alcohol l\",\"cantidad\":\"35\",\"stock\":\"1106\",\"precio\":\"80\",\"total\":\"4000\"},{\"id\":\"9\",\"descripcion\":\"manzana 30ml\",\"cantidad\":\"1\",\"stock\":\"3\",\"precio\":\"4800\",\"total\":\"6000\"},{\"id\":\"65\",\"descripcion\":\"Carolina Herera\",\"cantidad\":\"15\",\"stock\":\"275\",\"precio\":\"600\",\"total\":\"9000\"},{\"id\":\"66\",\"descripcion\":\"360 dama tradicional\",\"cantidad\":\"15\",\"stock\":\"21\",\"precio\":\"600\",\"total\":\"9000\"},{\"id\":\"1\",\"descripcion\":\"Singler 30 ML\",\"cantidad\":\"1\",\"stock\":\"117\",\"precio\":\"3900\",\"total\":\"5000\"}]', 0, 62000, 62000, 'Efectivo', '2024-01-21 03:24:02', 0.00, 0.00),
(74, 10065, 35, 3, '[{\"id\":\"47\",\"descripcion\":\"lowey 7\",\"cantidad\":\"19\",\"stock\":\"141\",\"precio\":\"600\",\"total\":\"13000\"},{\"id\":\"4\",\"descripcion\":\"Alcohol l\",\"cantidad\":\"10\",\"stock\":\"1096\",\"precio\":\"80\",\"total\":\"1000\"},{\"id\":\"35\",\"descripcion\":\"Sellador\",\"cantidad\":\"1\",\"stock\":\"388\",\"precio\":\"160\",\"total\":\"5000\"},{\"id\":\"34\",\"descripcion\":\"Feromonas\",\"cantidad\":\"1\",\"stock\":\"477\",\"precio\":\"1000\",\"total\":\"1000\"}]', 0, 20000, 20000, 'Efectivo', '2024-02-03 01:55:01', 0.00, 0.00),
(75, 10066, 69, 3, '[{\"id\":\"54\",\"descripcion\":\"Angel Thery Caballero\",\"cantidad\":\"15\",\"stock\":\"466\",\"precio\":\"600\",\"total\":\"7000\"},{\"id\":\"35\",\"descripcion\":\"Sellador\",\"cantidad\":\"1\",\"stock\":\"387\",\"precio\":\"160\",\"total\":\"140\"},{\"id\":\"4\",\"descripcion\":\"Alcohol l\",\"cantidad\":\"12\",\"stock\":\"1084\",\"precio\":\"80\",\"total\":\"960\"},{\"id\":\"1\",\"descripcion\":\"Singler 30 ML\",\"cantidad\":\"1\",\"stock\":\"116\",\"precio\":\"3900\",\"total\":\"3900\"}]', 0, 12000, 12000, 'Efectivo', '2024-01-03 04:03:40', 0.00, 0.00),
(76, 10067, 78, 3, '[{\"id\":\"71\",\"descripcion\":\"273 dama\",\"cantidad\":\"16\",\"stock\":\"119\",\"precio\":\"600\",\"total\":\"10100\"},{\"id\":\"65\",\"descripcion\":\"Carolina Herera\",\"cantidad\":\"16\",\"stock\":\"259\",\"precio\":\"600\",\"total\":\"9600\"},{\"id\":\"26\",\"descripcion\":\"Black-xs-Aph\",\"cantidad\":\"16\",\"stock\":\"117\",\"precio\":\"600\",\"total\":\"9600\"},{\"id\":\"35\",\"descripcion\":\"Sellador\",\"cantidad\":\"3\",\"stock\":\"384\",\"precio\":\"160\",\"total\":\"1000\"},{\"id\":\"4\",\"descripcion\":\"Alcohol l\",\"cantidad\":\"36\",\"stock\":\"1048\",\"precio\":\"80\",\"total\":\"3000\"},{\"id\":\"1\",\"descripcion\":\"Singler 30 ML\",\"cantidad\":\"3\",\"stock\":\"113\",\"precio\":\"3900\",\"total\":\"11700\"}]', 0, 45000, 45000, 'Efectivo', '2023-12-29 03:49:12', 0.00, 0.00),
(77, 10068, 40, 3, '[{\"id\":\"81\",\"descripcion\":\"CIELO YAMBAL DAMA\",\"cantidad\":\"15\",\"stock\":\"105\",\"precio\":\"600\",\"total\":\"7000\"},{\"id\":\"35\",\"descripcion\":\"Sellador\",\"cantidad\":\"1\",\"stock\":\"383\",\"precio\":\"160\",\"total\":\"100\"},{\"id\":\"4\",\"descripcion\":\"Alcohol l\",\"cantidad\":\"14\",\"stock\":\"1034\",\"precio\":\"80\",\"total\":\"1000\"},{\"id\":\"1\",\"descripcion\":\"Singler 30 ML\",\"cantidad\":\"1\",\"stock\":\"112\",\"precio\":\"3900\",\"total\":\"3900\"}]', 0, 12000, 12000, 'Crédito-0', '2024-01-03 01:00:13', 0.00, 0.00),
(78, 10069, 79, 3, '[{\"id\":\"89\",\"descripcion\":\"INSURATION CABALLERO\",\"cantidad\":\"15\",\"stock\":\"135\",\"precio\":\"600\",\"total\":\"9000\"},{\"id\":\"56\",\"descripcion\":\"Invitus caballero\",\"cantidad\":\"15\",\"stock\":\"267\",\"precio\":\"600\",\"total\":\"9000\"},{\"id\":\"48\",\"descripcion\":\"Black xs lece\",\"cantidad\":\"15\",\"stock\":\"185\",\"precio\":\"600\",\"total\":\"9000\"},{\"id\":\"35\",\"descripcion\":\"Sellador\",\"cantidad\":\"3\",\"stock\":\"380\",\"precio\":\"160\",\"total\":\"2000\"},{\"id\":\"4\",\"descripcion\":\"Alcohol l\",\"cantidad\":\"45\",\"stock\":\"989\",\"precio\":\"80\",\"total\":\"5000\"},{\"id\":\"1\",\"descripcion\":\"Singler 30 ML\",\"cantidad\":\"3\",\"stock\":\"109\",\"precio\":\"3900\",\"total\":\"14000\"}]', 0, 48000, 48000, 'Efectivo', '2024-01-17 03:37:16', 0.00, 0.00),
(79, 10070, 34, 3, '[{\"id\":\"37\",\"descripcion\":\"boss orange\",\"cantidad\":\"36\",\"stock\":\"139\",\"precio\":\"600\",\"total\":\"23000\"},{\"id\":\"35\",\"descripcion\":\"Sellador\",\"cantidad\":\"2\",\"stock\":\"378\",\"precio\":\"160\",\"total\":\"2000\"},{\"id\":\"4\",\"descripcion\":\"Alcohol l\",\"cantidad\":\"25\",\"stock\":\"964\",\"precio\":\"80\",\"total\":\"2000\"},{\"id\":\"1\",\"descripcion\":\"Singler 30 ML\",\"cantidad\":\"2\",\"stock\":\"107\",\"precio\":\"3900\",\"total\":\"11000\"},{\"id\":\"34\",\"descripcion\":\"Feromonas\",\"cantidad\":\"2\",\"stock\":\"475\",\"precio\":\"1000\",\"total\":\"2000\"}]', 0, 40000, 40000, 'Efectivo', '2024-02-08 20:57:21', 0.00, 0.00),
(80, 10071, 80, 3, '[{\"id\":\"97\",\"descripcion\":\"FARENHEIT CABALLERO\",\"cantidad\":\"15\",\"stock\":\"135\",\"precio\":\"600\",\"total\":\"9000\"},{\"id\":\"92\",\"descripcion\":\"M7 CABALLERO\",\"cantidad\":\"30\",\"stock\":\"105\",\"precio\":\"600\",\"total\":\"18000\"},{\"id\":\"82\",\"descripcion\":\"212 CABALLERO\",\"cantidad\":\"15\",\"stock\":\"135\",\"precio\":\"600\",\"total\":\"9000\"},{\"id\":\"51\",\"descripcion\":\"360 CABALLERO\",\"cantidad\":\"15\",\"stock\":\"57\",\"precio\":\"600\",\"total\":\"9000\"},{\"id\":\"54\",\"descripcion\":\"Angel Thery Caballero\",\"cantidad\":\"30\",\"stock\":\"436\",\"precio\":\"600\",\"total\":\"18000\"},{\"id\":\"65\",\"descripcion\":\"Carolina Herera\",\"cantidad\":\"15\",\"stock\":\"244\",\"precio\":\"600\",\"total\":\"9000\"},{\"id\":\"23\",\"descripcion\":\"Paris Hilton Dama\",\"cantidad\":\"15\",\"stock\":\"95\",\"precio\":\"600\",\"total\":\"16000\"},{\"id\":\"25\",\"descripcion\":\"CocoNut Pasion\",\"cantidad\":\"15\",\"stock\":\"137\",\"precio\":\"600\",\"total\":\"20000\"},{\"id\":\"69\",\"descripcion\":\"Hugo Boss\",\"cantidad\":\"30\",\"stock\":\"35\",\"precio\":\"600\",\"total\":\"20000\"},{\"id\":\"85\",\"descripcion\":\"BLACK XS\",\"cantidad\":\"15\",\"stock\":\"167\",\"precio\":\"600\",\"total\":\"20000\"},{\"id\":\"88\",\"descripcion\":\"DECLARATION CABALLERO\",\"cantidad\":\"15\",\"stock\":\"135\",\"precio\":\"600\",\"total\":\"20000\"},{\"id\":\"35\",\"descripcion\":\"Sellador\",\"cantidad\":\"14\",\"stock\":\"364\",\"precio\":\"160\",\"total\":\"10000\"},{\"id\":\"4\",\"descripcion\":\"Alcohol l\",\"cantidad\":\"165\",\"stock\":\"799\",\"precio\":\"80\",\"total\":\"10000\"},{\"id\":\"1\",\"descripcion\":\"Singler 30 ML\",\"cantidad\":\"2\",\"stock\":\"105\",\"precio\":\"3900\",\"total\":\"10000\"}]', 0, 198000, 198000, 'Crédito-0', '2024-01-03 01:21:00', 0.00, 0.00),
(81, 10072, 81, 3, '[{\"id\":\"56\",\"descripcion\":\"Invitus caballero\",\"cantidad\":\"15\",\"stock\":\"252\",\"precio\":\"600\",\"total\":\"9000\"},{\"id\":\"1\",\"descripcion\":\"Singler 30 ML\",\"cantidad\":\"1\",\"stock\":\"104\",\"precio\":\"3900\",\"total\":\"4000\"},{\"id\":\"35\",\"descripcion\":\"Sellador\",\"cantidad\":\"1\",\"stock\":\"363\",\"precio\":\"160\",\"total\":\"1000\"},{\"id\":\"4\",\"descripcion\":\"Alcohol l\",\"cantidad\":\"14\",\"stock\":\"785\",\"precio\":\"80\",\"total\":\"2000\"}]', 0, 16000, 16000, 'Efectivo', '2024-02-17 03:04:03', 0.00, 0.00),
(82, 10073, 69, 3, '[{\"id\":\"54\",\"descripcion\":\"Angel Thery Caballero\",\"cantidad\":\"15\",\"stock\":\"421\",\"precio\":\"600\",\"total\":\"9000\"},{\"id\":\"59\",\"descripcion\":\"Amor Amor\",\"cantidad\":\"15\",\"stock\":\"185\",\"precio\":\"600\",\"total\":\"9000\"},{\"id\":\"22\",\"descripcion\":\"The-One-Dama\",\"cantidad\":\"15\",\"stock\":\"184\",\"precio\":\"600\",\"total\":\"9000\"},{\"id\":\"53\",\"descripcion\":\"212 vip\",\"cantidad\":\"15\",\"stock\":\"24\",\"precio\":\"600\",\"total\":\"9000\"},{\"id\":\"39\",\"descripcion\":\"jadore dama\",\"cantidad\":\"15\",\"stock\":\"72\",\"precio\":\"600\",\"total\":\"9000\"},{\"id\":\"25\",\"descripcion\":\"CocoNut Pasion\",\"cantidad\":\"15\",\"stock\":\"122\",\"precio\":\"600\",\"total\":\"9000\"},{\"id\":\"32\",\"descripcion\":\"Tommy\",\"cantidad\":\"15\",\"stock\":\"184\",\"precio\":\"600\",\"total\":\"17000\"},{\"id\":\"29\",\"descripcion\":\"Lacoste-Red\",\"cantidad\":\"15\",\"stock\":\"185\",\"precio\":\"600\",\"total\":\"10000\"},{\"id\":\"66\",\"descripcion\":\"360 dama tradicional\",\"cantidad\":\"15\",\"stock\":\"6\",\"precio\":\"600\",\"total\":\"15000\"},{\"id\":\"4\",\"descripcion\":\"Alcohol l\",\"cantidad\":\"120\",\"stock\":\"665\",\"precio\":\"80\",\"total\":\"10000\"},{\"id\":\"35\",\"descripcion\":\"Sellador\",\"cantidad\":\"9\",\"stock\":\"354\",\"precio\":\"160\",\"total\":\"2000\"}]', 0, 108000, 108000, 'Efectivo', '2024-01-11 01:56:23', 0.00, 0.00),
(83, 10074, 51, 3, '[{\"id\":\"34\",\"descripcion\":\"Feromonas\",\"cantidad\":\"2\",\"stock\":\"473\",\"precio\":\"1000\",\"total\":\"2000\"},{\"id\":\"63\",\"descripcion\":\"Solo Yambal\",\"cantidad\":\"35\",\"stock\":\"198\",\"precio\":\"600\",\"total\":\"21000\"},{\"id\":\"86\",\"descripcion\":\"BVULGARY\",\"cantidad\":\"35\",\"stock\":\"115\",\"precio\":\"600\",\"total\":\"21000\"},{\"id\":\"10\",\"descripcion\":\"Iris 50ml\",\"cantidad\":\"1\",\"stock\":\"6\",\"precio\":\"7000\",\"total\":\"7000\"},{\"id\":\"16\",\"descripcion\":\"Flaw 50ml\",\"cantidad\":\"1\",\"stock\":\"2\",\"precio\":\"6000\",\"total\":\"12000\"},{\"id\":\"4\",\"descripcion\":\"Alcohol l\",\"cantidad\":\"40\",\"stock\":\"625\",\"precio\":\"80\",\"total\":\"5000\"},{\"id\":\"35\",\"descripcion\":\"Sellador\",\"cantidad\":\"4\",\"stock\":\"350\",\"precio\":\"160\",\"total\":\"4000\"}]', 0, 72000, 72000, 'Efectivo', '2024-01-06 14:55:43', 0.00, 0.00),
(84, 10075, 69, 3, '[{\"id\":\"58\",\"descripcion\":\"Amber Gold\",\"cantidad\":\"15\",\"stock\":\"313\",\"precio\":\"600\",\"total\":\"7000\"},{\"id\":\"35\",\"descripcion\":\"Sellador\",\"cantidad\":\"1\",\"stock\":\"349\",\"precio\":\"160\",\"total\":\"1000\"},{\"id\":\"4\",\"descripcion\":\"Alcohol l\",\"cantidad\":\"14\",\"stock\":\"611\",\"precio\":\"80\",\"total\":\"1000\"},{\"id\":\"1\",\"descripcion\":\"Singler 30 ML\",\"cantidad\":\"1\",\"stock\":\"103\",\"precio\":\"3900\",\"total\":\"3000\"}]', 0, 12000, 12000, 'Efectivo', '2024-03-01 03:17:02', 0.00, 0.00),
(85, 10076, 40, 3, '[{\"id\":\"74\",\"descripcion\":\"Good Girl dama\",\"cantidad\":\"15\",\"stock\":\"120\",\"precio\":\"600\",\"total\":\"5000\"},{\"id\":\"4\",\"descripcion\":\"Alcohol l\",\"cantidad\":\"30\",\"stock\":\"292\",\"precio\":\"80\",\"total\":\"2000\"},{\"id\":\"35\",\"descripcion\":\"Sellador\",\"cantidad\":\"3\",\"stock\":\"321\",\"precio\":\"160\",\"total\":\"1000\"},{\"id\":\"1\",\"descripcion\":\"Singler 30 ML\",\"cantidad\":\"3\",\"stock\":\"204\",\"precio\":\"4000\",\"total\":\"12000\"},{\"id\":\"37\",\"descripcion\":\"boss orange\",\"cantidad\":\"19\",\"stock\":\"105\",\"precio\":\"600\",\"total\":\"10000\"},{\"id\":\"24\",\"descripcion\":\"212-Vip-black\",\"cantidad\":\"19\",\"stock\":\"122\",\"precio\":\"600\",\"total\":\"12000\"}]', 0, 42000, 42000, 'Crédito-0', '2024-01-25 03:13:38', 0.00, 0.00),
(86, 10077, 71, 3, '[{\"id\":\"111\",\"descripcion\":\"YARA DAMA\",\"cantidad\":\"18\",\"stock\":\"282\",\"precio\":\"600\",\"total\":\"11000\"},{\"id\":\"9\",\"descripcion\":\"manzana 30ml\",\"cantidad\":\"1\",\"stock\":\"2\",\"precio\":\"4800\",\"total\":\"5000\"},{\"id\":\"4\",\"descripcion\":\"Alcohol l\",\"cantidad\":\"10\",\"stock\":\"587\",\"precio\":\"80\",\"total\":\"1000\"},{\"id\":\"35\",\"descripcion\":\"Sellador\",\"cantidad\":\"1\",\"stock\":\"347\",\"precio\":\"160\",\"total\":\"3000\"}]', 0, 20000, 20000, 'Efectivo', '2024-01-19 12:33:31', 0.00, 0.00),
(87, 10078, 82, 3, '[{\"id\":\"54\",\"descripcion\":\"Angel Thery Caballero\",\"cantidad\":\"22\",\"stock\":\"399\",\"precio\":\"600\",\"total\":\"17000\"},{\"id\":\"34\",\"descripcion\":\"Feromonas\",\"cantidad\":\"1\",\"stock\":\"472\",\"precio\":\"1000\",\"total\":\"1000\"},{\"id\":\"35\",\"descripcion\":\"Sellador\",\"cantidad\":\"1\",\"stock\":\"346\",\"precio\":\"160\",\"total\":\"2000\"},{\"id\":\"4\",\"descripcion\":\"Alcohol l\",\"cantidad\":\"6\",\"stock\":\"581\",\"precio\":\"80\",\"total\":\"4000\"}]', 0, 24000, 24000, 'Efectivo', '2024-02-01 15:24:16', 0.00, 0.00),
(88, 10079, 83, 3, '[{\"id\":\"24\",\"descripcion\":\"212-Vip-black\",\"cantidad\":\"15\",\"stock\":\"156\",\"precio\":\"600\",\"total\":\"7000\"},{\"id\":\"1\",\"descripcion\":\"Singler 30 ML\",\"cantidad\":\"1\",\"stock\":\"221\",\"precio\":\"4000\",\"total\":\"4000\"},{\"id\":\"4\",\"descripcion\":\"Alcohol l\",\"cantidad\":\"14\",\"stock\":\"567\",\"precio\":\"80\",\"total\":\"900\"},{\"id\":\"35\",\"descripcion\":\"Sellador\",\"cantidad\":\"1\",\"stock\":\"345\",\"precio\":\"160\",\"total\":\"100\"}]', 0, 12000, 12000, 'Crédito-0', '2024-01-21 03:27:44', 0.00, 0.00),
(89, 10080, 84, 3, '[{\"id\":\"60\",\"descripcion\":\"Faconable\",\"cantidad\":\"15\",\"stock\":\"216\",\"precio\":\"600\",\"total\":\"9000\"},{\"id\":\"97\",\"descripcion\":\"FARENHEIT CABALLERO\",\"cantidad\":\"15\",\"stock\":\"120\",\"precio\":\"600\",\"total\":\"9000\"},{\"id\":\"24\",\"descripcion\":\"212-Vip-black\",\"cantidad\":\"15\",\"stock\":\"141\",\"precio\":\"600\",\"total\":\"9000\"},{\"id\":\"47\",\"descripcion\":\"lowey 7\",\"cantidad\":\"15\",\"stock\":\"126\",\"precio\":\"600\",\"total\":\"6000\"},{\"id\":\"37\",\"descripcion\":\"boss orange\",\"cantidad\":\"15\",\"stock\":\"124\",\"precio\":\"600\",\"total\":\"5000\"},{\"id\":\"4\",\"descripcion\":\"Alcohol l\",\"cantidad\":\"75\",\"stock\":\"492\",\"precio\":\"80\",\"total\":\"1000\"},{\"id\":\"35\",\"descripcion\":\"Sellador\",\"cantidad\":\"5\",\"stock\":\"340\",\"precio\":\"160\",\"total\":\"1000\"},{\"id\":\"1\",\"descripcion\":\"Singler 30 ML\",\"cantidad\":\"5\",\"stock\":\"216\",\"precio\":\"4000\",\"total\":\"20000\"}]', 0, 60000, 60000, 'Crédito-0', '2024-01-21 03:31:04', 0.00, 0.00),
(90, 10081, 40, 3, '[{\"id\":\"45\",\"descripcion\":\"olimpea\",\"cantidad\":\"15\",\"stock\":\"166\",\"precio\":\"600\",\"total\":\"6000\"},{\"id\":\"1\",\"descripcion\":\"Singler 30 ML\",\"cantidad\":\"1\",\"stock\":\"215\",\"precio\":\"4000\",\"total\":\"4000\"},{\"id\":\"4\",\"descripcion\":\"Alcohol l\",\"cantidad\":\"14\",\"stock\":\"478\",\"precio\":\"80\",\"total\":\"1000\"},{\"id\":\"35\",\"descripcion\":\"Sellador\",\"cantidad\":\"1\",\"stock\":\"339\",\"precio\":\"160\",\"total\":\"1000\"}]', 0, 12000, 12000, 'Crédito-0', '2024-01-21 03:32:26', 0.00, 0.00),
(91, 10082, 85, 3, '[{\"id\":\"23\",\"descripcion\":\"Paris Hilton Dama\",\"cantidad\":\"15\",\"stock\":\"80\",\"precio\":\"600\",\"total\":\"9000\"},{\"id\":\"35\",\"descripcion\":\"Sellador\",\"cantidad\":\"2\",\"stock\":\"337\",\"precio\":\"160\",\"total\":\"1000\"},{\"id\":\"4\",\"descripcion\":\"Alcohol l\",\"cantidad\":\"28\",\"stock\":\"450\",\"precio\":\"80\",\"total\":\"3000\"},{\"id\":\"9\",\"descripcion\":\"manzana 30ml\",\"cantidad\":\"1\",\"stock\":\"91\",\"precio\":\"5000\",\"total\":\"5000\"},{\"id\":\"1\",\"descripcion\":\"Singler 30 ML\",\"cantidad\":\"1\",\"stock\":\"214\",\"precio\":\"4000\",\"total\":\"4000\"},{\"id\":\"47\",\"descripcion\":\"lowey 7\",\"cantidad\":\"15\",\"stock\":\"111\",\"precio\":\"600\",\"total\":\"9000\"}]', 0, 31000, 31000, 'Efectivo', '2024-01-21 23:12:28', 0.00, 0.00),
(92, 10083, 32, 3, '[{\"id\":\"42\",\"descripcion\":\"toy voy caballero\",\"cantidad\":\"22\",\"stock\":\"117\",\"precio\":\"600\",\"total\":\"14000\"},{\"id\":\"35\",\"descripcion\":\"Sellador\",\"cantidad\":\"2\",\"stock\":\"335\",\"precio\":\"160\",\"total\":\"4000\"},{\"id\":\"4\",\"descripcion\":\"Alcohol l\",\"cantidad\":\"25\",\"stock\":\"425\",\"precio\":\"80\",\"total\":\"2000\"},{\"id\":\"1\",\"descripcion\":\"Singler 30 ML\",\"cantidad\":\"2\",\"stock\":\"212\",\"precio\":\"4000\",\"total\":\"10000\"},{\"id\":\"34\",\"descripcion\":\"Feromonas\",\"cantidad\":\"1\",\"stock\":\"471\",\"precio\":\"1000\",\"total\":\"1000\"},{\"id\":\"52\",\"descripcion\":\"Eros caballero\",\"cantidad\":\"15\",\"stock\":\"297\",\"precio\":\"600\",\"total\":\"9000\"}]', 0, 40000, 40000, 'Efectivo', '2024-02-01 15:24:59', 0.00, 0.00),
(93, 10084, 45, 3, '[{\"id\":\"63\",\"descripcion\":\"Solo Yambal\",\"cantidad\":\"15\",\"stock\":\"183\",\"precio\":\"600\",\"total\":\"8000\"},{\"id\":\"56\",\"descripcion\":\"Invitus caballero\",\"cantidad\":\"15\",\"stock\":\"237\",\"precio\":\"600\",\"total\":\"7000\"},{\"id\":\"1\",\"descripcion\":\"Singler 30 ML\",\"cantidad\":\"2\",\"stock\":\"210\",\"precio\":\"4000\",\"total\":\"6000\"},{\"id\":\"4\",\"descripcion\":\"Alcohol l\",\"cantidad\":\"25\",\"stock\":\"400\",\"precio\":\"80\",\"total\":\"2000\"},{\"id\":\"35\",\"descripcion\":\"Sellador\",\"cantidad\":\"2\",\"stock\":\"333\",\"precio\":\"160\",\"total\":\"1000\"}]', 0, 24000, 24000, 'Efectivo', '2024-01-31 04:46:42', 0.00, 0.00),
(94, 10085, 86, 3, '[{\"id\":\"112\",\"descripcion\":\"SAUVAGE MAN\",\"cantidad\":\"12\",\"stock\":\"48\",\"precio\":\"600\",\"total\":\"9000\"},{\"id\":\"109\",\"descripcion\":\"AQUA DI GIO\",\"cantidad\":\"12\",\"stock\":\"188\",\"precio\":\"600\",\"total\":\"4000\"},{\"id\":\"21\",\"descripcion\":\"One-Mil-Men\",\"cantidad\":\"12\",\"stock\":\"128\",\"precio\":\"600\",\"total\":\"7000\"},{\"id\":\"96\",\"descripcion\":\"BHARARA KINGS\",\"cantidad\":\"12\",\"stock\":\"76\",\"precio\":\"700\",\"total\":\"9000\"},{\"id\":\"5\",\"descripcion\":\"atlantic 30ml\",\"cantidad\":\"4\",\"stock\":\"140\",\"precio\":\"2350\",\"total\":\"9000\"},{\"id\":\"4\",\"descripcion\":\"Alcohol l\",\"cantidad\":\"35\",\"stock\":\"365\",\"precio\":\"80\",\"total\":\"1000\"},{\"id\":\"35\",\"descripcion\":\"Sellador\",\"cantidad\":\"4\",\"stock\":\"329\",\"precio\":\"160\",\"total\":\"1000\"},{\"id\":\"34\",\"descripcion\":\"Feromonas\",\"cantidad\":\"4\",\"stock\":\"467\",\"precio\":\"1000\",\"total\":\"3000\"}]', 0, 43000, 43000, 'Efectivo', '2024-01-24 03:36:58', 0.00, 0.00),
(95, 10086, 24, 3, '[{\"id\":\"54\",\"descripcion\":\"Angel Thery Caballero\",\"cantidad\":\"22\",\"stock\":\"377\",\"precio\":\"600\",\"total\":\"17000\"},{\"id\":\"1\",\"descripcion\":\"Singler 30 ML\",\"cantidad\":\"1\",\"stock\":\"209\",\"precio\":\"4000\",\"total\":\"4000\"},{\"id\":\"35\",\"descripcion\":\"Sellador\",\"cantidad\":\"1\",\"stock\":\"328\",\"precio\":\"160\",\"total\":\"1000\"},{\"id\":\"4\",\"descripcion\":\"Alcohol l\",\"cantidad\":\"7\",\"stock\":\"358\",\"precio\":\"80\",\"total\":\"1000\"},{\"id\":\"34\",\"descripcion\":\"Feromonas\",\"cantidad\":\"1\",\"stock\":\"466\",\"precio\":\"1000\",\"total\":\"1000\"}]', 0, 24000, 24000, 'Efectivo', '2024-02-08 21:01:28', 0.00, 0.00),
(96, 10087, 25, 3, '[{\"id\":\"54\",\"descripcion\":\"Angel Thery Caballero\",\"cantidad\":\"22\",\"stock\":\"355\",\"precio\":\"600\",\"total\":\"17000\"},{\"id\":\"35\",\"descripcion\":\"Sellador\",\"cantidad\":\"1\",\"stock\":\"327\",\"precio\":\"160\",\"total\":\"1000\"},{\"id\":\"4\",\"descripcion\":\"Alcohol l\",\"cantidad\":\"7\",\"stock\":\"351\",\"precio\":\"80\",\"total\":\"1000\"},{\"id\":\"1\",\"descripcion\":\"Singler 30 ML\",\"cantidad\":\"1\",\"stock\":\"208\",\"precio\":\"4000\",\"total\":\"4000\"},{\"id\":\"34\",\"descripcion\":\"Feromonas\",\"cantidad\":\"1\",\"stock\":\"465\",\"precio\":\"1000\",\"total\":\"1000\"}]', 0, 24000, 24000, 'Efectivo', '2024-02-08 21:01:00', 0.00, 0.00),
(97, 10088, 79, 3, '[{\"id\":\"65\",\"descripcion\":\"Carolina Herera\",\"cantidad\":\"15\",\"stock\":\"229\",\"precio\":\"600\",\"total\":\"9000\"},{\"id\":\"4\",\"descripcion\":\"Alcohol l\",\"cantidad\":\"14\",\"stock\":\"337\",\"precio\":\"80\",\"total\":\"1000\"},{\"id\":\"35\",\"descripcion\":\"Sellador\",\"cantidad\":\"1\",\"stock\":\"326\",\"precio\":\"160\",\"total\":\"1000\"},{\"id\":\"1\",\"descripcion\":\"Singler 30 ML\",\"cantidad\":\"1\",\"stock\":\"207\",\"precio\":\"4000\",\"total\":\"5000\"}]', 0, 16000, 16000, 'Crédito-0', '2024-01-24 12:46:14', 0.00, 0.00),
(98, 10089, 87, 3, '[{\"id\":\"53\",\"descripcion\":\"212 vip\",\"cantidad\":\"22\",\"stock\":\"488\",\"precio\":\"600\",\"total\":\"15000\"},{\"id\":\"34\",\"descripcion\":\"Feromonas\",\"cantidad\":\"1\",\"stock\":\"464\",\"precio\":\"1000\",\"total\":\"1000\"},{\"id\":\"1\",\"descripcion\":\"Singler 30 ML\",\"cantidad\":\"1\",\"stock\":\"206\",\"precio\":\"4000\",\"total\":\"4000\"},{\"id\":\"35\",\"descripcion\":\"Sellador\",\"cantidad\":\"1\",\"stock\":\"325\",\"precio\":\"160\",\"total\":\"1000\"},{\"id\":\"4\",\"descripcion\":\"Alcohol l\",\"cantidad\":\"5\",\"stock\":\"332\",\"precio\":\"80\",\"total\":\"3000\"}]', 0, 24000, 24000, 'Efectivo', '2024-02-03 01:58:37', 0.00, 0.00),
(99, 10090, 40, 3, '[{\"id\":\"63\",\"descripcion\":\"Solo Yambal\",\"cantidad\":\"15\",\"stock\":\"168\",\"precio\":\"600\",\"total\":\"9000\"},{\"id\":\"35\",\"descripcion\":\"Sellador\",\"cantidad\":\"1\",\"stock\":\"324\",\"precio\":\"160\",\"total\":\"3000\"},{\"id\":\"4\",\"descripcion\":\"Alcohol l\",\"cantidad\":\"14\",\"stock\":\"318\",\"precio\":\"80\",\"total\":\"3000\"}]', 0, 15000, 15000, 'Efectivo', '2024-01-25 03:15:28', 0.00, 0.00),
(100, 10091, 86, 3, '[{\"id\":\"33\",\"descripcion\":\"Ultra Male\",\"cantidad\":\"12\",\"stock\":\"187\",\"precio\":\"600\",\"total\":\"6000\"},{\"id\":\"4\",\"descripcion\":\"Alcohol l\",\"cantidad\":\"10\",\"stock\":\"308\",\"precio\":\"80\",\"total\":\"1000\"},{\"id\":\"35\",\"descripcion\":\"Sellador\",\"cantidad\":\"1\",\"stock\":\"323\",\"precio\":\"160\",\"total\":\"1000\"},{\"id\":\"5\",\"descripcion\":\"atlantic 30ml\",\"cantidad\":\"1\",\"stock\":\"139\",\"precio\":\"2350\",\"total\":\"2000\"},{\"id\":\"34\",\"descripcion\":\"Feromonas\",\"cantidad\":\"1\",\"stock\":\"463\",\"precio\":\"1000\",\"total\":\"1000\"}]', 0, 11000, 11000, 'Efectivo', '2024-02-15 02:50:42', 0.00, 0.00),
(101, 10092, 83, 3, '[{\"id\":\"92\",\"descripcion\":\"M7 CABALLERO\",\"cantidad\":\"15\",\"stock\":\"90\",\"precio\":\"600\",\"total\":\"6000\"},{\"id\":\"35\",\"descripcion\":\"Sellador\",\"cantidad\":\"1\",\"stock\":\"320\",\"precio\":\"160\",\"total\":\"1000\"},{\"id\":\"4\",\"descripcion\":\"Alcohol l\",\"cantidad\":\"14\",\"stock\":\"278\",\"precio\":\"80\",\"total\":\"1000\"},{\"id\":\"1\",\"descripcion\":\"Singler 30 ML\",\"cantidad\":\"1\",\"stock\":\"203\",\"precio\":\"4000\",\"total\":\"4000\"}]', 0, 12000, 12000, 'Crédito-0', '2024-01-25 03:28:28', 0.00, 0.00),
(102, 10093, 90, 3, '[{\"id\":\"53\",\"descripcion\":\"212 vip\",\"cantidad\":\"15\",\"stock\":\"473\",\"precio\":\"600\",\"total\":\"9000\"},{\"id\":\"113\",\"descripcion\":\"FANTASY MIDNIGHT\",\"cantidad\":\"15\",\"stock\":\"68\",\"precio\":\"600\",\"total\":\"9000\"},{\"id\":\"4\",\"descripcion\":\"Alcohol l\",\"cantidad\":\"28\",\"stock\":\"250\",\"precio\":\"80\",\"total\":\"5000\"},{\"id\":\"35\",\"descripcion\":\"Sellador\",\"cantidad\":\"2\",\"stock\":\"318\",\"precio\":\"160\",\"total\":\"1000\"},{\"id\":\"1\",\"descripcion\":\"Singler 30 ML\",\"cantidad\":\"2\",\"stock\":\"201\",\"precio\":\"4000\",\"total\":\"8000\"}]', 0, 32000, 32000, 'Efectivo', '2024-01-31 04:51:13', 0.00, 0.00),
(103, 10094, 26, 3, '[{\"id\":\"114\",\"descripcion\":\"212 VIP WINS\",\"cantidad\":\"33\",\"stock\":\"59\",\"precio\":\"600\",\"total\":\"20000\"},{\"id\":\"34\",\"descripcion\":\"Feromonas\",\"cantidad\":\"1\",\"stock\":\"462\",\"precio\":\"1000\",\"total\":\"1000\"},{\"id\":\"18\",\"descripcion\":\"cartier 60ml\",\"cantidad\":\"1\",\"stock\":\"2\",\"precio\":\"6000\",\"total\":\"6000\"},{\"id\":\"4\",\"descripcion\":\"Alcohol l\",\"cantidad\":\"20\",\"stock\":\"230\",\"precio\":\"80\",\"total\":\"2000\"},{\"id\":\"35\",\"descripcion\":\"Sellador\",\"cantidad\":\"2\",\"stock\":\"316\",\"precio\":\"160\",\"total\":\"4000\"}]', 0, 33000, 33000, 'Efectivo', '2024-02-01 15:24:41', 0.00, 0.00),
(104, 10095, 91, 3, '[{\"id\":\"114\",\"descripcion\":\"212 VIP WINS\",\"cantidad\":\"19\",\"stock\":\"40\",\"precio\":\"600\",\"total\":\"20000\"},{\"id\":\"53\",\"descripcion\":\"212 vip\",\"cantidad\":\"19\",\"stock\":\"454\",\"precio\":\"600\",\"total\":\"13000\"},{\"id\":\"23\",\"descripcion\":\"Paris Hilton Dama\",\"cantidad\":\"19\",\"stock\":\"61\",\"precio\":\"600\",\"total\":\"12000\"},{\"id\":\"77\",\"descripcion\":\"LOQUITO POR TI DAMA\",\"cantidad\":\"19\",\"stock\":\"131\",\"precio\":\"600\",\"total\":\"10000\"},{\"id\":\"35\",\"descripcion\":\"Sellador\",\"cantidad\":\"4\",\"stock\":\"312\",\"precio\":\"160\",\"total\":\"6000\"},{\"id\":\"4\",\"descripcion\":\"Alcohol l\",\"cantidad\":\"36\",\"stock\":\"194\",\"precio\":\"80\",\"total\":\"3000\"},{\"id\":\"1\",\"descripcion\":\"Singler 30 ML\",\"cantidad\":\"4\",\"stock\":\"197\",\"precio\":\"4000\",\"total\":\"16000\"}]', 0, 80000, 80000, 'Efectivo', '2024-01-31 04:50:34', 0.00, 0.00),
(105, 10096, 93, 3, '[{\"id\":\"77\",\"descripcion\":\"LOQUITO POR TI DAMA\",\"cantidad\":\"15\",\"stock\":\"116\",\"precio\":\"600\",\"total\":\"9000\"},{\"id\":\"4\",\"descripcion\":\"Alcohol l\",\"cantidad\":\"12\",\"stock\":\"182\",\"precio\":\"80\",\"total\":\"1000\"},{\"id\":\"35\",\"descripcion\":\"Sellador\",\"cantidad\":\"1\",\"stock\":\"311\",\"precio\":\"160\",\"total\":\"1000\"},{\"id\":\"1\",\"descripcion\":\"Singler 30 ML\",\"cantidad\":\"1\",\"stock\":\"196\",\"precio\":\"4000\",\"total\":\"5000\"}]', 0, 16000, 16000, 'Crédito-0', '2024-01-25 03:58:54', 0.00, 0.00),
(106, 10097, 77, 3, '[{\"id\":\"66\",\"descripcion\":\"360 dama tradicional\",\"cantidad\":\"30\",\"stock\":\"170\",\"precio\":\"600\",\"total\":\"17000\"},{\"id\":\"35\",\"descripcion\":\"Sellador\",\"cantidad\":\"1\",\"stock\":\"310\",\"precio\":\"160\",\"total\":\"1000\"},{\"id\":\"4\",\"descripcion\":\"Alcohol l\",\"cantidad\":\"15\",\"stock\":\"167\",\"precio\":\"80\",\"total\":\"1000\"},{\"id\":\"67\",\"descripcion\":\"CORAZON 60 ML\",\"cantidad\":\"1\",\"stock\":\"0\",\"precio\":\"10000\",\"total\":\"8000\"}]', 0, 27000, 27000, 'Efectivo', '2024-01-31 04:51:52', 0.00, 0.00),
(107, 10098, 92, 3, '[{\"id\":\"74\",\"descripcion\":\"Good Girl dama\",\"cantidad\":\"15\",\"stock\":\"105\",\"precio\":\"600\",\"total\":\"9000\"},{\"id\":\"35\",\"descripcion\":\"Sellador\",\"cantidad\":\"1\",\"stock\":\"309\",\"precio\":\"160\",\"total\":\"1000\"},{\"id\":\"4\",\"descripcion\":\"Alcohol l\",\"cantidad\":\"14\",\"stock\":\"153\",\"precio\":\"80\",\"total\":\"1000\"},{\"id\":\"1\",\"descripcion\":\"Singler 30 ML\",\"cantidad\":\"1\",\"stock\":\"195\",\"precio\":\"4000\",\"total\":\"5000\"}]', 0, 16000, 16000, 'Efectivo', '2024-02-02 04:27:35', 0.00, 0.00),
(108, 10099, 94, 3, '[{\"id\":\"63\",\"descripcion\":\"Solo Yambal\",\"cantidad\":\"15\",\"stock\":\"153\",\"precio\":\"600\",\"total\":\"9000\"},{\"id\":\"35\",\"descripcion\":\"Sellador\",\"cantidad\":\"1\",\"stock\":\"308\",\"precio\":\"160\",\"total\":\"2000\"},{\"id\":\"4\",\"descripcion\":\"Alcohol l\",\"cantidad\":\"1\",\"stock\":\"152\",\"precio\":\"80\",\"total\":\"1000\"},{\"id\":\"1\",\"descripcion\":\"Singler 30 ML\",\"cantidad\":\"1\",\"stock\":\"194\",\"precio\":\"4000\",\"total\":\"4000\"}]', 0, 16000, 16000, 'Efectivo', '2024-01-31 04:53:08', 0.00, 0.00),
(109, 10100, 37, 3, '[{\"id\":\"66\",\"descripcion\":\"360 dama tradicional\",\"cantidad\":\"19\",\"stock\":\"151\",\"precio\":\"600\",\"total\":\"11000\"},{\"id\":\"34\",\"descripcion\":\"Feromonas\",\"cantidad\":\"1\",\"stock\":\"461\",\"precio\":\"1000\",\"total\":\"1000\"},{\"id\":\"4\",\"descripcion\":\"Alcohol l\",\"cantidad\":\"1\",\"stock\":\"151\",\"precio\":\"80\",\"total\":\"2000\"},{\"id\":\"35\",\"descripcion\":\"Sellador\",\"cantidad\":\"1\",\"stock\":\"307\",\"precio\":\"160\",\"total\":\"2000\"},{\"id\":\"1\",\"descripcion\":\"Singler 30 ML\",\"cantidad\":\"1\",\"stock\":\"193\",\"precio\":\"4000\",\"total\":\"4000\"}]', 0, 20000, 20000, 'Efectivo', '2024-01-30 03:46:26', 0.00, 0.00),
(110, 10101, 24, 3, '[{\"id\":\"27\",\"descripcion\":\"La Vida es Bella\",\"cantidad\":\"22\",\"stock\":\"54\",\"precio\":\"600\",\"total\":\"14000\"},{\"id\":\"34\",\"descripcion\":\"Feromonas\",\"cantidad\":\"1\",\"stock\":\"460\",\"precio\":\"1000\",\"total\":\"1000\"},{\"id\":\"35\",\"descripcion\":\"Sellador\",\"cantidad\":\"1\",\"stock\":\"306\",\"precio\":\"160\",\"total\":\"2000\"},{\"id\":\"4\",\"descripcion\":\"Alcohol l\",\"cantidad\":\"10\",\"stock\":\"141\",\"precio\":\"80\",\"total\":\"2000\"},{\"id\":\"1\",\"descripcion\":\"Singler 30 ML\",\"cantidad\":\"1\",\"stock\":\"192\",\"precio\":\"4000\",\"total\":\"5000\"}]', 0, 24000, 24000, 'Efectivo', '2024-02-03 01:59:10', 0.00, 0.00),
(111, 10102, 95, 3, '[{\"id\":\"33\",\"descripcion\":\"Ultra Male\",\"cantidad\":\"28\",\"stock\":\"159\",\"precio\":\"600\",\"total\":\"22000\"},{\"id\":\"1\",\"descripcion\":\"Singler 30 ML\",\"cantidad\":\"1\",\"stock\":\"191\",\"precio\":\"4000\",\"total\":\"4000\"},{\"id\":\"34\",\"descripcion\":\"Feromonas\",\"cantidad\":\"1\",\"stock\":\"459\",\"precio\":\"1000\",\"total\":\"1000\"}]', 0, 27000, 27000, 'Efectivo', '2024-02-01 15:24:01', 0.00, 0.00),
(112, 10103, 79, 3, '[{\"id\":\"81\",\"descripcion\":\"CIELO YAMBAL DAMA\",\"cantidad\":\"15\",\"stock\":\"90\",\"precio\":\"600\",\"total\":\"9000\"},{\"id\":\"65\",\"descripcion\":\"Carolina Herera\",\"cantidad\":\"15\",\"stock\":\"214\",\"precio\":\"600\",\"total\":\"9000\"},{\"id\":\"35\",\"descripcion\":\"Sellador\",\"cantidad\":\"2\",\"stock\":\"304\",\"precio\":\"160\",\"total\":\"1000\"},{\"id\":\"4\",\"descripcion\":\"Alcohol l\",\"cantidad\":\"26\",\"stock\":\"115\",\"precio\":\"80\",\"total\":\"3000\"},{\"id\":\"1\",\"descripcion\":\"Singler 30 ML\",\"cantidad\":\"2\",\"stock\":\"189\",\"precio\":\"4000\",\"total\":\"7000\"}]', 0, 29000, 29000, 'Crédito-0', '2024-01-28 23:57:27', 0.00, 0.00),
(113, 10104, 96, 3, '[{\"id\":\"30\",\"descripcion\":\"Eternity\",\"cantidad\":\"23\",\"stock\":\"162\",\"precio\":\"600\",\"total\":\"14000\"},{\"id\":\"1\",\"descripcion\":\"Singler 30 ML\",\"cantidad\":\"1\",\"stock\":\"188\",\"precio\":\"4000\",\"total\":\"4000\"},{\"id\":\"115\",\"descripcion\":\"BOLSAS BOUQUE\",\"cantidad\":\"1\",\"stock\":\"999\",\"precio\":\"670\",\"total\":\"3000\"},{\"id\":\"35\",\"descripcion\":\"Sellador\",\"cantidad\":\"1\",\"stock\":\"303\",\"precio\":\"160\",\"total\":\"1000\"},{\"id\":\"4\",\"descripcion\":\"Alcohol l\",\"cantidad\":\"12\",\"stock\":\"103\",\"precio\":\"80\",\"total\":\"2000\"},{\"id\":\"34\",\"descripcion\":\"Feromonas\",\"cantidad\":\"1\",\"stock\":\"458\",\"precio\":\"1000\",\"total\":\"1000\"}]', 0, 25000, 25000, 'Efectivo', '2024-02-03 01:59:40', 0.00, 0.00),
(114, 10105, 38, 3, '[{\"id\":\"30\",\"descripcion\":\"Eternity\",\"cantidad\":\"18\",\"stock\":\"144\",\"precio\":\"600\",\"total\":\"11000\"},{\"id\":\"33\",\"descripcion\":\"Ultra Male\",\"cantidad\":\"18\",\"stock\":\"141\",\"precio\":\"600\",\"total\":\"11000\"},{\"id\":\"69\",\"descripcion\":\"Hugo Boss\",\"cantidad\":\"18\",\"stock\":\"527\",\"precio\":\"600\",\"total\":\"11000\"},{\"id\":\"1\",\"descripcion\":\"Singler 30 ML\",\"cantidad\":\"3\",\"stock\":\"185\",\"precio\":\"4000\",\"total\":\"12000\"},{\"id\":\"115\",\"descripcion\":\"BOLSAS BOUQUE\",\"cantidad\":\"1\",\"stock\":\"998\",\"precio\":\"670\",\"total\":\"2000\"},{\"id\":\"4\",\"descripcion\":\"Alcohol l\",\"cantidad\":\"30\",\"stock\":\"73\",\"precio\":\"80\",\"total\":\"3000\"},{\"id\":\"35\",\"descripcion\":\"Sellador\",\"cantidad\":\"3\",\"stock\":\"300\",\"precio\":\"160\",\"total\":\"1000\"}]', 0, 51000, 51000, 'Efectivo', '2024-01-31 04:50:04', 0.00, 0.00),
(115, 10106, 97, 3, '[{\"id\":\"25\",\"descripcion\":\"CocoNut Pasion\",\"cantidad\":\"16\",\"stock\":\"106\",\"precio\":\"600\",\"total\":\"9000\"},{\"id\":\"115\",\"descripcion\":\"BOLSAS BOUQUE\",\"cantidad\":\"1\",\"stock\":\"997\",\"precio\":\"670\",\"total\":\"1000\"},{\"id\":\"1\",\"descripcion\":\"Singler 30 ML\",\"cantidad\":\"1\",\"stock\":\"184\",\"precio\":\"4000\",\"total\":\"4000\"},{\"id\":\"35\",\"descripcion\":\"Sellador\",\"cantidad\":\"1\",\"stock\":\"299\",\"precio\":\"160\",\"total\":\"1000\"},{\"id\":\"4\",\"descripcion\":\"Alcohol l\",\"cantidad\":\"12\",\"stock\":\"61\",\"precio\":\"80\",\"total\":\"1000\"}]', 0, 16000, 16000, 'Efectivo', '2024-02-21 19:23:56', 0.00, 0.00),
(116, 10107, 98, 3, '[{\"id\":\"10\",\"descripcion\":\"Iris 50ml\",\"cantidad\":\"1\",\"stock\":\"5\",\"precio\":\"7000\",\"total\":\"7000\"},{\"id\":\"25\",\"descripcion\":\"CocoNut Pasion\",\"cantidad\":\"31\",\"stock\":\"75\",\"precio\":\"600\",\"total\":\"18600\"},{\"id\":\"4\",\"descripcion\":\"Alcohol l\",\"cantidad\":\"18\",\"stock\":\"43\",\"precio\":\"80\",\"total\":\"1440\"},{\"id\":\"35\",\"descripcion\":\"Sellador\",\"cantidad\":\"2\",\"stock\":\"297\",\"precio\":\"160\",\"total\":\"320\"},{\"id\":\"115\",\"descripcion\":\"BOLSAS BOUQUE\",\"cantidad\":\"1\",\"stock\":\"996\",\"precio\":\"670\",\"total\":\"640\"}]', 0, 28000, 28000, 'Efectivo', '2024-02-08 21:02:39', 0.00, 0.00),
(117, 10108, 94, 3, '[{\"id\":\"65\",\"descripcion\":\"Carolina Herera\",\"cantidad\":\"32\",\"stock\":\"182\",\"precio\":\"600\",\"total\":\"20000\"},{\"id\":\"1\",\"descripcion\":\"Singler 30 ML\",\"cantidad\":\"2\",\"stock\":\"182\",\"precio\":\"4000\",\"total\":\"8000\"},{\"id\":\"115\",\"descripcion\":\"BOLSAS BOUQUE\",\"cantidad\":\"1\",\"stock\":\"995\",\"precio\":\"670\",\"total\":\"1000\"},{\"id\":\"4\",\"descripcion\":\"Alcohol l\",\"cantidad\":\"20\",\"stock\":\"23\",\"precio\":\"80\",\"total\":\"2000\"},{\"id\":\"35\",\"descripcion\":\"Sellador\",\"cantidad\":\"2\",\"stock\":\"295\",\"precio\":\"160\",\"total\":\"1000\"}]', 0, 32000, 32000, 'Crédito-0', '2024-02-01 16:27:01', 0.00, 0.00),
(118, 10109, 99, 3, '[{\"id\":\"77\",\"descripcion\":\"LOQUITO POR TI DAMA\",\"cantidad\":\"19\",\"stock\":\"97\",\"precio\":\"600\",\"total\":\"11000\"},{\"id\":\"35\",\"descripcion\":\"Sellador\",\"cantidad\":\"1\",\"stock\":\"294\",\"precio\":\"160\",\"total\":\"300\"},{\"id\":\"1\",\"descripcion\":\"Singler 30 ML\",\"cantidad\":\"1\",\"stock\":\"181\",\"precio\":\"4000\",\"total\":\"4000\"},{\"id\":\"4\",\"descripcion\":\"Alcohol l\",\"cantidad\":\"10\",\"stock\":\"13\",\"precio\":\"80\",\"total\":\"800\"},{\"id\":\"115\",\"descripcion\":\"BOLSAS BOUQUE\",\"cantidad\":\"1\",\"stock\":\"994\",\"precio\":\"670\",\"total\":\"700\"}]', 0, 16800, 16800, 'Efectivo', '2024-02-03 02:00:05', 0.00, 0.00),
(119, 10110, 100, 3, '[{\"id\":\"42\",\"descripcion\":\"toy voy caballero\",\"cantidad\":\"18\",\"stock\":\"99\",\"precio\":\"600\",\"total\":\"10800\"},{\"id\":\"35\",\"descripcion\":\"Sellador\",\"cantidad\":\"1\",\"stock\":\"293\",\"precio\":\"160\",\"total\":\"160\"},{\"id\":\"4\",\"descripcion\":\"Alcohol l\",\"cantidad\":\"13\",\"stock\":\"0\",\"precio\":\"80\",\"total\":\"1040\"},{\"id\":\"9\",\"descripcion\":\"manzana 30ml\",\"cantidad\":\"1\",\"stock\":\"90\",\"precio\":\"5000\",\"total\":\"8000\"}]', 0, 20000, 20000, 'Efectivo', '2024-02-17 03:07:45', 0.00, 0.00),
(120, 10111, 31, 3, '[{\"id\":\"40\",\"descripcion\":\"can can dama\",\"cantidad\":\"15\",\"stock\":\"199\",\"precio\":\"600\",\"total\":\"9000\"},{\"id\":\"1\",\"descripcion\":\"Singler 30 ML\",\"cantidad\":\"1\",\"stock\":\"180\",\"precio\":\"4000\",\"total\":\"4000\"},{\"id\":\"35\",\"descripcion\":\"Sellador\",\"cantidad\":\"1\",\"stock\":\"292\",\"precio\":\"160\",\"total\":\"2000\"},{\"id\":\"115\",\"descripcion\":\"BOLSAS BOUQUE\",\"cantidad\":\"1\",\"stock\":\"993\",\"precio\":\"670\",\"total\":\"1000\"}]', 0, 16000, 16000, 'Crédito-0', '2024-02-02 04:20:51', 0.00, 0.00),
(121, 10112, 101, 3, '[{\"id\":\"53\",\"descripcion\":\"212 vip\",\"cantidad\":\"15\",\"stock\":\"439\",\"precio\":\"600\",\"total\":\"9000\"},{\"id\":\"1\",\"descripcion\":\"Singler 30 ML\",\"cantidad\":\"1\",\"stock\":\"179\",\"precio\":\"4000\",\"total\":\"4000\"},{\"id\":\"115\",\"descripcion\":\"BOLSAS BOUQUE\",\"cantidad\":\"1\",\"stock\":\"992\",\"precio\":\"670\",\"total\":\"1000\"},{\"id\":\"35\",\"descripcion\":\"Sellador\",\"cantidad\":\"1\",\"stock\":\"291\",\"precio\":\"160\",\"total\":\"2000\"}]', 0, 16000, 16000, 'Efectivo', '2024-02-27 13:12:18', 0.00, 0.00),
(122, 10113, 45, 3, '[{\"id\":\"54\",\"descripcion\":\"Angel Thery Caballero\",\"cantidad\":\"30\",\"stock\":\"325\",\"precio\":\"600\",\"total\":\"16000\"},{\"id\":\"65\",\"descripcion\":\"Carolina Herera\",\"cantidad\":\"15\",\"stock\":\"167\",\"precio\":\"600\",\"total\":\"7000\"},{\"id\":\"1\",\"descripcion\":\"Singler 30 ML\",\"cantidad\":\"3\",\"stock\":\"176\",\"precio\":\"4000\",\"total\":\"12000\"},{\"id\":\"35\",\"descripcion\":\"Sellador\",\"cantidad\":\"1\",\"stock\":\"290\",\"precio\":\"160\",\"total\":\"1000\"}]', 0, 36000, 36000, 'Efectivo', '2024-02-17 20:58:17', 0.00, 0.00),
(123, 10114, 100, 3, '[{\"id\":\"42\",\"descripcion\":\"toy voy caballero\",\"cantidad\":\"17\",\"stock\":\"82\",\"precio\":\"600\",\"total\":\"11000\"},{\"id\":\"34\",\"descripcion\":\"Feromonas\",\"cantidad\":\"1\",\"stock\":\"457\",\"precio\":\"1000\",\"total\":\"1000\"},{\"id\":\"6\",\"descripcion\":\"invitus 30ml\",\"cantidad\":\"1\",\"stock\":\"2\",\"precio\":\"6000\",\"total\":\"6000\"},{\"id\":\"35\",\"descripcion\":\"Sellador\",\"cantidad\":\"5\",\"stock\":\"285\",\"precio\":\"160\",\"total\":\"1000\"},{\"id\":\"115\",\"descripcion\":\"BOLSAS BOUQUE\",\"cantidad\":\"4\",\"stock\":\"988\",\"precio\":\"670\",\"total\":\"3000\"},{\"id\":\"74\",\"descripcion\":\"Good Girl dama\",\"cantidad\":\"66\",\"stock\":\"39\",\"precio\":\"600\",\"total\":\"40000\"},{\"id\":\"9\",\"descripcion\":\"manzana 30ml\",\"cantidad\":\"3\",\"stock\":\"87\",\"precio\":\"5000\",\"total\":\"15000\"},{\"id\":\"5\",\"descripcion\":\"atlantic 30ml\",\"cantidad\":\"1\",\"stock\":\"138\",\"precio\":\"2350\",\"total\":\"3000\"}]', 0, 80000, 80000, 'Efectivo', '2024-02-07 14:59:23', 0.00, 0.00),
(124, 10115, 102, 3, '[{\"id\":\"116\",\"descripcion\":\"LEMALE\",\"cantidad\":\"13\",\"stock\":\"68\",\"precio\":\"600\",\"total\":\"8000\"},{\"id\":\"42\",\"descripcion\":\"toy voy caballero\",\"cantidad\":\"13\",\"stock\":\"69\",\"precio\":\"600\",\"total\":\"8000\"},{\"id\":\"115\",\"descripcion\":\"BOLSAS BOUQUE\",\"cantidad\":\"1\",\"stock\":\"987\",\"precio\":\"670\",\"total\":\"1000\"},{\"id\":\"35\",\"descripcion\":\"Sellador\",\"cantidad\":\"1\",\"stock\":\"284\",\"precio\":\"160\",\"total\":\"1000\"},{\"id\":\"5\",\"descripcion\":\"atlantic 30ml\",\"cantidad\":\"2\",\"stock\":\"136\",\"precio\":\"2350\",\"total\":\"4000\"}]', 0, 22000, 22000, 'Efectivo', '2024-02-08 21:03:34', 0.00, 0.00),
(125, 10116, 45, 3, '[{\"id\":\"65\",\"descripcion\":\"Carolina Herera\",\"cantidad\":\"15\",\"stock\":\"152\",\"precio\":\"600\",\"total\":\"6000\"},{\"id\":\"66\",\"descripcion\":\"360 dama tradicional\",\"cantidad\":\"15\",\"stock\":\"136\",\"precio\":\"600\",\"total\":\"7000\"},{\"id\":\"1\",\"descripcion\":\"Singler 30 ML\",\"cantidad\":\"2\",\"stock\":\"174\",\"precio\":\"4000\",\"total\":\"7000\"},{\"id\":\"35\",\"descripcion\":\"Sellador\",\"cantidad\":\"1\",\"stock\":\"283\",\"precio\":\"160\",\"total\":\"1000\"},{\"id\":\"115\",\"descripcion\":\"BOLSAS BOUQUE\",\"cantidad\":\"2\",\"stock\":\"985\",\"precio\":\"670\",\"total\":\"1000\"},{\"id\":\"6\",\"descripcion\":\"invitus 30ml\",\"cantidad\":\"1\",\"stock\":\"1\",\"precio\":\"6000\",\"total\":\"2000\"}]', 0, 24000, 24000, 'Efectivo', '2024-02-17 20:58:32', 0.00, 0.00),
(126, 10117, 102, 3, '[{\"id\":\"31\",\"descripcion\":\"Osadia\",\"cantidad\":\"35\",\"stock\":\"165\",\"precio\":\"600\",\"total\":\"21000\"},{\"id\":\"56\",\"descripcion\":\"Invitus caballero\",\"cantidad\":\"50\",\"stock\":\"187\",\"precio\":\"600\",\"total\":\"30000\"},{\"id\":\"37\",\"descripcion\":\"boss orange\",\"cantidad\":\"15\",\"stock\":\"90\",\"precio\":\"600\",\"total\":\"9000\"},{\"id\":\"89\",\"descripcion\":\"INSURATION CABALLERO\",\"cantidad\":\"15\",\"stock\":\"120\",\"precio\":\"600\",\"total\":\"9000\"},{\"id\":\"48\",\"descripcion\":\"Black xs lece\",\"cantidad\":\"15\",\"stock\":\"170\",\"precio\":\"600\",\"total\":\"9000\"},{\"id\":\"33\",\"descripcion\":\"Ultra Male\",\"cantidad\":\"15\",\"stock\":\"126\",\"precio\":\"600\",\"total\":\"9000\"},{\"id\":\"42\",\"descripcion\":\"toy voy caballero\",\"cantidad\":\"15\",\"stock\":\"54\",\"precio\":\"600\",\"total\":\"9000\"},{\"id\":\"58\",\"descripcion\":\"Amber Gold\",\"cantidad\":\"15\",\"stock\":\"298\",\"precio\":\"600\",\"total\":\"9000\"},{\"id\":\"21\",\"descripcion\":\"One-Mil-Men\",\"cantidad\":\"15\",\"stock\":\"113\",\"precio\":\"600\",\"total\":\"9000\"},{\"id\":\"5\",\"descripcion\":\"atlantic 30ml\",\"cantidad\":\"14\",\"stock\":\"122\",\"precio\":\"2350\",\"total\":\"30000\"},{\"id\":\"35\",\"descripcion\":\"Sellador\",\"cantidad\":\"14\",\"stock\":\"269\",\"precio\":\"160\",\"total\":\"3000\"},{\"id\":\"115\",\"descripcion\":\"BOLSAS BOUQUE\",\"cantidad\":\"14\",\"stock\":\"971\",\"precio\":\"670\",\"total\":\"10000\"}]', 0, 157000, 157000, 'Efectivo', '2024-02-12 22:06:25', 0.00, 0.00),
(127, 10118, 102, 3, '[{\"id\":\"117\",\"descripcion\":\"OMBRE NOMADA\",\"cantidad\":\"15\",\"stock\":\"284\",\"precio\":\"600\",\"total\":\"3000\"}]', 0, 3000, 3000, 'Efectivo', '2024-02-12 22:06:40', 0.00, 0.00),
(128, 10119, 103, 3, '[{\"id\":\"56\",\"descripcion\":\"Invitus caballero\",\"cantidad\":\"17\",\"stock\":\"170\",\"precio\":\"600\",\"total\":\"11000\"},{\"id\":\"9\",\"descripcion\":\"manzana 30ml\",\"cantidad\":\"1\",\"stock\":\"86\",\"precio\":\"5000\",\"total\":\"5000\"},{\"id\":\"34\",\"descripcion\":\"Feromonas\",\"cantidad\":\"1\",\"stock\":\"456\",\"precio\":\"1000\",\"total\":\"1000\"},{\"id\":\"35\",\"descripcion\":\"Sellador\",\"cantidad\":\"1\",\"stock\":\"268\",\"precio\":\"160\",\"total\":\"1000\"},{\"id\":\"115\",\"descripcion\":\"BOLSAS BOUQUE\",\"cantidad\":\"1\",\"stock\":\"970\",\"precio\":\"670\",\"total\":\"2000\"}]', 0, 20000, 20000, 'Efectivo', '2024-02-14 03:18:52', 0.00, 0.00),
(129, 10120, 32, 3, '[{\"id\":\"42\",\"descripcion\":\"toy voy caballero\",\"cantidad\":\"22\",\"stock\":\"32\",\"precio\":\"600\",\"total\":\"17000\"},{\"id\":\"52\",\"descripcion\":\"Eros caballero\",\"cantidad\":\"15\",\"stock\":\"282\",\"precio\":\"600\",\"total\":\"14000\"},{\"id\":\"115\",\"descripcion\":\"BOLSAS BOUQUE\",\"cantidad\":\"1\",\"stock\":\"969\",\"precio\":\"670\",\"total\":\"1000\"},{\"id\":\"1\",\"descripcion\":\"Singler 30 ML\",\"cantidad\":\"2\",\"stock\":\"172\",\"precio\":\"4000\",\"total\":\"7000\"},{\"id\":\"34\",\"descripcion\":\"Feromonas\",\"cantidad\":\"1\",\"stock\":\"455\",\"precio\":\"1000\",\"total\":\"1000\"}]', 0, 40000, 40000, 'Efectivo', '2024-02-29 21:55:21', 0.00, 0.00),
(130, 10121, 104, 3, '[{\"id\":\"54\",\"descripcion\":\"Angel Thery Caballero\",\"cantidad\":\"15\",\"stock\":\"310\",\"precio\":\"600\",\"total\":\"9000\"},{\"id\":\"63\",\"descripcion\":\"Solo Yambal\",\"cantidad\":\"15\",\"stock\":\"138\",\"precio\":\"600\",\"total\":\"9000\"},{\"id\":\"53\",\"descripcion\":\"212 vip\",\"cantidad\":\"15\",\"stock\":\"424\",\"precio\":\"600\",\"total\":\"9000\"},{\"id\":\"26\",\"descripcion\":\"Black-xs-Aph\",\"cantidad\":\"15\",\"stock\":\"102\",\"precio\":\"600\",\"total\":\"9000\"},{\"id\":\"56\",\"descripcion\":\"Invitus caballero\",\"cantidad\":\"15\",\"stock\":\"155\",\"precio\":\"600\",\"total\":\"9000\"},{\"id\":\"21\",\"descripcion\":\"One-Mil-Men\",\"cantidad\":\"15\",\"stock\":\"98\",\"precio\":\"600\",\"total\":\"9000\"},{\"id\":\"58\",\"descripcion\":\"Amber Gold\",\"cantidad\":\"15\",\"stock\":\"283\",\"precio\":\"600\",\"total\":\"9000\"},{\"id\":\"42\",\"descripcion\":\"toy voy caballero\",\"cantidad\":\"15\",\"stock\":\"17\",\"precio\":\"600\",\"total\":\"9000\"},{\"id\":\"81\",\"descripcion\":\"CIELO YAMBAL DAMA\",\"cantidad\":\"15\",\"stock\":\"75\",\"precio\":\"600\",\"total\":\"9000\"},{\"id\":\"74\",\"descripcion\":\"Good Girl dama\",\"cantidad\":\"15\",\"stock\":\"24\",\"precio\":\"600\",\"total\":\"9000\"},{\"id\":\"23\",\"descripcion\":\"Paris Hilton Dama\",\"cantidad\":\"15\",\"stock\":\"46\",\"precio\":\"600\",\"total\":\"9000\"},{\"id\":\"50\",\"descripcion\":\"Taj Sunset\",\"cantidad\":\"15\",\"stock\":\"228\",\"precio\":\"600\",\"total\":\"9000\"},{\"id\":\"65\",\"descripcion\":\"Carolina Herera\",\"cantidad\":\"15\",\"stock\":\"137\",\"precio\":\"600\",\"total\":\"9000\"},{\"id\":\"25\",\"descripcion\":\"CocoNut Pasion\",\"cantidad\":\"15\",\"stock\":\"60\",\"precio\":\"600\",\"total\":\"9000\"},{\"id\":\"41\",\"descripcion\":\"360 coral by perry\",\"cantidad\":\"15\",\"stock\":\"235\",\"precio\":\"600\",\"total\":\"9000\"},{\"id\":\"4\",\"descripcion\":\"Alcohol l\",\"cantidad\":\"195\",\"stock\":\"805\",\"precio\":\"80\",\"total\":\"2000\"},{\"id\":\"1\",\"descripcion\":\"Singler 30 ML\",\"cantidad\":\"15\",\"stock\":\"157\",\"precio\":\"4000\",\"total\":\"10000\"},{\"id\":\"35\",\"descripcion\":\"Sellador\",\"cantidad\":\"15\",\"stock\":\"253\",\"precio\":\"160\",\"total\":\"3000\"}]', 0, 150000, 150000, 'Efectivo', '2024-02-12 22:19:02', 0.00, 0.00),
(131, 10122, 84, 3, '[{\"id\":\"42\",\"descripcion\":\"TOY BOY\",\"cantidad\":\"15\",\"stock\":\"511\",\"precio\":\"600\",\"total\":\"9000\"},{\"id\":\"4\",\"descripcion\":\"Alcohol l\",\"cantidad\":\"13\",\"stock\":\"792\",\"precio\":\"80\",\"total\":\"2000\"},{\"id\":\"35\",\"descripcion\":\"Sellador\",\"cantidad\":\"1\",\"stock\":\"252\",\"precio\":\"160\",\"total\":\"1000\"}]', 0, 12000, 12000, 'Efectivo', '2024-02-12 23:08:20', 0.00, 0.00),
(132, 10123, 105, 3, '[{\"id\":\"63\",\"descripcion\":\"Solo Yambal\",\"cantidad\":\"15\",\"stock\":\"123\",\"precio\":\"600\",\"total\":\"9000\"},{\"id\":\"1\",\"descripcion\":\"Singler 30 ML\",\"cantidad\":\"1\",\"stock\":\"156\",\"precio\":\"4000\",\"total\":\"2000\"},{\"id\":\"38\",\"descripcion\":\"fundas de colores\",\"cantidad\":\"1\",\"stock\":\"984\",\"precio\":\"500\",\"total\":\"1000\"},{\"id\":\"4\",\"descripcion\":\"Alcohol l\",\"cantidad\":\"13\",\"stock\":\"779\",\"precio\":\"80\",\"total\":\"1000\"},{\"id\":\"35\",\"descripcion\":\"Sellador\",\"cantidad\":\"1\",\"stock\":\"251\",\"precio\":\"160\",\"total\":\"1000\"}]', 0, 14000, 14000, 'Efectivo', '2024-02-12 23:09:39', 0.00, 0.00),
(133, 10124, 102, 3, '[{\"id\":\"96\",\"descripcion\":\"BHARARA KINGS\",\"cantidad\":\"15\",\"stock\":\"210\",\"precio\":\"600\",\"total\":\"7000\"},{\"id\":\"4\",\"descripcion\":\"Alcohol l\",\"cantidad\":\"1\",\"stock\":\"778\",\"precio\":\"80\",\"total\":\"500\"},{\"id\":\"35\",\"descripcion\":\"Sellador\",\"cantidad\":\"13\",\"stock\":\"238\",\"precio\":\"160\",\"total\":\"1000\"},{\"id\":\"5\",\"descripcion\":\"atlantic 30ml\",\"cantidad\":\"1\",\"stock\":\"121\",\"precio\":\"2350\",\"total\":\"2000\"},{\"id\":\"38\",\"descripcion\":\"fundas de colores\",\"cantidad\":\"1\",\"stock\":\"983\",\"precio\":\"500\",\"total\":\"500\"}]', 0, 11000, 11000, 'Efectivo', '2024-02-14 03:13:55', 0.00, 0.00),
(134, 10125, 106, 3, '[{\"id\":\"58\",\"descripcion\":\"Amber Gold\",\"cantidad\":\"15\",\"stock\":\"268\",\"precio\":\"600\",\"total\":\"8000\"},{\"id\":\"5\",\"descripcion\":\"atlantic 30ml\",\"cantidad\":\"1\",\"stock\":\"120\",\"precio\":\"2350\",\"total\":\"2000\"},{\"id\":\"35\",\"descripcion\":\"Sellador\",\"cantidad\":\"1\",\"stock\":\"237\",\"precio\":\"160\",\"total\":\"1000\"},{\"id\":\"4\",\"descripcion\":\"Alcohol l\",\"cantidad\":\"13\",\"stock\":\"765\",\"precio\":\"80\",\"total\":\"1000\"}]', 0, 12000, 12000, 'Efectivo', '2024-02-14 03:18:37', 0.00, 0.00),
(135, 10126, 102, 3, '[{\"id\":\"56\",\"descripcion\":\"Invitus caballero\",\"cantidad\":\"60\",\"stock\":\"95\",\"precio\":\"600\",\"total\":\"27000\"},{\"id\":\"34\",\"descripcion\":\"Feromonas\",\"cantidad\":\"4\",\"stock\":\"451\",\"precio\":\"1000\",\"total\":\"4000\"},{\"id\":\"5\",\"descripcion\":\"atlantic 30ml\",\"cantidad\":\"5\",\"stock\":\"115\",\"precio\":\"2350\",\"total\":\"10000\"},{\"id\":\"4\",\"descripcion\":\"Alcohol l\",\"cantidad\":\"65\",\"stock\":\"700\",\"precio\":\"80\",\"total\":\"4000\"},{\"id\":\"35\",\"descripcion\":\"Sellador\",\"cantidad\":\"5\",\"stock\":\"232\",\"precio\":\"160\",\"total\":\"1000\"},{\"id\":\"63\",\"descripcion\":\"Solo Yambal\",\"cantidad\":\"15\",\"stock\":\"108\",\"precio\":\"600\",\"total\":\"9000\"},{\"id\":\"38\",\"descripcion\":\"fundas de colores\",\"cantidad\":\"5\",\"stock\":\"978\",\"precio\":\"500\",\"total\":\"3000\"}]', 0, 58000, 58000, 'Efectivo', '2024-02-15 02:47:02', 0.00, 0.00);
INSERT INTO `ventas` (`id`, `codigo`, `id_cliente`, `id_vendedor`, `productos`, `impuesto`, `neto`, `total`, `metodo_pago`, `fecha`, `saldo_pendiente`, `monto_abonado`) VALUES
(137, 10127, 86, 3, '[{\"id\":\"96\",\"descripcion\":\"BHARARA KINGS\",\"cantidad\":\"15\",\"stock\":\"195\",\"precio\":\"600\",\"total\":\"7000\"},{\"id\":\"117\",\"descripcion\":\"OMBRE NOMADA\",\"cantidad\":\"15\",\"stock\":\"269\",\"precio\":\"600\",\"total\":\"6000\"},{\"id\":\"5\",\"descripcion\":\"atlantic 30ml\",\"cantidad\":\"2\",\"stock\":\"118\",\"precio\":\"2350\",\"total\":\"3000\"},{\"id\":\"35\",\"descripcion\":\"Sellador\",\"cantidad\":\"2\",\"stock\":\"235\",\"precio\":\"160\",\"total\":\"1000\"},{\"id\":\"4\",\"descripcion\":\"Alcohol l\",\"cantidad\":\"26\",\"stock\":\"739\",\"precio\":\"80\",\"total\":\"2000\"},{\"id\":\"38\",\"descripcion\":\"fundas de colores\",\"cantidad\":\"2\",\"stock\":\"981\",\"precio\":\"500\",\"total\":\"1000\"}]', 0, 20000, 20000, 'Efectivo', '2024-02-15 02:50:20', 0.00, 0.00),
(138, 10128, 107, 3, '[{\"id\":\"4\",\"descripcion\":\"Alcohol l\",\"cantidad\":\"72\",\"stock\":\"667\",\"precio\":\"80\",\"total\":\"6000\"},{\"id\":\"35\",\"descripcion\":\"Sellador\",\"cantidad\":\"8\",\"stock\":\"227\",\"precio\":\"160\",\"total\":\"1000\"},{\"id\":\"71\",\"descripcion\":\"273 dama\",\"cantidad\":\"60\",\"stock\":\"59\",\"precio\":\"600\",\"total\":\"36000\"},{\"id\":\"72\",\"descripcion\":\"212 sexy\",\"cantidad\":\"60\",\"stock\":\"90\",\"precio\":\"600\",\"total\":\"36000\"},{\"id\":\"115\",\"descripcion\":\"BOLSAS BOUQUE\",\"cantidad\":\"2\",\"stock\":\"967\",\"precio\":\"670\",\"total\":\"1000\"},{\"id\":\"66\",\"descripcion\":\"360 dama tradicional\",\"cantidad\":\"3\",\"stock\":\"133\",\"precio\":\"600\",\"total\":\"2500\"}]', 0, 82500, 82500, 'Efectivo', '2024-02-17 02:06:45', 0.00, 0.00),
(139, 10129, 108, 3, '[{\"id\":\"96\",\"descripcion\":\"BHARARA KINGS\",\"cantidad\":\"15\",\"stock\":\"180\",\"precio\":\"600\",\"total\":\"7000\"},{\"id\":\"33\",\"descripcion\":\"Ultra Male\",\"cantidad\":\"15\",\"stock\":\"111\",\"precio\":\"600\",\"total\":\"7000\"},{\"id\":\"5\",\"descripcion\":\"atlantic 30ml\",\"cantidad\":\"2\",\"stock\":\"116\",\"precio\":\"2350\",\"total\":\"4000\"},{\"id\":\"35\",\"descripcion\":\"Sellador\",\"cantidad\":\"1\",\"stock\":\"226\",\"precio\":\"160\",\"total\":\"1000\"},{\"id\":\"4\",\"descripcion\":\"Alcohol l\",\"cantidad\":\"12\",\"stock\":\"655\",\"precio\":\"80\",\"total\":\"1000\"}]', 0, 20000, 20000, 'Efectivo', '2024-02-17 21:44:15', 0.00, 0.00),
(140, 10130, 86, 3, '[{\"id\":\"33\",\"descripcion\":\"Ultra Male\",\"cantidad\":\"15\",\"stock\":\"96\",\"precio\":\"600\",\"total\":\"6000\"},{\"id\":\"5\",\"descripcion\":\"atlantic 30ml\",\"cantidad\":\"1\",\"stock\":\"115\",\"precio\":\"2350\",\"total\":\"2000\"},{\"id\":\"35\",\"descripcion\":\"Sellador\",\"cantidad\":\"1\",\"stock\":\"225\",\"precio\":\"160\",\"total\":\"1000\"},{\"id\":\"4\",\"descripcion\":\"Alcohol l\",\"cantidad\":\"12\",\"stock\":\"643\",\"precio\":\"80\",\"total\":\"1000\"}]', 0, 10000, 10000, 'Efectivo', '2024-02-17 21:44:34', 0.00, 0.00),
(141, 10131, 60, 3, '[{\"id\":\"85\",\"descripcion\":\"BLACK XS\",\"cantidad\":\"33\",\"stock\":\"134\",\"precio\":\"600\",\"total\":\"17500\"},{\"id\":\"14\",\"descripcion\":\"Jean Poul 50ml\",\"cantidad\":\"1\",\"stock\":\"124\",\"precio\":\"7000\",\"total\":\"7000\"},{\"id\":\"4\",\"descripcion\":\"Alcohol l\",\"cantidad\":\"30\",\"stock\":\"613\",\"precio\":\"80\",\"total\":\"2000\"},{\"id\":\"35\",\"descripcion\":\"Sellador\",\"cantidad\":\"1\",\"stock\":\"224\",\"precio\":\"160\",\"total\":\"1000\"}]', 0, 27500, 27500, 'Efectivo', '2024-02-27 13:12:32', 0.00, 0.00),
(142, 10132, 71, 3, '[{\"id\":\"42\",\"descripcion\":\"TOY BOY\",\"cantidad\":\"57\",\"stock\":\"454\",\"precio\":\"600\",\"total\":\"35000\"},{\"id\":\"14\",\"descripcion\":\"Jean Poul 50ml\",\"cantidad\":\"1\",\"stock\":\"123\",\"precio\":\"7000\",\"total\":\"7000\"},{\"id\":\"115\",\"descripcion\":\"BOLSAS BOUQUE\",\"cantidad\":\"5\",\"stock\":\"962\",\"precio\":\"670\",\"total\":\"5000\"},{\"id\":\"4\",\"descripcion\":\"Alcohol l\",\"cantidad\":\"5\",\"stock\":\"608\",\"precio\":\"80\",\"total\":\"2000\"},{\"id\":\"35\",\"descripcion\":\"Sellador\",\"cantidad\":\"1\",\"stock\":\"223\",\"precio\":\"160\",\"total\":\"1000\"}]', 0, 50000, 50000, 'Efectivo', '2024-02-17 02:17:15', 0.00, 0.00),
(143, 10133, 109, 3, '[{\"id\":\"7\",\"descripcion\":\"tacon 30ml\",\"cantidad\":\"1\",\"stock\":\"108\",\"precio\":\"8600\",\"total\":\"5000\"},{\"id\":\"14\",\"descripcion\":\"Jean Poul 50ml\",\"cantidad\":\"1\",\"stock\":\"122\",\"precio\":\"7000\",\"total\":\"5000\"},{\"id\":\"74\",\"descripcion\":\"GOOD GIRL\",\"cantidad\":\"15\",\"stock\":\"518\",\"precio\":\"600\",\"total\":\"10000\"},{\"id\":\"90\",\"descripcion\":\"JEAN PAUL GAULTIER CABALLERO\",\"cantidad\":\"30\",\"stock\":\"120\",\"precio\":\"600\",\"total\":\"15000\"}]', 0, 35000, 35000, 'Crédito-0', '2024-02-17 02:21:48', 0.00, 0.00),
(144, 10134, 40, 3, '[{\"id\":\"109\",\"descripcion\":\"AQUA DI GIO\",\"cantidad\":\"15\",\"stock\":\"173\",\"precio\":\"600\",\"total\":\"7000\"},{\"id\":\"104\",\"descripcion\":\"CK ONE\",\"cantidad\":\"15\",\"stock\":\"185\",\"precio\":\"600\",\"total\":\"7000\"},{\"id\":\"5\",\"descripcion\":\"atlantic 30ml\",\"cantidad\":\"2\",\"stock\":\"113\",\"precio\":\"2350\",\"total\":\"3000\"},{\"id\":\"38\",\"descripcion\":\"fundas de colores\",\"cantidad\":\"2\",\"stock\":\"979\",\"precio\":\"500\",\"total\":\"1000\"}]', 0, 18000, 18000, 'Efectivo', '2024-02-17 02:24:12', 0.00, 0.00),
(145, 10135, 70, 3, '[{\"id\":\"25\",\"descripcion\":\"CocoNut Pasion\",\"cantidad\":\"15\",\"stock\":\"244\",\"precio\":\"600\",\"total\":\"9000\"},{\"id\":\"7\",\"descripcion\":\"tacon 30ml\",\"cantidad\":\"1\",\"stock\":\"107\",\"precio\":\"8600\",\"total\":\"9000\"},{\"id\":\"35\",\"descripcion\":\"Sellador\",\"cantidad\":\"1\",\"stock\":\"222\",\"precio\":\"160\",\"total\":\"200\"},{\"id\":\"4\",\"descripcion\":\"Alcohol l\",\"cantidad\":\"12\",\"stock\":\"596\",\"precio\":\"80\",\"total\":\"800\"},{\"id\":\"115\",\"descripcion\":\"BOLSAS BOUQUE\",\"cantidad\":\"1\",\"stock\":\"961\",\"precio\":\"670\",\"total\":\"1000\"}]', 0, 20000, 20000, 'Efectivo', '2024-02-23 20:53:25', 0.00, 0.00),
(146, 10136, 111, 3, '[{\"id\":\"7\",\"descripcion\":\"tacon 30ml\",\"cantidad\":\"1\",\"stock\":\"106\",\"precio\":\"8600\",\"total\":\"9000\"},{\"id\":\"74\",\"descripcion\":\"GOOD GIRL\",\"cantidad\":\"15\",\"stock\":\"503\",\"precio\":\"600\",\"total\":\"9000\"},{\"id\":\"4\",\"descripcion\":\"Alcohol l\",\"cantidad\":\"12\",\"stock\":\"584\",\"precio\":\"80\",\"total\":\"800\"},{\"id\":\"35\",\"descripcion\":\"Sellador\",\"cantidad\":\"1\",\"stock\":\"221\",\"precio\":\"160\",\"total\":\"200\"},{\"id\":\"115\",\"descripcion\":\"BOLSAS BOUQUE\",\"cantidad\":\"1\",\"stock\":\"960\",\"precio\":\"670\",\"total\":\"1000\"}]', 0, 20000, 20000, 'Efectivo', '2024-03-01 03:17:33', 0.00, 0.00),
(147, 10137, 112, 3, '[{\"id\":\"69\",\"descripcion\":\"Hugo Boss\",\"cantidad\":\"15\",\"stock\":\"512\",\"precio\":\"600\",\"total\":\"9000\"},{\"id\":\"1\",\"descripcion\":\"Singler 30 ML\",\"cantidad\":\"1\",\"stock\":\"155\",\"precio\":\"4000\",\"total\":\"4000\"},{\"id\":\"4\",\"descripcion\":\"Alcohol l\",\"cantidad\":\"1\",\"stock\":\"583\",\"precio\":\"80\",\"total\":\"1000\"},{\"id\":\"35\",\"descripcion\":\"Sellador\",\"cantidad\":\"1\",\"stock\":\"220\",\"precio\":\"160\",\"total\":\"1000\"},{\"id\":\"115\",\"descripcion\":\"BOLSAS BOUQUE\",\"cantidad\":\"1\",\"stock\":\"959\",\"precio\":\"670\",\"total\":\"1000\"}]', 0, 16000, 16000, 'Efectivo', '2024-03-03 19:32:14', 0.00, 0.00),
(148, 10138, 113, 3, '[{\"id\":\"71\",\"descripcion\":\"273 dama\",\"cantidad\":\"15\",\"stock\":\"44\",\"precio\":\"600\",\"total\":\"9000\"},{\"id\":\"76\",\"descripcion\":\"CK IN 2U\",\"cantidad\":\"15\",\"stock\":\"135\",\"precio\":\"600\",\"total\":\"9000\"},{\"id\":\"1\",\"descripcion\":\"Singler 30 ML\",\"cantidad\":\"2\",\"stock\":\"153\",\"precio\":\"4000\",\"total\":\"8000\"},{\"id\":\"4\",\"descripcion\":\"Alcohol l\",\"cantidad\":\"25\",\"stock\":\"558\",\"precio\":\"80\",\"total\":\"2000\"},{\"id\":\"35\",\"descripcion\":\"Sellador\",\"cantidad\":\"2\",\"stock\":\"218\",\"precio\":\"160\",\"total\":\"4000\"}]', 0, 32000, 32000, 'Crédito-0', '2024-02-17 02:51:09', 0.00, 0.00),
(149, 10139, 45, 3, '[{\"id\":\"53\",\"descripcion\":\"212 vip\",\"cantidad\":\"15\",\"stock\":\"409\",\"precio\":\"600\",\"total\":\"5000\"},{\"id\":\"1\",\"descripcion\":\"Singler 30 ML\",\"cantidad\":\"1\",\"stock\":\"152\",\"precio\":\"4000\",\"total\":\"4000\"},{\"id\":\"35\",\"descripcion\":\"Sellador\",\"cantidad\":\"1\",\"stock\":\"217\",\"precio\":\"160\",\"total\":\"500\"},{\"id\":\"38\",\"descripcion\":\"fundas de colores\",\"cantidad\":\"1\",\"stock\":\"978\",\"precio\":\"500\",\"total\":\"500\"}]', 0, 10000, 10000, 'Efectivo', '2024-02-25 01:02:44', 0.00, 0.00),
(150, 10140, 45, 3, '[{\"id\":\"36\",\"descripcion\":\"Bolso Perfumero\",\"cantidad\":\"1\",\"stock\":\"11\",\"precio\":\"27000\",\"total\":\"80000\"}]', 0, 80000, 80000, 'Crédito-0', '2024-02-17 21:02:29', 0.00, 0.00),
(151, 10141, 69, 3, '[{\"id\":\"22\",\"descripcion\":\"The-One-Dama\",\"cantidad\":\"15\",\"stock\":\"169\",\"precio\":\"600\",\"total\":\"9000\"},{\"id\":\"35\",\"descripcion\":\"Sellador\",\"cantidad\":\"1\",\"stock\":\"216\",\"precio\":\"160\",\"total\":\"1000\"}]', 0, 10000, 10000, 'Crédito-0', '2024-02-17 21:04:15', 0.00, 0.00),
(152, 10142, 114, 3, '[{\"id\":\"25\",\"descripcion\":\"CocoNut Pasion\",\"cantidad\":\"15\",\"stock\":\"229\",\"precio\":\"600\",\"total\":\"7000\"},{\"id\":\"35\",\"descripcion\":\"Sellador\",\"cantidad\":\"1\",\"stock\":\"215\",\"precio\":\"160\",\"total\":\"500\"},{\"id\":\"38\",\"descripcion\":\"fundas de colores\",\"cantidad\":\"1\",\"stock\":\"977\",\"precio\":\"500\",\"total\":\"500\"},{\"id\":\"1\",\"descripcion\":\"Singler 30 ML\",\"cantidad\":\"1\",\"stock\":\"151\",\"precio\":\"4000\",\"total\":\"4000\"}]', 0, 12000, 12000, 'Efectivo', '2024-02-17 21:07:24', 0.00, 0.00),
(153, 10143, 115, 3, '[{\"id\":\"109\",\"descripcion\":\"AQUA DI GIO\",\"cantidad\":\"18\",\"stock\":\"155\",\"precio\":\"600\",\"total\":\"10800\"},{\"id\":\"56\",\"descripcion\":\"Invitus caballero\",\"cantidad\":\"18\",\"stock\":\"137\",\"precio\":\"600\",\"total\":\"10800\"},{\"id\":\"105\",\"descripcion\":\"BAD BOY\",\"cantidad\":\"18\",\"stock\":\"182\",\"precio\":\"600\",\"total\":\"10800\"},{\"id\":\"34\",\"descripcion\":\"Feromonas\",\"cantidad\":\"3\",\"stock\":\"452\",\"precio\":\"1000\",\"total\":\"3000\"},{\"id\":\"38\",\"descripcion\":\"fundas de colores\",\"cantidad\":\"3\",\"stock\":\"974\",\"precio\":\"500\",\"total\":\"1500\"},{\"id\":\"5\",\"descripcion\":\"atlantic 30ml\",\"cantidad\":\"3\",\"stock\":\"110\",\"precio\":\"2350\",\"total\":\"7500\"}]', 0, 44400, 44400, 'Efectivo', '2024-02-17 21:13:27', 0.00, 0.00),
(154, 10144, 78, 3, '[{\"id\":\"71\",\"descripcion\":\"273 dama\",\"cantidad\":\"17\",\"stock\":\"27\",\"precio\":\"600\",\"total\":\"12100\"},{\"id\":\"65\",\"descripcion\":\"Carolina Herera\",\"cantidad\":\"16\",\"stock\":\"121\",\"precio\":\"600\",\"total\":\"10000\"},{\"id\":\"4\",\"descripcion\":\"Alcohol l\",\"cantidad\":\"25\",\"stock\":\"533\",\"precio\":\"80\",\"total\":\"2000\"},{\"id\":\"35\",\"descripcion\":\"Sellador\",\"cantidad\":\"2\",\"stock\":\"213\",\"precio\":\"160\",\"total\":\"2000\"}]', 0, 26100, 26100, 'Efectivo', '2024-02-21 19:18:19', 0.00, 0.00),
(155, 10145, 72, 3, '[{\"id\":\"33\",\"descripcion\":\"Ultra Male\",\"cantidad\":\"17\",\"stock\":\"79\",\"precio\":\"600\",\"total\":\"14000\"},{\"id\":\"65\",\"descripcion\":\"Carolina Herera\",\"cantidad\":\"17\",\"stock\":\"104\",\"precio\":\"600\",\"total\":\"11000\"},{\"id\":\"4\",\"descripcion\":\"Alcohol l\",\"cantidad\":\"22\",\"stock\":\"511\",\"precio\":\"80\",\"total\":\"3000\"},{\"id\":\"35\",\"descripcion\":\"Sellador\",\"cantidad\":\"2\",\"stock\":\"211\",\"precio\":\"160\",\"total\":\"2000\"},{\"id\":\"34\",\"descripcion\":\"Feromonas\",\"cantidad\":\"2\",\"stock\":\"450\",\"precio\":\"1000\",\"total\":\"2000\"}]', 0, 32000, 32000, 'Efectivo', '2024-02-21 19:20:00', 0.00, 0.00),
(156, 10146, 116, 3, '[{\"id\":\"65\",\"descripcion\":\"Carolina Herera\",\"cantidad\":\"15\",\"stock\":\"89\",\"precio\":\"600\",\"total\":\"9000\"},{\"id\":\"38\",\"descripcion\":\"fundas de colores\",\"cantidad\":\"1\",\"stock\":\"973\",\"precio\":\"500\",\"total\":\"1000\"},{\"id\":\"5\",\"descripcion\":\"atlantic 30ml\",\"cantidad\":\"1\",\"stock\":\"109\",\"precio\":\"2350\",\"total\":\"3000\"},{\"id\":\"4\",\"descripcion\":\"Alcohol l\",\"cantidad\":\"14\",\"stock\":\"497\",\"precio\":\"80\",\"total\":\"1000\"}]', 0, 14000, 14000, 'Efectivo', '2024-03-01 03:16:37', 0.00, 0.00),
(157, 10147, 67, 3, '[{\"id\":\"56\",\"descripcion\":\"Invitus caballero\",\"cantidad\":\"30\",\"stock\":\"107\",\"precio\":\"600\",\"total\":\"18000\"},{\"id\":\"39\",\"descripcion\":\"jadore dama\",\"cantidad\":\"15\",\"stock\":\"156\",\"precio\":\"600\",\"total\":\"9000\"},{\"id\":\"7\",\"descripcion\":\"tacon 30ml\",\"cantidad\":\"1\",\"stock\":\"105\",\"precio\":\"8600\",\"total\":\"7000\"},{\"id\":\"17\",\"descripcion\":\"Invitus 50ml\",\"cantidad\":\"1\",\"stock\":\"82\",\"precio\":\"8000\",\"total\":\"8000\"}]', 0, 42000, 42000, 'Crédito-0', '2024-02-22 15:07:01', 0.00, 0.00),
(158, 10148, 84, 3, '[{\"id\":\"64\",\"descripcion\":\"issey Miyake\",\"cantidad\":\"15\",\"stock\":\"203\",\"precio\":\"600\",\"total\":\"8000\"},{\"id\":\"42\",\"descripcion\":\"TOY BOY\",\"cantidad\":\"15\",\"stock\":\"439\",\"precio\":\"600\",\"total\":\"7000\"},{\"id\":\"1\",\"descripcion\":\"Singler 30 ML\",\"cantidad\":\"2\",\"stock\":\"149\",\"precio\":\"4000\",\"total\":\"8000\"},{\"id\":\"38\",\"descripcion\":\"fundas de colores\",\"cantidad\":\"2\",\"stock\":\"971\",\"precio\":\"500\",\"total\":\"1000\"}]', 0, 24000, 24000, 'Efectivo', '2024-03-08 02:28:23', 0.00, 0.00),
(159, 10149, 40, 3, '[{\"id\":\"65\",\"descripcion\":\"Carolina Herera\",\"cantidad\":\"15\",\"stock\":\"74\",\"precio\":\"600\",\"total\":\"6000\"},{\"id\":\"56\",\"descripcion\":\"Invitus caballero\",\"cantidad\":\"15\",\"stock\":\"92\",\"precio\":\"600\",\"total\":\"6000\"},{\"id\":\"38\",\"descripcion\":\"fundas de colores\",\"cantidad\":\"2\",\"stock\":\"969\",\"precio\":\"500\",\"total\":\"1000\"},{\"id\":\"1\",\"descripcion\":\"Singler 30 ML\",\"cantidad\":\"2\",\"stock\":\"147\",\"precio\":\"4000\",\"total\":\"7000\"}]', 0, 20000, 20000, 'Efectivo', '2024-02-22 15:13:59', 0.00, 0.00),
(160, 10150, 118, 3, '[{\"id\":\"60\",\"descripcion\":\"Faconable\",\"cantidad\":\"30\",\"stock\":\"186\",\"precio\":\"600\",\"total\":\"18000\"},{\"id\":\"14\",\"descripcion\":\"Jean Poul 50ml\",\"cantidad\":\"1\",\"stock\":\"121\",\"precio\":\"7000\",\"total\":\"6000\"},{\"id\":\"4\",\"descripcion\":\"Alcohol l\",\"cantidad\":\"20\",\"stock\":\"477\",\"precio\":\"80\",\"total\":\"1000\"},{\"id\":\"35\",\"descripcion\":\"Sellador\",\"cantidad\":\"1\",\"stock\":\"210\",\"precio\":\"160\",\"total\":\"1000\"},{\"id\":\"115\",\"descripcion\":\"BOLSAS BOUQUE\",\"cantidad\":\"1\",\"stock\":\"958\",\"precio\":\"670\",\"total\":\"1000\"},{\"id\":\"34\",\"descripcion\":\"Feromonas\",\"cantidad\":\"1\",\"stock\":\"449\",\"precio\":\"1000\",\"total\":\"1000\"}]', 0, 28000, 28000, 'Crédito-0', '2024-02-23 20:47:42', 0.00, 0.00),
(161, 10151, 55, 3, '[{\"id\":\"107\",\"descripcion\":\"BVULGARY AQVA\",\"cantidad\":\"16\",\"stock\":\"184\",\"precio\":\"600\",\"total\":\"9600\"},{\"id\":\"4\",\"descripcion\":\"Alcohol l\",\"cantidad\":\"1\",\"stock\":\"476\",\"precio\":\"80\",\"total\":\"100\"},{\"id\":\"35\",\"descripcion\":\"Sellador\",\"cantidad\":\"1\",\"stock\":\"209\",\"precio\":\"160\",\"total\":\"500\"},{\"id\":\"1\",\"descripcion\":\"Singler 30 ML\",\"cantidad\":\"1\",\"stock\":\"146\",\"precio\":\"4000\",\"total\":\"4000\"},{\"id\":\"38\",\"descripcion\":\"fundas de colores\",\"cantidad\":\"1\",\"stock\":\"968\",\"precio\":\"500\",\"total\":\"500\"}]', 0, 14700, 14700, 'Efectivo', '2024-02-24 12:18:29', 0.00, 0.00),
(162, 10152, 86, 3, '[{\"id\":\"5\",\"descripcion\":\"atlantic 30ml\",\"cantidad\":\"1\",\"stock\":\"108\",\"precio\":\"2350\",\"total\":\"2000\"},{\"id\":\"96\",\"descripcion\":\"BHARARA KINGS\",\"cantidad\":\"15\",\"stock\":\"165\",\"precio\":\"600\",\"total\":\"7000\"},{\"id\":\"35\",\"descripcion\":\"Sellador\",\"cantidad\":\"1\",\"stock\":\"208\",\"precio\":\"160\",\"total\":\"1000\"}]', 0, 10000, 10000, 'Efectivo', '2024-03-07 18:22:27', 0.00, 0.00),
(163, 10153, 87, 3, '[{\"id\":\"96\",\"descripcion\":\"BHARARA KINGS\",\"cantidad\":\"20\",\"stock\":\"145\",\"precio\":\"600\",\"total\":\"12000\"},{\"id\":\"1\",\"descripcion\":\"Singler 30 ML\",\"cantidad\":\"1\",\"stock\":\"145\",\"precio\":\"4000\",\"total\":\"4000\"},{\"id\":\"4\",\"descripcion\":\"Alcohol l\",\"cantidad\":\"10\",\"stock\":\"466\",\"precio\":\"80\",\"total\":\"1000\"},{\"id\":\"38\",\"descripcion\":\"fundas de colores\",\"cantidad\":\"1\",\"stock\":\"967\",\"precio\":\"500\",\"total\":\"2000\"},{\"id\":\"34\",\"descripcion\":\"Feromonas\",\"cantidad\":\"1\",\"stock\":\"448\",\"precio\":\"1000\",\"total\":\"2000\"}]', 0, 21000, 21000, 'Efectivo', '2024-02-27 13:10:09', 0.00, 0.00),
(164, 10154, 119, 3, '[{\"id\":\"74\",\"descripcion\":\"GOOD GIRL\",\"cantidad\":\"15\",\"stock\":\"488\",\"precio\":\"600\",\"total\":\"9000\"},{\"id\":\"38\",\"descripcion\":\"fundas de colores\",\"cantidad\":\"1\",\"stock\":\"966\",\"precio\":\"500\",\"total\":\"1000\"},{\"id\":\"4\",\"descripcion\":\"Alcohol l\",\"cantidad\":\"15\",\"stock\":\"451\",\"precio\":\"80\",\"total\":\"1000\"},{\"id\":\"9\",\"descripcion\":\"manzana 30ml\",\"cantidad\":\"1\",\"stock\":\"85\",\"precio\":\"5000\",\"total\":\"4000\"}]', 0, 15000, 15000, 'Efectivo', '2024-02-23 20:59:16', 0.00, 0.00),
(165, 10155, 120, 3, '[{\"id\":\"103\",\"descripcion\":\"OMNIA CORAL\",\"cantidad\":\"15\",\"stock\":\"185\",\"precio\":\"600\",\"total\":\"9000\"},{\"id\":\"9\",\"descripcion\":\"manzana 30ml\",\"cantidad\":\"1\",\"stock\":\"84\",\"precio\":\"5000\",\"total\":\"5000\"},{\"id\":\"4\",\"descripcion\":\"Alcohol l\",\"cantidad\":\"1\",\"stock\":\"450\",\"precio\":\"80\",\"total\":\"100\"},{\"id\":\"115\",\"descripcion\":\"BOLSAS BOUQUE\",\"cantidad\":\"1\",\"stock\":\"957\",\"precio\":\"670\",\"total\":\"900\"}]', 0, 15000, 15000, 'Efectivo', '2024-02-26 17:25:48', 0.00, 0.00),
(166, 10156, 121, 3, '[{\"id\":\"94\",\"descripcion\":\"DORSAY CABALLERO\",\"cantidad\":\"15\",\"stock\":\"135\",\"precio\":\"600\",\"total\":\"9000\"},{\"id\":\"1\",\"descripcion\":\"Singler 30 ML\",\"cantidad\":\"1\",\"stock\":\"144\",\"precio\":\"4000\",\"total\":\"4000\"},{\"id\":\"38\",\"descripcion\":\"fundas de colores\",\"cantidad\":\"1\",\"stock\":\"965\",\"precio\":\"500\",\"total\":\"3000\"}]', 0, 16000, 16000, 'Efectivo', '2024-02-27 13:09:26', 0.00, 0.00),
(167, 10157, 45, 3, '[{\"id\":\"65\",\"descripcion\":\"Carolina Herera\",\"cantidad\":\"15\",\"stock\":\"59\",\"precio\":\"600\",\"total\":\"5000\"},{\"id\":\"91\",\"descripcion\":\"LAPIDUS CABALLERO\",\"cantidad\":\"15\",\"stock\":\"335\",\"precio\":\"600\",\"total\":\"5000\"},{\"id\":\"37\",\"descripcion\":\"boss orange\",\"cantidad\":\"45\",\"stock\":\"144\",\"precio\":\"600\",\"total\":\"20000\"},{\"id\":\"1\",\"descripcion\":\"Singler 30 ML\",\"cantidad\":\"5\",\"stock\":\"139\",\"precio\":\"4000\",\"total\":\"18000\"},{\"id\":\"38\",\"descripcion\":\"fundas de colores\",\"cantidad\":\"5\",\"stock\":\"960\",\"precio\":\"500\",\"total\":\"2000\"}]', 0, 50000, 50000, 'Efectivo', '2024-03-03 19:33:15', 0.00, 0.00),
(168, 10158, 84, 3, '[{\"id\":\"1\",\"descripcion\":\"Singler 30 ML\",\"cantidad\":\"1\",\"stock\":\"138\",\"precio\":\"4000\",\"total\":\"4000\"},{\"id\":\"27\",\"descripcion\":\"LA VIDA ES BELLA\",\"cantidad\":\"15\",\"stock\":\"238\",\"precio\":\"600\",\"total\":\"7000\"},{\"id\":\"38\",\"descripcion\":\"fundas de colores\",\"cantidad\":\"1\",\"stock\":\"959\",\"precio\":\"500\",\"total\":\"1000\"}]', 0, 12000, 12000, 'Efectivo', '2024-02-25 00:56:47', 0.00, 0.00),
(169, 10159, 40, 3, '[{\"id\":\"1\",\"descripcion\":\"Singler 30 ML\",\"cantidad\":\"2\",\"stock\":\"136\",\"precio\":\"4000\",\"total\":\"10000\"},{\"id\":\"58\",\"descripcion\":\"Amber Gold\",\"cantidad\":\"15\",\"stock\":\"253\",\"precio\":\"600\",\"total\":\"1000\"},{\"id\":\"37\",\"descripcion\":\"boss orange\",\"cantidad\":\"15\",\"stock\":\"129\",\"precio\":\"600\",\"total\":\"9000\"}]', 0, 20000, 20000, 'Efectivo', '2024-02-27 13:01:05', 0.00, 0.00),
(171, 10160, 122, 3, '[{\"id\":\"111\",\"descripcion\":\"YARA DAMA\",\"cantidad\":\"30\",\"stock\":\"252\",\"precio\":\"600\",\"total\":\"18000\"},{\"id\":\"10\",\"descripcion\":\"Iris 50ml\",\"cantidad\":\"1\",\"stock\":\"4\",\"precio\":\"7000\",\"total\":\"7000\"}]', 0, 25000, 25000, 'Efectivo', '2024-02-25 01:00:22', 0.00, 0.00),
(172, 10161, 99, 3, '[{\"id\":\"77\",\"descripcion\":\"LOQUITO POR TI DAMA\",\"cantidad\":\"17\",\"stock\":\"80\",\"precio\":\"600\",\"total\":\"10300\"},{\"id\":\"1\",\"descripcion\":\"Singler 30 ML\",\"cantidad\":\"1\",\"stock\":\"135\",\"precio\":\"4000\",\"total\":\"4000\"},{\"id\":\"38\",\"descripcion\":\"fundas de colores\",\"cantidad\":\"1\",\"stock\":\"958\",\"precio\":\"500\",\"total\":\"500\"},{\"id\":\"4\",\"descripcion\":\"Alcohol l\",\"cantidad\":\"1\",\"stock\":\"449\",\"precio\":\"80\",\"total\":\"1000\"},{\"id\":\"35\",\"descripcion\":\"Sellador\",\"cantidad\":\"1\",\"stock\":\"207\",\"precio\":\"160\",\"total\":\"1000\"}]', 0, 16800, 16800, 'Efectivo', '2024-02-25 16:27:18', 0.00, 0.00),
(173, 10162, 123, 3, '[{\"id\":\"16\",\"descripcion\":\"Flaw 50ml\",\"cantidad\":\"1\",\"stock\":\"101\",\"precio\":\"7000\",\"total\":\"7000\"},{\"id\":\"97\",\"descripcion\":\"FARENHEIT CABALLERO\",\"cantidad\":\"30\",\"stock\":\"90\",\"precio\":\"600\",\"total\":\"18000\"}]', 0, 25000, 25000, 'Efectivo', '2024-02-25 16:32:57', 0.00, 0.00),
(174, 10163, 45, 3, '[{\"id\":\"63\",\"descripcion\":\"Solo Yambal\",\"cantidad\":\"15\",\"stock\":\"108\",\"precio\":\"600\",\"total\":\"9000\"},{\"id\":\"114\",\"descripcion\":\"212 VIP WINS\",\"cantidad\":\"15\",\"stock\":\"530\",\"precio\":\"600\",\"total\":\"9000\"},{\"id\":\"81\",\"descripcion\":\"CIELO YAMBAL DAMA\",\"cantidad\":\"15\",\"stock\":\"259\",\"precio\":\"600\",\"total\":\"2000\"},{\"id\":\"1\",\"descripcion\":\"Singler 30 ML\",\"cantidad\":\"2\",\"stock\":\"133\",\"precio\":\"4000\",\"total\":\"8000\"},{\"id\":\"9\",\"descripcion\":\"manzana 30ml\",\"cantidad\":\"1\",\"stock\":\"83\",\"precio\":\"5000\",\"total\":\"5000\"}]', 0, 33000, 33000, 'Crédito-0', '2024-02-25 16:38:52', 0.00, 0.00),
(175, 10164, 94, 3, '[{\"id\":\"114\",\"descripcion\":\"212 VIP WINS\",\"cantidad\":\"15\",\"stock\":\"515\",\"precio\":\"600\",\"total\":\"9000\"},{\"id\":\"1\",\"descripcion\":\"Singler 30 ML\",\"cantidad\":\"1\",\"stock\":\"132\",\"precio\":\"4000\",\"total\":\"4000\"},{\"id\":\"38\",\"descripcion\":\"fundas de colores\",\"cantidad\":\"1\",\"stock\":\"957\",\"precio\":\"500\",\"total\":\"3000\"}]', 0, 16000, 16000, 'Crédito-0', '2024-02-26 17:18:13', 0.00, 0.00),
(176, 10165, 102, 3, '[{\"id\":\"54\",\"descripcion\":\"Angel Thery Caballero\",\"cantidad\":\"16\",\"stock\":\"294\",\"precio\":\"600\",\"total\":\"9000\"},{\"id\":\"5\",\"descripcion\":\"atlantic 30ml\",\"cantidad\":\"2\",\"stock\":\"105\",\"precio\":\"2350\",\"total\":\"4000\"},{\"id\":\"38\",\"descripcion\":\"fundas de colores\",\"cantidad\":\"1\",\"stock\":\"956\",\"precio\":\"500\",\"total\":\"1000\"},{\"id\":\"33\",\"descripcion\":\"Ultra Male\",\"cantidad\":\"16\",\"stock\":\"563\",\"precio\":\"600\",\"total\":\"8000\"}]', 0, 22000, 22000, 'Efectivo', '2024-02-27 03:04:51', 0.00, 0.00),
(177, 10166, 124, 3, '[{\"id\":\"53\",\"descripcion\":\"212 vip\",\"cantidad\":\"15\",\"stock\":\"394\",\"precio\":\"600\",\"total\":\"9000\"},{\"id\":\"27\",\"descripcion\":\"LA VIDA ES BELLA\",\"cantidad\":\"15\",\"stock\":\"223\",\"precio\":\"600\",\"total\":\"9000\"},{\"id\":\"1\",\"descripcion\":\"Singler 30 ML\",\"cantidad\":\"2\",\"stock\":\"130\",\"precio\":\"4000\",\"total\":\"8000\"},{\"id\":\"38\",\"descripcion\":\"fundas de colores\",\"cantidad\":\"2\",\"stock\":\"954\",\"precio\":\"500\",\"total\":\"1000\"}]', 0, 27000, 27000, 'Efectivo', '2024-02-27 03:02:54', 0.00, 0.00),
(178, 10167, 67, 3, '[{\"id\":\"17\",\"descripcion\":\"Invitus 50ml\",\"cantidad\":\"1\",\"stock\":\"81\",\"precio\":\"8000\",\"total\":\"5000\"},{\"id\":\"56\",\"descripcion\":\"Invitus caballero\",\"cantidad\":\"30\",\"stock\":\"62\",\"precio\":\"600\",\"total\":\"16000\"},{\"id\":\"115\",\"descripcion\":\"BOLSAS BOUQUE\",\"cantidad\":\"1\",\"stock\":\"956\",\"precio\":\"670\",\"total\":\"1000\"}]', 0, 22000, 22000, 'Efectivo', '2024-03-03 19:31:26', 0.00, 0.00),
(179, 10168, 115, 3, '[{\"id\":\"126\",\"descripcion\":\"OHM\",\"cantidad\":\"17\",\"stock\":\"183\",\"precio\":\"600\",\"total\":\"12000\"},{\"id\":\"5\",\"descripcion\":\"atlantic 30ml\",\"cantidad\":\"1\",\"stock\":\"106\",\"precio\":\"2350\",\"total\":\"2300\"},{\"id\":\"38\",\"descripcion\":\"fundas de colores\",\"cantidad\":\"1\",\"stock\":\"953\",\"precio\":\"500\",\"total\":\"500\"}]', 0, 14800, 14800, 'Efectivo', '2024-02-26 17:51:01', 0.00, 0.00),
(180, 10169, 125, 3, '[{\"id\":\"58\",\"descripcion\":\"Amber Gold\",\"cantidad\":\"30\",\"stock\":\"238\",\"precio\":\"600\",\"total\":\"18000\"},{\"id\":\"60\",\"descripcion\":\"Faconable\",\"cantidad\":\"45\",\"stock\":\"141\",\"precio\":\"600\",\"total\":\"27000\"},{\"id\":\"63\",\"descripcion\":\"Solo Yambal\",\"cantidad\":\"30\",\"stock\":\"78\",\"precio\":\"600\",\"total\":\"18000\"},{\"id\":\"53\",\"descripcion\":\"212 vip\",\"cantidad\":\"30\",\"stock\":\"364\",\"precio\":\"600\",\"total\":\"18000\"},{\"id\":\"54\",\"descripcion\":\"Angel Thery Caballero\",\"cantidad\":\"30\",\"stock\":\"264\",\"precio\":\"600\",\"total\":\"18000\"},{\"id\":\"91\",\"descripcion\":\"LAPIDUS CABALLERO\",\"cantidad\":\"15\",\"stock\":\"320\",\"precio\":\"600\",\"total\":\"9000\"},{\"id\":\"117\",\"descripcion\":\"OMBRE NOMADA\",\"cantidad\":\"15\",\"stock\":\"254\",\"precio\":\"600\",\"total\":\"9000\"},{\"id\":\"121\",\"descripcion\":\"ONE MILLION  LUCKI\",\"cantidad\":\"15\",\"stock\":\"85\",\"precio\":\"600\",\"total\":\"9000\"},{\"id\":\"48\",\"descripcion\":\"Black xs lece\",\"cantidad\":\"15\",\"stock\":\"155\",\"precio\":\"600\",\"total\":\"9000\"},{\"id\":\"56\",\"descripcion\":\"INVICTUS\",\"cantidad\":\"15\",\"stock\":\"547\",\"precio\":\"600\",\"total\":\"9000\"},{\"id\":\"109\",\"descripcion\":\"AQUA DI GIO\",\"cantidad\":\"15\",\"stock\":\"140\",\"precio\":\"600\",\"total\":\"9000\"},{\"id\":\"37\",\"descripcion\":\"boss orange\",\"cantidad\":\"15\",\"stock\":\"129\",\"precio\":\"600\",\"total\":\"9000\"},{\"id\":\"42\",\"descripcion\":\"TOY BOY\",\"cantidad\":\"15\",\"stock\":\"424\",\"precio\":\"600\",\"total\":\"9000\"},{\"id\":\"96\",\"descripcion\":\"BHARARA KINGS\",\"cantidad\":\"15\",\"stock\":\"130\",\"precio\":\"600\",\"total\":\"9000\"},{\"id\":\"33\",\"descripcion\":\"Ultra Male\",\"cantidad\":\"15\",\"stock\":\"548\",\"precio\":\"600\",\"total\":\"9000\"},{\"id\":\"124\",\"descripcion\":\"BLACK XS LOS ANGELES\",\"cantidad\":\"15\",\"stock\":\"185\",\"precio\":\"600\",\"total\":\"9000\"},{\"id\":\"123\",\"descripcion\":\"GAIA\",\"cantidad\":\"15\",\"stock\":\"85\",\"precio\":\"600\",\"total\":\"9000\"},{\"id\":\"39\",\"descripcion\":\"jadore dama\",\"cantidad\":\"15\",\"stock\":\"141\",\"precio\":\"600\",\"total\":\"9000\"},{\"id\":\"36\",\"descripcion\":\"Bolso Perfumero\",\"cantidad\":\"1\",\"stock\":\"10\",\"precio\":\"27000\",\"total\":\"50000\"},{\"id\":\"25\",\"descripcion\":\"CocoNut Pasion\",\"cantidad\":\"15\",\"stock\":\"214\",\"precio\":\"600\",\"total\":\"9000\"},{\"id\":\"74\",\"descripcion\":\"GOOD GIRL\",\"cantidad\":\"15\",\"stock\":\"473\",\"precio\":\"600\",\"total\":\"9000\"},{\"id\":\"81\",\"descripcion\":\"CIELO YAMBAL DAMA\",\"cantidad\":\"15\",\"stock\":\"244\",\"precio\":\"600\",\"total\":\"9000\"},{\"id\":\"27\",\"descripcion\":\"LA VIDA ES BELLA\",\"cantidad\":\"15\",\"stock\":\"208\",\"precio\":\"600\",\"total\":\"9000\"},{\"id\":\"65\",\"descripcion\":\"Carolina Herera\",\"cantidad\":\"15\",\"stock\":\"544\",\"precio\":\"600\",\"total\":\"9000\"},{\"id\":\"40\",\"descripcion\":\"can can dama\",\"cantidad\":\"15\",\"stock\":\"184\",\"precio\":\"600\",\"total\":\"9000\"},{\"id\":\"23\",\"descripcion\":\"PARIS HILTON\",\"cantidad\":\"15\",\"stock\":\"540\",\"precio\":\"600\",\"total\":\"9000\"},{\"id\":\"77\",\"descripcion\":\"LOQUITO POR TI DAMA\",\"cantidad\":\"15\",\"stock\":\"265\",\"precio\":\"600\",\"total\":\"9000\"},{\"id\":\"41\",\"descripcion\":\"360 coral by perry\",\"cantidad\":\"15\",\"stock\":\"220\",\"precio\":\"600\",\"total\":\"9000\"},{\"id\":\"57\",\"descripcion\":\"Heires dama\",\"cantidad\":\"15\",\"stock\":\"279\",\"precio\":\"600\",\"total\":\"9000\"},{\"id\":\"5\",\"descripcion\":\"atlantic 30ml\",\"cantidad\":\"5\",\"stock\":\"100\",\"precio\":\"2350\",\"total\":\"6000\"},{\"id\":\"1\",\"descripcion\":\"Singler 30 ML\",\"cantidad\":\"30\",\"stock\":\"102\",\"precio\":\"4000\",\"total\":\"70000\"},{\"id\":\"38\",\"descripcion\":\"fundas de colores\",\"cantidad\":\"35\",\"stock\":\"921\",\"precio\":\"500\",\"total\":\"10000\"},{\"id\":\"97\",\"descripcion\":\"FARENHEIT CABALLERO\",\"cantidad\":\"15\",\"stock\":\"275\",\"precio\":\"600\",\"total\":\"0\"}]', 0, 442000, 442000, 'Efectivo', '2024-02-29 21:54:49', 0.00, 0.00),
(181, 10170, 81, 3, '[{\"id\":\"56\",\"descripcion\":\"INVICTUS\",\"cantidad\":\"15\",\"stock\":\"532\",\"precio\":\"600\",\"total\":\"9000\"},{\"id\":\"5\",\"descripcion\":\"atlantic 30ml\",\"cantidad\":\"1\",\"stock\":\"99\",\"precio\":\"2350\",\"total\":\"3000\"}]', 0, 12000, 12000, 'Efectivo', '2024-02-29 21:57:11', 0.00, 0.00),
(182, 10171, 69, 3, '[{\"id\":\"94\",\"descripcion\":\"DORSAY CABALLERO\",\"cantidad\":\"15\",\"stock\":\"120\",\"precio\":\"600\",\"total\":\"9000\"},{\"id\":\"4\",\"descripcion\":\"Alcohol l\",\"cantidad\":\"14\",\"stock\":\"435\",\"precio\":\"80\",\"total\":\"1000\"}]', 0, 10000, 10000, 'Crédito-0', '2024-03-01 03:06:53', 0.00, 0.00),
(183, 10172, 32, 3, '[{\"id\":\"96\",\"descripcion\":\"BHARARA KINGS\",\"cantidad\":\"18\",\"stock\":\"112\",\"precio\":\"600\",\"total\":\"12000\"},{\"id\":\"34\",\"descripcion\":\"Feromonas\",\"cantidad\":\"1\",\"stock\":\"447\",\"precio\":\"1000\",\"total\":\"2000\"},{\"id\":\"1\",\"descripcion\":\"Singler 30 ML\",\"cantidad\":\"2\",\"stock\":\"89\",\"precio\":\"4000\",\"total\":\"8000\"},{\"id\":\"38\",\"descripcion\":\"fundas de colores\",\"cantidad\":\"2\",\"stock\":\"912\",\"precio\":\"500\",\"total\":\"1000\"},{\"id\":\"4\",\"descripcion\":\"Alcohol l\",\"cantidad\":\"10\",\"stock\":\"425\",\"precio\":\"80\",\"total\":\"1000\"},{\"id\":\"134\",\"descripcion\":\"SANTAL 33\",\"cantidad\":\"19\",\"stock\":\"181\",\"precio\":\"600\",\"total\":\"16000\"}]', 0, 40000, 40000, 'Efectivo', '2024-03-06 13:48:43', 0.00, 0.00),
(185, 10173, 125, 3, '[{\"id\":\"63\",\"descripcion\":\"Solo Yambal\",\"cantidad\":\"45\",\"stock\":\"33\",\"precio\":\"600\",\"total\":\"27000\"},{\"id\":\"94\",\"descripcion\":\"DORSAY CABALLERO\",\"cantidad\":\"15\",\"stock\":\"105\",\"precio\":\"600\",\"total\":\"9000\"},{\"id\":\"51\",\"descripcion\":\"360 CABALLERO\",\"cantidad\":\"30\",\"stock\":\"536\",\"precio\":\"600\",\"total\":\"18000\"},{\"id\":\"60\",\"descripcion\":\"Faconable\",\"cantidad\":\"45\",\"stock\":\"96\",\"precio\":\"600\",\"total\":\"11000\"},{\"id\":\"81\",\"descripcion\":\"CIELO YAMBAL DAMA\",\"cantidad\":\"30\",\"stock\":\"214\",\"precio\":\"600\",\"total\":\"18000\"},{\"id\":\"58\",\"descripcion\":\"Amber Gold\",\"cantidad\":\"15\",\"stock\":\"223\",\"precio\":\"600\",\"total\":\"9000\"},{\"id\":\"1\",\"descripcion\":\"Singler 30 ML\",\"cantidad\":\"13\",\"stock\":\"88\",\"precio\":\"4000\",\"total\":\"20000\"},{\"id\":\"38\",\"descripcion\":\"fundas de colores\",\"cantidad\":\"13\",\"stock\":\"907\",\"precio\":\"500\",\"total\":\"7000\"}]', 0, 119000, 119000, 'Efectivo', '2024-03-01 20:23:31', 0.00, 0.00),
(186, 10174, 67, 3, '[{\"id\":\"81\",\"descripcion\":\"CIELO YAMBAL DAMA\",\"cantidad\":\"30\",\"stock\":\"214\",\"precio\":\"600\",\"total\":\"18000\"},{\"id\":\"74\",\"descripcion\":\"GOOD GIRL\",\"cantidad\":\"30\",\"stock\":\"443\",\"precio\":\"600\",\"total\":\"20000\"},{\"id\":\"1\",\"descripcion\":\"Singler 30 ML\",\"cantidad\":\"2\",\"stock\":\"99\",\"precio\":\"4000\",\"total\":\"10000\"},{\"id\":\"5\",\"descripcion\":\"atlantic 30ml\",\"cantidad\":\"2\",\"stock\":\"97\",\"precio\":\"2350\",\"total\":\"6000\"},{\"id\":\"115\",\"descripcion\":\"BOLSAS BOUQUE\",\"cantidad\":\"2\",\"stock\":\"954\",\"precio\":\"670\",\"total\":\"2000\"}]', 0, 56000, 56000, 'Crédito-0', '2024-03-01 20:29:16', 0.00, 0.00),
(187, 10175, 85, 3, '[{\"id\":\"26\",\"descripcion\":\"Black-xs-Aph\",\"cantidad\":\"15\",\"stock\":\"87\",\"precio\":\"600\",\"total\":\"9000\"},{\"id\":\"1\",\"descripcion\":\"Singler 30 ML\",\"cantidad\":\"3\",\"stock\":\"90\",\"precio\":\"4000\",\"total\":\"12000\"},{\"id\":\"38\",\"descripcion\":\"fundas de colores\",\"cantidad\":\"3\",\"stock\":\"914\",\"precio\":\"500\",\"total\":\"1500\"},{\"id\":\"54\",\"descripcion\":\"Angel Thery Caballero\",\"cantidad\":\"17\",\"stock\":\"228\",\"precio\":\"600\",\"total\":\"10200\"},{\"id\":\"58\",\"descripcion\":\"Amber Gold\",\"cantidad\":\"17\",\"stock\":\"218\",\"precio\":\"600\",\"total\":\"10300\"}]', 0, 43000, 43000, 'Efectivo', '2024-03-06 12:44:04', 0.00, 0.00),
(188, 10176, 126, 3, '[{\"id\":\"54\",\"descripcion\":\"Angel Thery Caballero\",\"cantidad\":\"19\",\"stock\":\"245\",\"precio\":\"600\",\"total\":\"12000\"},{\"id\":\"58\",\"descripcion\":\"Amber Gold\",\"cantidad\":\"3\",\"stock\":\"235\",\"precio\":\"600\",\"total\":\"2000\"},{\"id\":\"1\",\"descripcion\":\"Singler 30 ML\",\"cantidad\":\"1\",\"stock\":\"97\",\"precio\":\"4000\",\"total\":\"4000\"},{\"id\":\"38\",\"descripcion\":\"fundas de colores\",\"cantidad\":\"1\",\"stock\":\"918\",\"precio\":\"500\",\"total\":\"2000\"}]', 0, 20000, 20000, 'Crédito-0', '2024-03-03 17:30:31', 0.00, 0.00),
(191, 10178, 125, 3, '[{\"id\":\"97\",\"descripcion\":\"FARENHEIT CABALLERO\",\"cantidad\":\"15\",\"stock\":\"260\",\"precio\":\"600\",\"total\":\"0\"},{\"id\":\"60\",\"descripcion\":\"Faconable\",\"cantidad\":\"3\",\"stock\":\"138\",\"precio\":\"600\",\"total\":\"0\"},{\"id\":\"94\",\"descripcion\":\"DORSAY CABALLERO\",\"cantidad\":\"30\",\"stock\":\"90\",\"precio\":\"600\",\"total\":\"0\"},{\"id\":\"1\",\"descripcion\":\"Singler 30 ML\",\"cantidad\":\"3\",\"stock\":\"94\",\"precio\":\"4000\",\"total\":\"11000\"}]', 0, 11000, 11000, 'Efectivo', '2024-03-03 18:19:28', 0.00, 0.00),
(192, 10179, 129, 3, '[{\"id\":\"53\",\"descripcion\":\"212 vip\",\"cantidad\":\"3\",\"stock\":\"361\",\"precio\":\"600\",\"total\":\"3000\"},{\"id\":\"21\",\"descripcion\":\"ONE MILLON\",\"cantidad\":\"23\",\"stock\":\"575\",\"precio\":\"600\",\"total\":\"15000\"},{\"id\":\"5\",\"descripcion\":\"atlantic 30ml\",\"cantidad\":\"1\",\"stock\":\"96\",\"precio\":\"2350\",\"total\":\"3000\"},{\"id\":\"33\",\"descripcion\":\"Ultra Male\",\"cantidad\":\"3\",\"stock\":\"545\",\"precio\":\"600\",\"total\":\"3000\"}]', 0, 24000, 24000, 'Efectivo', '2024-03-03 18:29:59', 0.00, 0.00),
(193, 10180, 128, 3, '[{\"id\":\"91\",\"descripcion\":\"LAPIDUS CABALLERO\",\"cantidad\":\"15\",\"stock\":\"305\",\"precio\":\"600\",\"total\":\"8500\"},{\"id\":\"110\",\"descripcion\":\"BACCARAT ROUGE 540 UNISEX\",\"cantidad\":\"15\",\"stock\":\"185\",\"precio\":\"600\",\"total\":\"8500\"}]', 0, 17000, 17000, 'Efectivo', '2024-03-03 18:35:32', 0.00, 0.00),
(194, 10181, 111, 3, '[{\"id\":\"74\",\"descripcion\":\"GOOD GIRL\",\"cantidad\":\"30\",\"stock\":\"413\",\"precio\":\"600\",\"total\":\"20000\"},{\"id\":\"77\",\"descripcion\":\"LOQUITO POR TI DAMA\",\"cantidad\":\"15\",\"stock\":\"250\",\"precio\":\"600\",\"total\":\"12000\"},{\"id\":\"9\",\"descripcion\":\"manzana 30ml\",\"cantidad\":\"3\",\"stock\":\"80\",\"precio\":\"5000\",\"total\":\"18000\"},{\"id\":\"115\",\"descripcion\":\"BOLSAS BOUQUE\",\"cantidad\":\"1\",\"stock\":\"953\",\"precio\":\"670\",\"total\":\"1000\"}]', 0, 51000, 51000, 'Crédito-0', '2024-03-03 18:39:01', 0.00, 0.00),
(195, 10182, 130, 3, '[{\"id\":\"25\",\"descripcion\":\"CocoNut Pasion\",\"cantidad\":\"15\",\"stock\":\"199\",\"precio\":\"600\",\"total\":\"9000\"},{\"id\":\"7\",\"descripcion\":\"tacon 30ml\",\"cantidad\":\"1\",\"stock\":\"104\",\"precio\":\"8600\",\"total\":\"9000\"},{\"id\":\"115\",\"descripcion\":\"BOLSAS BOUQUE\",\"cantidad\":\"1\",\"stock\":\"952\",\"precio\":\"670\",\"total\":\"2000\"}]', 0, 20000, 20000, 'Crédito-0', '2024-03-03 18:41:30', 0.00, 0.00),
(196, 10183, 67, 3, '[{\"id\":\"23\",\"descripcion\":\"PARIS HILTON\",\"cantidad\":\"15\",\"stock\":\"525\",\"precio\":\"600\",\"total\":\"9000\"},{\"id\":\"74\",\"descripcion\":\"GOOD GIRL\",\"cantidad\":\"30\",\"stock\":\"383\",\"precio\":\"600\",\"total\":\"18000\"},{\"id\":\"81\",\"descripcion\":\"CIELO YAMBAL DAMA\",\"cantidad\":\"30\",\"stock\":\"184\",\"precio\":\"600\",\"total\":\"18000\"},{\"id\":\"97\",\"descripcion\":\"FARENHEIT CABALLERO\",\"cantidad\":\"30\",\"stock\":\"230\",\"precio\":\"600\",\"total\":\"18000\"},{\"id\":\"60\",\"descripcion\":\"Faconable\",\"cantidad\":\"30\",\"stock\":\"108\",\"precio\":\"600\",\"total\":\"18000\"},{\"id\":\"56\",\"descripcion\":\"INVICTUS\",\"cantidad\":\"30\",\"stock\":\"502\",\"precio\":\"600\",\"total\":\"2000\"},{\"id\":\"17\",\"descripcion\":\"Invitus 50ml\",\"cantidad\":\"1\",\"stock\":\"80\",\"precio\":\"8000\",\"total\":\"5000\"},{\"id\":\"14\",\"descripcion\":\"Jean Poul 50ml\",\"cantidad\":\"1\",\"stock\":\"120\",\"precio\":\"7000\",\"total\":\"7000\"},{\"id\":\"16\",\"descripcion\":\"Flaw 50ml\",\"cantidad\":\"1\",\"stock\":\"100\",\"precio\":\"7000\",\"total\":\"7000\"},{\"id\":\"10\",\"descripcion\":\"Iris 50ml\",\"cantidad\":\"1\",\"stock\":\"3\",\"precio\":\"7000\",\"total\":\"5000\"},{\"id\":\"11\",\"descripcion\":\"Xeroff 50ml\",\"cantidad\":\"1\",\"stock\":\"99\",\"precio\":\"10000\",\"total\":\"7000\"},{\"id\":\"7\",\"descripcion\":\"tacon 30ml\",\"cantidad\":\"1\",\"stock\":\"103\",\"precio\":\"8600\",\"total\":\"5000\"}]', 0, 119000, 119000, 'Efectivo', '2024-03-06 12:37:48', 0.00, 0.00),
(197, 10184, 45, 3, '[{\"id\":\"53\",\"descripcion\":\"212 vip\",\"cantidad\":\"15\",\"stock\":\"346\",\"precio\":\"600\",\"total\":\"9000\"},{\"id\":\"38\",\"descripcion\":\"fundas de colores\",\"cantidad\":\"1\",\"stock\":\"917\",\"precio\":\"500\",\"total\":\"1000\"},{\"id\":\"1\",\"descripcion\":\"Singler 30 ML\",\"cantidad\":\"1\",\"stock\":\"93\",\"precio\":\"4000\",\"total\":\"0\"},{\"id\":\"36\",\"descripcion\":\"Bolso Perfumero\",\"cantidad\":\"2\",\"stock\":\"8\",\"precio\":\"27000\",\"total\":\"145000\"}]', 0, 155000, 155000, 'Crédito-0', '2024-03-06 12:39:48', 0.00, 0.00),
(198, 10185, 125, 3, '[{\"id\":\"82\",\"descripcion\":\"212 CABALLERO\",\"cantidad\":\"15\",\"stock\":\"120\",\"precio\":\"600\",\"total\":\"9000\"},{\"id\":\"1\",\"descripcion\":\"Singler 30 ML\",\"cantidad\":\"1\",\"stock\":\"92\",\"precio\":\"4000\",\"total\":\"0\"},{\"id\":\"38\",\"descripcion\":\"fundas de colores\",\"cantidad\":\"1\",\"stock\":\"916\",\"precio\":\"500\",\"total\":\"0\"}]', 0, 9000, 9000, 'Crédito-0', '2024-03-06 12:41:36', 0.00, 0.00),
(199, 10186, 117, 3, '[{\"id\":\"40\",\"descripcion\":\"can can dama\",\"cantidad\":\"15\",\"stock\":\"169\",\"precio\":\"600\",\"total\":\"10000\"}]', 0, 10000, 10000, 'Efectivo', '2024-03-06 12:45:57', 0.00, 0.00),
(200, 10187, 67, 3, '[{\"id\":\"65\",\"descripcion\":\"Carolina Herera\",\"cantidad\":\"15\",\"stock\":\"529\",\"precio\":\"600\",\"total\":\"9000\"},{\"id\":\"7\",\"descripcion\":\"tacon 30ml\",\"cantidad\":\"1\",\"stock\":\"102\",\"precio\":\"8600\",\"total\":\"7000\"},{\"id\":\"115\",\"descripcion\":\"BOLSAS BOUQUE\",\"cantidad\":\"1\",\"stock\":\"951\",\"precio\":\"670\",\"total\":\"0\"}]', 0, 16000, 16000, 'Crédito-0', '2024-03-06 12:52:07', 0.00, 0.00),
(201, 10188, 131, 3, '[{\"id\":\"33\",\"descripcion\":\"Ultra Male\",\"cantidad\":\"15\",\"stock\":\"530\",\"precio\":\"600\",\"total\":\"9000\"},{\"id\":\"5\",\"descripcion\":\"atlantic 30ml\",\"cantidad\":\"1\",\"stock\":\"95\",\"precio\":\"2350\",\"total\":\"1000\"},{\"id\":\"38\",\"descripcion\":\"fundas de colores\",\"cantidad\":\"1\",\"stock\":\"913\",\"precio\":\"500\",\"total\":\"0\"}]', 0, 10000, 10000, 'Efectivo', '2024-03-06 13:46:21', 0.00, 0.00),
(202, 10189, 86, 3, '[{\"id\":\"96\",\"descripcion\":\"BHARARA KINGS\",\"cantidad\":\"15\",\"stock\":\"97\",\"precio\":\"600\",\"total\":\"7000\"},{\"id\":\"38\",\"descripcion\":\"fundas de colores\",\"cantidad\":\"1\",\"stock\":\"912\",\"precio\":\"500\",\"total\":\"500\"},{\"id\":\"5\",\"descripcion\":\"atlantic 30ml\",\"cantidad\":\"1\",\"stock\":\"94\",\"precio\":\"2350\",\"total\":\"1500\"}]', 0, 9000, 9000, 'Crédito-0', '2024-03-07 18:24:14', 0.00, 0.00),
(203, 10190, 114, 3, '[{\"id\":\"81\",\"descripcion\":\"CIELO YAMBAL DAMA\",\"cantidad\":\"15\",\"stock\":\"169\",\"precio\":\"600\",\"total\":\"7000\"},{\"id\":\"1\",\"descripcion\":\"Singler 30 ML\",\"cantidad\":\"1\",\"stock\":\"89\",\"precio\":\"4000\",\"total\":\"4500\"},{\"id\":\"38\",\"descripcion\":\"fundas de colores\",\"cantidad\":\"1\",\"stock\":\"911\",\"precio\":\"500\",\"total\":\"500\"}]', 0, 12000, 12000, 'Efectivo', '2024-03-07 18:25:11', 0.00, 0.00),
(204, 10191, 100, 3, '[{\"id\":\"33\",\"descripcion\":\"Ultra Male\",\"cantidad\":\"15\",\"stock\":\"515\",\"precio\":\"600\",\"total\":\"9000\"},{\"id\":\"1\",\"descripcion\":\"Singler 30 ML\",\"cantidad\":\"1\",\"stock\":\"88\",\"precio\":\"4000\",\"total\":\"4000\"},{\"id\":\"38\",\"descripcion\":\"fundas de colores\",\"cantidad\":\"1\",\"stock\":\"910\",\"precio\":\"500\",\"total\":\"4000\"}]', 0, 17000, 17000, 'Crédito-0', '2024-03-07 18:49:40', 0.00, 0.00),
(205, 10192, 72, 3, '[{\"id\":\"33\",\"descripcion\":\"Ultra Male\",\"cantidad\":\"17\",\"stock\":\"498\",\"precio\":\"600\",\"total\":\"2000\"},{\"id\":\"1\",\"descripcion\":\"Singler 30 ML\",\"cantidad\":\"1\",\"stock\":\"87\",\"precio\":\"4000\",\"total\":\"4000\"},{\"id\":\"38\",\"descripcion\":\"fundas de colores\",\"cantidad\":\"1\",\"stock\":\"909\",\"precio\":\"500\",\"total\":\"10000\"}]', 0, 16000, 16000, 'Crédito-0', '2024-03-07 18:53:17', 0.00, 0.00),
(206, 10193, 79, 3, '[{\"id\":\"94\",\"descripcion\":\"DORSAY CABALLERO\",\"cantidad\":\"15\",\"stock\":\"75\",\"precio\":\"600\",\"total\":\"9000\"},{\"id\":\"81\",\"descripcion\":\"CIELO YAMBAL DAMA\",\"cantidad\":\"15\",\"stock\":\"154\",\"precio\":\"600\",\"total\":\"9000\"},{\"id\":\"1\",\"descripcion\":\"Singler 30 ML\",\"cantidad\":\"2\",\"stock\":\"85\",\"precio\":\"4000\",\"total\":\"13000\"},{\"id\":\"38\",\"descripcion\":\"fundas de colores\",\"cantidad\":\"2\",\"stock\":\"907\",\"precio\":\"500\",\"total\":\"1000\"}]', 0, 32000, 32000, 'Crédito-0', '2024-03-07 18:56:58', 0.00, 0.00),
(207, 10194, 45, 3, '[{\"id\":\"54\",\"descripcion\":\"Angel Thery Caballero\",\"cantidad\":\"30\",\"stock\":\"198\",\"precio\":\"600\",\"total\":\"18000\"},{\"id\":\"45\",\"descripcion\":\"olimpea\",\"cantidad\":\"15\",\"stock\":\"151\",\"precio\":\"600\",\"total\":\"9000\"},{\"id\":\"66\",\"descripcion\":\"360 dama tradicional\",\"cantidad\":\"30\",\"stock\":\"103\",\"precio\":\"600\",\"total\":\"18000\"},{\"id\":\"62\",\"descripcion\":\"Angel Dama\",\"cantidad\":\"15\",\"stock\":\"208\",\"precio\":\"600\",\"total\":\"9000\"},{\"id\":\"65\",\"descripcion\":\"Carolina Herera\",\"cantidad\":\"15\",\"stock\":\"514\",\"precio\":\"600\",\"total\":\"9000\"},{\"id\":\"1\",\"descripcion\":\"Singler 30 ML\",\"cantidad\":\"7\",\"stock\":\"78\",\"precio\":\"4000\",\"total\":\"3000\"},{\"id\":\"38\",\"descripcion\":\"fundas de colores\",\"cantidad\":\"7\",\"stock\":\"900\",\"precio\":\"500\",\"total\":\"4000\"}]', 0, 70000, 70000, 'Crédito-0', '2024-03-07 19:02:11', 0.00, 0.00),
(208, 10195, 84, 3, '[{\"id\":\"74\",\"descripcion\":\"GOOD GIRL\",\"cantidad\":\"15\",\"stock\":\"368\",\"precio\":\"600\",\"total\":\"9000\"},{\"id\":\"42\",\"descripcion\":\"TOY BOY\",\"cantidad\":\"15\",\"stock\":\"409\",\"precio\":\"600\",\"total\":\"9000\"},{\"id\":\"1\",\"descripcion\":\"Singler 30 ML\",\"cantidad\":\"2\",\"stock\":\"76\",\"precio\":\"4000\",\"total\":\"6000\"}]', 0, 24000, 24000, 'Efectivo', '2024-03-08 02:27:39', 0.00, 0.00),
(209, 10196, 132, 3, '[{\"id\":\"25\",\"descripcion\":\"CocoNut Pasion\",\"cantidad\":\"15\",\"stock\":\"199\",\"precio\":\"600\",\"total\":\"9000\"},{\"id\":\"111\",\"descripcion\":\"YARA DAMA\",\"cantidad\":\"15\",\"stock\":\"237\",\"precio\":\"600\",\"total\":\"9000\"},{\"id\":\"5\",\"descripcion\":\"atlantic 30ml\",\"cantidad\":\"2\",\"stock\":\"92\",\"precio\":\"2350\",\"total\":\"4700\"},{\"id\":\"38\",\"descripcion\":\"fundas de colores\",\"cantidad\":\"1\",\"stock\":\"899\",\"precio\":\"500\",\"total\":\"1300\"}]', 0, 24000, 24000, 'Crédito-0', '2024-03-08 02:36:44', 0.00, 0.00),
(210, 10197, 45, 1, '[{\"id\":\"25\",\"descripcion\":\"CocoNut Pasion\",\"cantidad\":\"15\",\"stock\":\"184\",\"precio\":\"600\",\"total\":\"7000\"},{\"id\":\"1\",\"descripcion\":\"Singler 30 ML\",\"cantidad\":\"1\",\"stock\":\"75\",\"precio\":\"4000\",\"total\":\"4000\"},{\"id\":\"38\",\"descripcion\":\"fundas de colores\",\"cantidad\":\"1\",\"stock\":\"898\",\"precio\":\"500\",\"total\":\"1000\"}]', 0, 12000, 12000, 'Efectivo', '2024-03-09 18:19:21', 0.00, 0.00),
(211, 10198, 128, 1, '[{\"id\":\"38\",\"descripcion\":\"fundas de colores\",\"cantidad\":\"1\",\"stock\":\"897\",\"precio\":\"500\",\"total\":\"1000\"},{\"id\":\"65\",\"descripcion\":\"Carolina Herera\",\"cantidad\":\"15\",\"stock\":\"499\",\"precio\":\"600\",\"total\":\"9000\"},{\"id\":\"1\",\"descripcion\":\"Singler 30 ML\",\"cantidad\":\"1\",\"stock\":\"74\",\"precio\":\"4000\",\"total\":\"4000\"}]', 0, 14000, 14000, 'Efectivo', '2024-03-09 18:20:38', 0.00, 0.00),
(212, 10199, 40, 3, '[{\"id\":\"135\",\"descripcion\":\"CORY PASSION\",\"cantidad\":\"15\",\"stock\":\"185\",\"precio\":\"600\",\"total\":\"7000\"},{\"id\":\"74\",\"descripcion\":\"GOOD GIRL\",\"cantidad\":\"15\",\"stock\":\"353\",\"precio\":\"600\",\"total\":\"7000\"},{\"id\":\"7\",\"descripcion\":\"tacon 30ml\",\"cantidad\":\"1\",\"stock\":\"101\",\"precio\":\"8600\",\"total\":\"9000\"},{\"id\":\"9\",\"descripcion\":\"manzana 30ml\",\"cantidad\":\"1\",\"stock\":\"79\",\"precio\":\"5000\",\"total\":\"5000\"},{\"id\":\"115\",\"descripcion\":\"BOLSAS BOUQUE\",\"cantidad\":\"1\",\"stock\":\"950\",\"precio\":\"670\",\"total\":\"1000\"}]', 0, 29000, 29000, 'Efectivo', '2024-03-10 02:51:47', 0.00, 0.00),
(213, 10200, 128, 3, '[{\"id\":\"45\",\"descripcion\":\"olimpea\",\"cantidad\":\"15\",\"stock\":\"136\",\"precio\":\"600\",\"total\":\"9000\"},{\"id\":\"34\",\"descripcion\":\"Feromonas\",\"cantidad\":\"1\",\"stock\":\"446\",\"precio\":\"1000\",\"total\":\"1000\"},{\"id\":\"5\",\"descripcion\":\"atlantic 30ml\",\"cantidad\":\"3\",\"stock\":\"89\",\"precio\":\"2350\",\"total\":\"8000\"},{\"id\":\"77\",\"descripcion\":\"LOQUITO POR TI DAMA\",\"cantidad\":\"15\",\"stock\":\"235\",\"precio\":\"600\",\"total\":\"9000\"},{\"id\":\"122\",\"descripcion\":\"BOMBON\",\"cantidad\":\"15\",\"stock\":\"85\",\"precio\":\"600\",\"total\":\"9000\"},{\"id\":\"57\",\"descripcion\":\"Heires dama\",\"cantidad\":\"15\",\"stock\":\"264\",\"precio\":\"600\",\"total\":\"9000\"},{\"id\":\"9\",\"descripcion\":\"manzana 30ml\",\"cantidad\":\"1\",\"stock\":\"78\",\"precio\":\"5000\",\"total\":\"5000\"}]', 0, 50000, 50000, 'Efectivo', '2024-03-10 02:56:19', 0.00, 0.00),
(214, 10201, 65, 3, '[{\"id\":\"45\",\"descripcion\":\"olimpea\",\"cantidad\":\"18\",\"stock\":\"118\",\"precio\":\"600\",\"total\":\"11000\"},{\"id\":\"60\",\"descripcion\":\"Faconable\",\"cantidad\":\"18\",\"stock\":\"90\",\"precio\":\"600\",\"total\":\"11000\"},{\"id\":\"21\",\"descripcion\":\"ONE MILLON\",\"cantidad\":\"18\",\"stock\":\"557\",\"precio\":\"600\",\"total\":\"11000\"},{\"id\":\"56\",\"descripcion\":\"INVICTUS\",\"cantidad\":\"18\",\"stock\":\"484\",\"precio\":\"600\",\"total\":\"11000\"},{\"id\":\"1\",\"descripcion\":\"Singler 30 ML\",\"cantidad\":\"4\",\"stock\":\"70\",\"precio\":\"4000\",\"total\":\"20000\"},{\"id\":\"38\",\"descripcion\":\"fundas de colores\",\"cantidad\":\"4\",\"stock\":\"893\",\"precio\":\"500\",\"total\":\"8000\"},{\"id\":\"34\",\"descripcion\":\"Feromonas\",\"cantidad\":\"4\",\"stock\":\"442\",\"precio\":\"1000\",\"total\":\"8000\"}]', 0, 80000, 80000, 'Crédito-0', '2024-03-13 20:38:59', 0.00, 0.00),
(215, 10202, 79, 3, '[{\"id\":\"21\",\"descripcion\":\"ONE MILLON\",\"cantidad\":\"15\",\"stock\":\"542\",\"precio\":\"600\",\"total\":\"9000\"},{\"id\":\"93\",\"descripcion\":\"NAUTICA VOYAGE CABALLERO\",\"cantidad\":\"15\",\"stock\":\"135\",\"precio\":\"600\",\"total\":\"9000\"},{\"id\":\"64\",\"descripcion\":\"issey Miyake\",\"cantidad\":\"15\",\"stock\":\"188\",\"precio\":\"600\",\"total\":\"9000\"},{\"id\":\"89\",\"descripcion\":\"INSURATION CABALLERO\",\"cantidad\":\"15\",\"stock\":\"105\",\"precio\":\"600\",\"total\":\"9000\"},{\"id\":\"29\",\"descripcion\":\"Lacoste-Red\",\"cantidad\":\"15\",\"stock\":\"170\",\"precio\":\"600\",\"total\":\"9000\"},{\"id\":\"115\",\"descripcion\":\"BOLSAS BOUQUE\",\"cantidad\":\"1\",\"stock\":\"949\",\"precio\":\"670\",\"total\":\"2000\"},{\"id\":\"1\",\"descripcion\":\"Singler 30 ML\",\"cantidad\":\"6\",\"stock\":\"64\",\"precio\":\"4000\",\"total\":\"24000\"},{\"id\":\"56\",\"descripcion\":\"INVICTUS\",\"cantidad\":\"15\",\"stock\":\"469\",\"precio\":\"600\",\"total\":\"25000\"}]', 0, 96000, 96000, 'Crédito-0', '2024-03-13 20:45:59', 0.00, 0.00);
INSERT INTO `ventas` (`id`, `codigo`, `id_cliente`, `id_vendedor`, `productos`, `impuesto`, `neto`, `total`, `metodo_pago`, `fecha`, `saldo_pendiente`, `monto_abonado`) VALUES
(216, 10203, 125, 3, '[{\"id\":\"97\",\"descripcion\":\"FARENHEIT CABALLERO\",\"cantidad\":\"15\",\"stock\":\"215\",\"precio\":\"600\",\"total\":\"9000\"},{\"id\":\"94\",\"descripcion\":\"DORSAY CABALLERO\",\"cantidad\":\"15\",\"stock\":\"60\",\"precio\":\"600\",\"total\":\"9000\"},{\"id\":\"60\",\"descripcion\":\"Faconable\",\"cantidad\":\"15\",\"stock\":\"75\",\"precio\":\"600\",\"total\":\"9000\"},{\"id\":\"51\",\"descripcion\":\"360 CABALLERO\",\"cantidad\":\"15\",\"stock\":\"551\",\"precio\":\"600\",\"total\":\"9000\"},{\"id\":\"82\",\"descripcion\":\"212 CABALLERO\",\"cantidad\":\"15\",\"stock\":\"105\",\"precio\":\"600\",\"total\":\"9000\"},{\"id\":\"59\",\"descripcion\":\"Amor Amor\",\"cantidad\":\"15\",\"stock\":\"170\",\"precio\":\"600\",\"total\":\"9000\"},{\"id\":\"111\",\"descripcion\":\"YARA DAMA\",\"cantidad\":\"15\",\"stock\":\"222\",\"precio\":\"600\",\"total\":\"9000\"},{\"id\":\"77\",\"descripcion\":\"LOQUITO POR TI DAMA\",\"cantidad\":\"15\",\"stock\":\"220\",\"precio\":\"600\",\"total\":\"9000\"},{\"id\":\"95\",\"descripcion\":\"LADY MILLION\",\"cantidad\":\"30\",\"stock\":\"170\",\"precio\":\"600\",\"total\":\"18000\"},{\"id\":\"81\",\"descripcion\":\"CIELO YAMBAL DAMA\",\"cantidad\":\"15\",\"stock\":\"139\",\"precio\":\"600\",\"total\":\"9000\"},{\"id\":\"1\",\"descripcion\":\"Singler 30 ML\",\"cantidad\":\"11\",\"stock\":\"53\",\"precio\":\"4000\",\"total\":\"0\"},{\"id\":\"38\",\"descripcion\":\"fundas de colores\",\"cantidad\":\"11\",\"stock\":\"882\",\"precio\":\"500\",\"total\":\"0\"}]', 0, 99000, 99000, 'Efectivo', '2024-03-11 22:43:09', 0.00, 0.00),
(217, 10204, 77, 3, '[{\"id\":\"67\",\"descripcion\":\"CORAZON 60 ML\",\"cantidad\":\"1\",\"stock\":\"143\",\"precio\":\"6000\",\"total\":\"6000\"},{\"id\":\"66\",\"descripcion\":\"360 dama tradicional\",\"cantidad\":\"30\",\"stock\":\"73\",\"precio\":\"600\",\"total\":\"18000\"},{\"id\":\"115\",\"descripcion\":\"BOLSAS BOUQUE\",\"cantidad\":\"1\",\"stock\":\"948\",\"precio\":\"670\",\"total\":\"1000\"}]', 0, 25000, 25000, 'Efectivo', '2024-03-11 13:08:44', 0.00, 0.00),
(218, 10205, 125, 3, '[{\"id\":\"65\",\"descripcion\":\"Carolina Herera\",\"cantidad\":\"15\",\"stock\":\"484\",\"precio\":\"600\",\"total\":\"9000\"},{\"id\":\"1\",\"descripcion\":\"Singler 30 ML\",\"cantidad\":\"1\",\"stock\":\"292\",\"precio\":\"4000\",\"total\":\"0\"},{\"id\":\"38\",\"descripcion\":\"fundas de colores\",\"cantidad\":\"1\",\"stock\":\"881\",\"precio\":\"500\",\"total\":\"0\"}]', 0, 9000, 9000, 'Efectivo', '2024-03-11 22:42:09', 0.00, 0.00),
(219, 10206, 125, 3, '[{\"id\":\"60\",\"descripcion\":\"Faconable\",\"cantidad\":\"3\",\"stock\":\"72\",\"precio\":\"600\",\"total\":\"2000\"}]', 0, 2000, 2000, 'Efectivo', '2024-03-11 22:42:53', 0.00, 0.00),
(220, 10207, 125, 3, '[{\"id\":\"135\",\"descripcion\":\"CORY PASSION\",\"cantidad\":\"15\",\"stock\":\"170\",\"precio\":\"600\",\"total\":\"9000\"},{\"id\":\"38\",\"descripcion\":\"fundas de colores\",\"cantidad\":\"1\",\"stock\":\"880\",\"precio\":\"500\",\"total\":\"0\"},{\"id\":\"1\",\"descripcion\":\"Singler 30 ML\",\"cantidad\":\"1\",\"stock\":\"291\",\"precio\":\"4000\",\"total\":\"0\"}]', 0, 9000, 9000, 'Efectivo', '2024-03-13 19:41:22', 0.00, 0.00),
(221, 10208, 99, 3, '[{\"id\":\"77\",\"descripcion\":\"LOQUITO POR TI DAMA\",\"cantidad\":\"30\",\"stock\":\"190\",\"precio\":\"600\",\"total\":\"18000\"},{\"id\":\"16\",\"descripcion\":\"Flaw 50ml\",\"cantidad\":\"1\",\"stock\":\"99\",\"precio\":\"7000\",\"total\":\"7000\"},{\"id\":\"115\",\"descripcion\":\"BOLSAS BOUQUE\",\"cantidad\":\"1\",\"stock\":\"947\",\"precio\":\"670\",\"total\":\"0\"}]', 0, 25000, 25000, 'Crédito-0', '2024-03-13 20:38:35', 0.00, 0.00),
(222, 10209, 134, 3, '[{\"id\":\"17\",\"descripcion\":\"Invitus 50ml\",\"cantidad\":\"1\",\"stock\":\"79\",\"precio\":\"8000\",\"total\":\"8000\"},{\"id\":\"56\",\"descripcion\":\"INVICTUS\",\"cantidad\":\"30\",\"stock\":\"439\",\"precio\":\"600\",\"total\":\"18000\"},{\"id\":\"14\",\"descripcion\":\"Jean Poul 50ml\",\"cantidad\":\"1\",\"stock\":\"119\",\"precio\":\"7000\",\"total\":\"6000\"},{\"id\":\"85\",\"descripcion\":\"BLACK XS\",\"cantidad\":\"30\",\"stock\":\"104\",\"precio\":\"600\",\"total\":\"18000\"},{\"id\":\"115\",\"descripcion\":\"BOLSAS BOUQUE\",\"cantidad\":\"2\",\"stock\":\"945\",\"precio\":\"670\",\"total\":\"0\"}]', 0, 50000, 50000, 'Crédito-0', '2024-03-13 20:38:27', 0.00, 0.00),
(223, 10210, 133, 3, '[{\"id\":\"48\",\"descripcion\":\"Black xs lece\",\"cantidad\":\"15\",\"stock\":\"140\",\"precio\":\"600\",\"total\":\"9000\"},{\"id\":\"1\",\"descripcion\":\"Singler 30 ML\",\"cantidad\":\"1\",\"stock\":\"290\",\"precio\":\"4000\",\"total\":\"5000\"},{\"id\":\"38\",\"descripcion\":\"fundas de colores\",\"cantidad\":\"1\",\"stock\":\"879\",\"precio\":\"500\",\"total\":\"2000\"}]', 0, 16000, 16000, 'Crédito-0', '2024-03-13 20:38:18', 0.00, 0.00),
(224, 10211, 65, 3, '[{\"id\":\"36\",\"descripcion\":\"Bolso Perfumero\",\"cantidad\":\"1\",\"stock\":\"7\",\"precio\":\"27000\",\"total\":\"105000\"}]', 0, 105000, 105000, 'Crédito-0', '2024-03-13 20:38:11', 0.00, 0.00),
(235, 10212, 119, 3, '[{\"id\":\"48\",\"descripcion\":\"Black xs lece\",\"cantidad\":\"30\",\"stock\":\"110\",\"precio\":\"600\",\"total\":\"18000\"},{\"id\":\"17\",\"descripcion\":\"Invitus 50ml\",\"cantidad\":\"1\",\"stock\":\"78\",\"precio\":\"8000\",\"total\":\"8000\"},{\"id\":\"123\",\"descripcion\":\"GAIA\",\"cantidad\":\"3\",\"stock\":\"82\",\"precio\":\"600\",\"total\":\"1800\"},{\"id\":\"115\",\"descripcion\":\"BOLSAS BOUQUE\",\"cantidad\":\"1\",\"stock\":\"944\",\"precio\":\"670\",\"total\":\"200\"}]', 0, 28000, 28000, 'Efectivo', '2024-03-14 16:22:23', 0.00, 0.00),
(236, 10213, 65, 3, '[{\"id\":\"36\",\"descripcion\":\"Bolso Perfumero\",\"cantidad\":\"1\",\"stock\":\"6\",\"precio\":\"27000\",\"total\":\"200000\"}]', 0, 200000, 200000, 'Crédito-0', '2024-03-14 16:22:57', 0.00, 0.00),
(237, 10214, 40, 3, '[{\"id\":\"45\",\"descripcion\":\"olimpea\",\"cantidad\":\"15\",\"stock\":\"103\",\"precio\":\"600\",\"total\":\"9000\"},{\"id\":\"38\",\"descripcion\":\"fundas de colores\",\"cantidad\":\"1\",\"stock\":\"878\",\"precio\":\"500\",\"total\":\"1000\"},{\"id\":\"1\",\"descripcion\":\"Singler 30 ML\",\"cantidad\":\"1\",\"stock\":\"289\",\"precio\":\"4000\",\"total\":\"1000\"}]', 0, 11000, 11000, 'Efectivo', '2024-03-14 16:23:50', 0.00, 0.00),
(238, 10215, 134, 3, '[{\"id\":\"17\",\"descripcion\":\"Invitus 50ml\",\"cantidad\":\"1\",\"stock\":\"77\",\"precio\":\"8000\",\"total\":\"7000\"},{\"id\":\"56\",\"descripcion\":\"INVICTUS\",\"cantidad\":\"30\",\"stock\":\"409\",\"precio\":\"600\",\"total\":\"18000\"},{\"id\":\"115\",\"descripcion\":\"BOLSAS BOUQUE\",\"cantidad\":\"1\",\"stock\":\"943\",\"precio\":\"670\",\"total\":\"0\"}]', 0, 25000, 25000, 'Crédito-0', '2024-03-16 14:37:25', 0.00, 0.00),
(239, 10216, 45, 3, '[{\"id\":\"45\",\"descripcion\":\"olimpea\",\"cantidad\":\"15\",\"stock\":\"88\",\"precio\":\"600\",\"total\":\"9000\"},{\"id\":\"81\",\"descripcion\":\"CIELO YAMBAL DAMA\",\"cantidad\":\"15\",\"stock\":\"124\",\"precio\":\"600\",\"total\":\"9000\"},{\"id\":\"1\",\"descripcion\":\"Singler 30 ML\",\"cantidad\":\"2\",\"stock\":\"287\",\"precio\":\"4000\",\"total\":\"1000\"},{\"id\":\"38\",\"descripcion\":\"fundas de colores\",\"cantidad\":\"2\",\"stock\":\"876\",\"precio\":\"500\",\"total\":\"1000\"}]', 0, 20000, 20000, 'Efectivo', '2024-03-17 20:17:05', 0.00, 0.00),
(240, 10217, 81, 3, '[{\"id\":\"26\",\"descripcion\":\"Black-xs-Aph\",\"cantidad\":\"15\",\"stock\":\"72\",\"precio\":\"600\",\"total\":\"9000\"},{\"id\":\"117\",\"descripcion\":\"OMBRE NOMADA\",\"cantidad\":\"15\",\"stock\":\"239\",\"precio\":\"600\",\"total\":\"9000\"},{\"id\":\"5\",\"descripcion\":\"atlantic 30ml\",\"cantidad\":\"2\",\"stock\":\"231\",\"precio\":\"2350\",\"total\":\"6000\"}]', 0, 24000, 24000, 'Efectivo', '2024-03-17 20:20:26', 0.00, 0.00),
(241, 10218, 128, 3, '[{\"id\":\"110\",\"descripcion\":\"BACCARAT ROUGE 540 UNISEX\",\"cantidad\":\"15\",\"stock\":\"170\",\"precio\":\"600\",\"total\":\"9000\"},{\"id\":\"58\",\"descripcion\":\"Amber Gold\",\"cantidad\":\"15\",\"stock\":\"203\",\"precio\":\"600\",\"total\":\"9000\"},{\"id\":\"1\",\"descripcion\":\"Singler 30 ML\",\"cantidad\":\"2\",\"stock\":\"285\",\"precio\":\"4000\",\"total\":\"8000\"},{\"id\":\"38\",\"descripcion\":\"fundas de colores\",\"cantidad\":\"2\",\"stock\":\"874\",\"precio\":\"500\",\"total\":\"2000\"}]', 0, 28000, 28000, 'Efectivo', '2024-03-17 20:22:24', 0.00, 0.00),
(242, 10219, 128, 3, '[{\"id\":\"75\",\"descripcion\":\"CHANEL DAMA\",\"cantidad\":\"17\",\"stock\":\"170\",\"precio\":\"600\",\"total\":\"11400\"},{\"id\":\"50\",\"descripcion\":\"Taj Sunset\",\"cantidad\":\"17\",\"stock\":\"211\",\"precio\":\"600\",\"total\":\"11400\"}]', 0, 22800, 22800, 'Efectivo', '2024-03-17 20:26:35', 0.00, 0.00),
(243, 10220, 114, 3, '[{\"id\":\"25\",\"descripcion\":\"CocoNut Pasion\",\"cantidad\":\"45\",\"stock\":\"139\",\"precio\":\"600\",\"total\":\"27000\"},{\"id\":\"67\",\"descripcion\":\"CORAZON 60 ML\",\"cantidad\":\"1\",\"stock\":\"142\",\"precio\":\"6000\",\"total\":\"6000\"},{\"id\":\"1\",\"descripcion\":\"Singler 30 ML\",\"cantidad\":\"1\",\"stock\":\"284\",\"precio\":\"4000\",\"total\":\"4000\"},{\"id\":\"115\",\"descripcion\":\"BOLSAS BOUQUE\",\"cantidad\":\"1\",\"stock\":\"942\",\"precio\":\"670\",\"total\":\"0\"}]', 0, 37000, 37000, 'Efectivo', '2024-03-19 03:40:40', 0.00, 0.00),
(244, 10221, 106, 3, '[{\"id\":\"58\",\"descripcion\":\"Amber Gold\",\"cantidad\":\"15\",\"stock\":\"188\",\"precio\":\"600\",\"total\":\"9000\"},{\"id\":\"5\",\"descripcion\":\"atlantic 30ml\",\"cantidad\":\"1\",\"stock\":\"230\",\"precio\":\"2350\",\"total\":\"2000\"},{\"id\":\"38\",\"descripcion\":\"fundas de colores\",\"cantidad\":\"1\",\"stock\":\"873\",\"precio\":\"500\",\"total\":\"1000\"}]', 0, 12000, 12000, 'Crédito-0', '2024-03-19 20:17:34', 0.00, 0.00),
(245, 10222, 45, 3, '[{\"id\":\"63\",\"descripcion\":\"Solo Yambal\",\"cantidad\":\"45\",\"stock\":\"33\",\"precio\":\"600\",\"total\":\"27000\"},{\"id\":\"60\",\"descripcion\":\"Faconable\",\"cantidad\":\"15\",\"stock\":\"57\",\"precio\":\"600\",\"total\":\"9000\"},{\"id\":\"1\",\"descripcion\":\"Singler 30 ML\",\"cantidad\":\"4\",\"stock\":\"280\",\"precio\":\"4000\",\"total\":\"2000\"},{\"id\":\"38\",\"descripcion\":\"fundas de colores\",\"cantidad\":\"4\",\"stock\":\"869\",\"precio\":\"500\",\"total\":\"2000\"}]', 0, 40000, 40000, 'Crédito-0', '2024-03-19 20:19:59', 0.00, 0.00),
(246, 10223, 135, 3, '[{\"id\":\"111\",\"descripcion\":\"YARA DAMA\",\"cantidad\":\"21\",\"stock\":\"201\",\"precio\":\"600\",\"total\":\"14000\"},{\"id\":\"9\",\"descripcion\":\"manzana 30ml\",\"cantidad\":\"1\",\"stock\":\"77\",\"precio\":\"5000\",\"total\":\"5000\"},{\"id\":\"115\",\"descripcion\":\"BOLSAS BOUQUE\",\"cantidad\":\"1\",\"stock\":\"941\",\"precio\":\"670\",\"total\":\"1000\"}]', 0, 20000, 20000, 'Efectivo', '2024-03-19 20:28:54', 0.00, 0.00),
(247, 10224, 65, 3, '[{\"id\":\"60\",\"descripcion\":\"Faconable\",\"cantidad\":\"15\",\"stock\":\"42\",\"precio\":\"600\",\"total\":\"9000\"},{\"id\":\"1\",\"descripcion\":\"Singler 30 ML\",\"cantidad\":\"1\",\"stock\":\"279\",\"precio\":\"4000\",\"total\":\"0\"},{\"id\":\"38\",\"descripcion\":\"fundas de colores\",\"cantidad\":\"1\",\"stock\":\"868\",\"precio\":\"500\",\"total\":\"1000\"},{\"id\":\"45\",\"descripcion\":\"olimpea\",\"cantidad\":\"9\",\"stock\":\"79\",\"precio\":\"600\",\"total\":\"5000\"}]', 0, 15000, 15000, 'Crédito-0', '2024-03-19 22:45:54', 0.00, 0.00),
(248, 10225, 128, 3, '[{\"id\":\"63\",\"descripcion\":\"Solo Yambal\",\"cantidad\":\"15\",\"stock\":\"18\",\"precio\":\"600\",\"total\":\"9000\"}]', 0, 9000, 9000, 'Efectivo', '2024-03-19 22:46:23', 0.00, 0.00),
(249, 10226, 135, 3, '[{\"id\":\"27\",\"descripcion\":\"LA VIDA ES BELLA\",\"cantidad\":\"21\",\"stock\":\"187\",\"precio\":\"600\",\"total\":\"12600\"},{\"id\":\"9\",\"descripcion\":\"manzana 30ml\",\"cantidad\":\"1\",\"stock\":\"76\",\"precio\":\"5000\",\"total\":\"6000\"},{\"id\":\"115\",\"descripcion\":\"BOLSAS BOUQUE\",\"cantidad\":\"1\",\"stock\":\"940\",\"precio\":\"670\",\"total\":\"1400\"}]', 0, 20000, 20000, 'Crédito-0', '2024-03-20 12:32:22', 0.00, 0.00),
(250, 10227, 35, 3, '[{\"id\":\"63\",\"descripcion\":\"Solo Yambal\",\"cantidad\":\"18\",\"stock\":\"0\",\"precio\":\"600\",\"total\":\"15000\"},{\"id\":\"1\",\"descripcion\":\"Singler 30 ML\",\"cantidad\":\"1\",\"stock\":\"278\",\"precio\":\"4000\",\"total\":\"4000\"},{\"id\":\"38\",\"descripcion\":\"fundas de colores\",\"cantidad\":\"1\",\"stock\":\"867\",\"precio\":\"500\",\"total\":\"1000\"}]', 0, 20000, 20000, 'Crédito-0', '2024-03-20 12:34:38', 0.00, 0.00),
(251, 10228, 35, 3, '[{\"id\":\"97\",\"descripcion\":\"FARENHEIT CABALLERO\",\"cantidad\":\"18\",\"stock\":\"197\",\"precio\":\"600\",\"total\":\"14000\"},{\"id\":\"38\",\"descripcion\":\"fundas de colores\",\"cantidad\":\"1\",\"stock\":\"866\",\"precio\":\"500\",\"total\":\"1000\"},{\"id\":\"1\",\"descripcion\":\"Singler 30 ML\",\"cantidad\":\"1\",\"stock\":\"277\",\"precio\":\"4000\",\"total\":\"4000\"},{\"id\":\"34\",\"descripcion\":\"Feromonas\",\"cantidad\":\"1\",\"stock\":\"441\",\"precio\":\"1000\",\"total\":\"1000\"}]', 0, 20000, 20000, 'Crédito-0', '2024-03-20 12:35:43', 0.00, 0.00),
(252, 10229, 426, 3, '[{\"id\":\"107\",\"descripcion\":\"BVULGARY AQVA\",\"cantidad\":\"15\",\"stock\":\"169\",\"precio\":\"600\",\"total\":\"9000\"},{\"id\":\"5\",\"descripcion\":\"atlantic 30ml\",\"cantidad\":\"1\",\"stock\":\"229\",\"precio\":\"2350\",\"total\":\"2350\"},{\"id\":\"38\",\"descripcion\":\"fundas de colores\",\"cantidad\":\"1\",\"stock\":\"865\",\"precio\":\"500\",\"total\":\"650\"}]', 0, 12000, 12000, 'Crédito-0', '2024-03-20 12:37:59', 0.00, 0.00),
(253, 10230, 25, 3, '[{\"id\":\"54\",\"descripcion\":\"Angel Thery Caballero\",\"cantidad\":\"22\",\"stock\":\"176\",\"precio\":\"600\",\"total\":\"15000\"},{\"id\":\"21\",\"descripcion\":\"ONE MILLON\",\"cantidad\":\"22\",\"stock\":\"520\",\"precio\":\"600\",\"total\":\"15000\"},{\"id\":\"34\",\"descripcion\":\"Feromonas\",\"cantidad\":\"2\",\"stock\":\"439\",\"precio\":\"1000\",\"total\":\"9000\"},{\"id\":\"1\",\"descripcion\":\"Singler 30 ML\",\"cantidad\":\"2\",\"stock\":\"275\",\"precio\":\"4000\",\"total\":\"8000\"},{\"id\":\"38\",\"descripcion\":\"fundas de colores\",\"cantidad\":\"2\",\"stock\":\"863\",\"precio\":\"500\",\"total\":\"1000\"}]', 0, 48000, 48000, 'Crédito-0', '2024-03-20 12:42:12', 0.00, 0.00),
(254, 10231, 125, 3, '[{\"id\":\"63\",\"descripcion\":\"Solo Yambal\",\"cantidad\":\"75\",\"stock\":\"125\",\"precio\":\"600\",\"total\":\"45000\"},{\"id\":\"1\",\"descripcion\":\"Singler 30 ML\",\"cantidad\":\"5\",\"stock\":\"270\",\"precio\":\"4000\",\"total\":\"0\"},{\"id\":\"38\",\"descripcion\":\"fundas de colores\",\"cantidad\":\"5\",\"stock\":\"858\",\"precio\":\"500\",\"total\":\"0\"}]', 0, 45000, 45000, 'Crédito-0', '2024-03-20 12:57:20', 0.00, 0.00),
(255, 10232, 61, 3, '[{\"id\":\"7\",\"descripcion\":\"tacon 30ml\",\"cantidad\":\"1\",\"stock\":\"100\",\"precio\":\"8600\",\"total\":\"9000\"},{\"id\":\"1\",\"descripcion\":\"Singler 30 ML\",\"cantidad\":\"1\",\"stock\":\"269\",\"precio\":\"4000\",\"total\":\"4000\"},{\"id\":\"58\",\"descripcion\":\"Amber Gold\",\"cantidad\":\"16\",\"stock\":\"172\",\"precio\":\"600\",\"total\":\"10000\"},{\"id\":\"81\",\"descripcion\":\"CIELO YAMBAL DAMA\",\"cantidad\":\"15\",\"stock\":\"109\",\"precio\":\"600\",\"total\":\"9000\"},{\"id\":\"38\",\"descripcion\":\"fundas de colores\",\"cantidad\":\"1\",\"stock\":\"857\",\"precio\":\"500\",\"total\":\"2000\"},{\"id\":\"115\",\"descripcion\":\"BOLSAS BOUQUE\",\"cantidad\":\"1\",\"stock\":\"939\",\"precio\":\"670\",\"total\":\"1000\"}]', 0, 35000, 35000, 'Efectivo', '2024-03-20 12:59:07', 0.00, 0.00),
(256, 10233, 102, 3, '[{\"id\":\"105\",\"descripcion\":\"BAD BOY\",\"cantidad\":\"32\",\"stock\":\"150\",\"precio\":\"600\",\"total\":\"21200\"},{\"id\":\"10\",\"descripcion\":\"Iris 50ml\",\"cantidad\":\"1\",\"stock\":\"2\",\"precio\":\"7000\",\"total\":\"0\"},{\"id\":\"115\",\"descripcion\":\"BOLSAS BOUQUE\",\"cantidad\":\"1\",\"stock\":\"938\",\"precio\":\"670\",\"total\":\"0\"}]', 0, 21200, 21200, 'Efectivo', '2024-03-21 03:42:05', 0.00, 0.00),
(257, 10234, 131, 3, '[{\"id\":\"69\",\"descripcion\":\"Hugo Boss\",\"cantidad\":\"15\",\"stock\":\"497\",\"precio\":\"600\",\"total\":\"9000\"},{\"id\":\"5\",\"descripcion\":\"atlantic 30ml\",\"cantidad\":\"1\",\"stock\":\"228\",\"precio\":\"2350\",\"total\":\"1000\"},{\"id\":\"38\",\"descripcion\":\"fundas de colores\",\"cantidad\":\"1\",\"stock\":\"856\",\"precio\":\"500\",\"total\":\"0\"}]', 0, 10000, 10000, 'Efectivo', '2024-03-21 03:43:01', 0.00, 0.00),
(258, 10235, 99, 3, '[{\"id\":\"77\",\"descripcion\":\"LOQUITO POR TI DAMA\",\"cantidad\":\"17\",\"stock\":\"173\",\"precio\":\"600\",\"total\":\"10000\"},{\"id\":\"5\",\"descripcion\":\"atlantic 30ml\",\"cantidad\":\"1\",\"stock\":\"227\",\"precio\":\"2350\",\"total\":\"3000\"},{\"id\":\"38\",\"descripcion\":\"fundas de colores\",\"cantidad\":\"1\",\"stock\":\"855\",\"precio\":\"500\",\"total\":\"500\"}]', 0, 13500, 13500, 'Crédito-0', '2024-03-21 03:44:27', 0.00, 0.00),
(259, 10236, 426, 3, '[{\"id\":\"111\",\"descripcion\":\"YARA DAMA\",\"cantidad\":\"15\",\"stock\":\"186\",\"precio\":\"600\",\"total\":\"9000\"},{\"id\":\"5\",\"descripcion\":\"atlantic 30ml\",\"cantidad\":\"1\",\"stock\":\"226\",\"precio\":\"2350\",\"total\":\"2500\"},{\"id\":\"38\",\"descripcion\":\"fundas de colores\",\"cantidad\":\"1\",\"stock\":\"854\",\"precio\":\"500\",\"total\":\"500\"}]', 0, 12000, 12000, 'Crédito-0', '2024-03-21 03:45:06', 0.00, 0.00),
(260, 10237, 427, 3, '[{\"id\":\"111\",\"descripcion\":\"YARA DAMA\",\"cantidad\":\"19\",\"stock\":\"167\",\"precio\":\"600\",\"total\":\"15500\"},{\"id\":\"38\",\"descripcion\":\"fundas de colores\",\"cantidad\":\"1\",\"stock\":\"853\",\"precio\":\"500\",\"total\":\"500\"},{\"id\":\"1\",\"descripcion\":\"Singler 30 ML\",\"cantidad\":\"1\",\"stock\":\"268\",\"precio\":\"4000\",\"total\":\"4000\"}]', 0, 20000, 20000, 'Crédito-0', '2024-03-21 03:48:28', 0.00, 0.00),
(261, 10238, 128, 3, '[{\"id\":\"18\",\"descripcion\":\"cartier 60ml\",\"cantidad\":\"1\",\"stock\":\"1\",\"precio\":\"6000\",\"total\":\"6000\"},{\"id\":\"53\",\"descripcion\":\"212 vip\",\"cantidad\":\"20\",\"stock\":\"326\",\"precio\":\"600\",\"total\":\"14000\"},{\"id\":\"58\",\"descripcion\":\"Amber Gold\",\"cantidad\":\"15\",\"stock\":\"157\",\"precio\":\"600\",\"total\":\"9000\"},{\"id\":\"56\",\"descripcion\":\"INVICTUS\",\"cantidad\":\"15\",\"stock\":\"394\",\"precio\":\"600\",\"total\":\"9000\"},{\"id\":\"34\",\"descripcion\":\"Feromonas\",\"cantidad\":\"2\",\"stock\":\"437\",\"precio\":\"1000\",\"total\":\"2000\"}]', 0, 40000, 40000, 'Efectivo', '2024-03-23 13:15:00', 0.00, 0.00),
(262, 10239, 128, 3, '[{\"id\":\"135\",\"descripcion\":\"CORY PASSION\",\"cantidad\":\"7\",\"stock\":\"163\",\"precio\":\"600\",\"total\":\"5000\"}]', 0, 5000, 5000, 'Efectivo', '2024-03-23 13:15:52', 0.00, 0.00),
(263, 10240, 429, 3, '[{\"id\":\"56\",\"descripcion\":\"INVICTUS\",\"cantidad\":\"70\",\"stock\":\"324\",\"precio\":\"600\",\"total\":\"42000\"},{\"id\":\"17\",\"descripcion\":\"Invitus 50ml\",\"cantidad\":\"2\",\"stock\":\"75\",\"precio\":\"8000\",\"total\":\"8000\"},{\"id\":\"115\",\"descripcion\":\"BOLSAS BOUQUE\",\"cantidad\":\"2\",\"stock\":\"936\",\"precio\":\"670\",\"total\":\"0\"}]', 0, 50000, 50000, 'Crédito-0', '2024-03-23 13:19:21', 0.00, 0.00),
(264, 10241, 427, 3, '[{\"id\":\"108\",\"descripcion\":\"EAU D CARTIER\",\"cantidad\":\"19\",\"stock\":\"181\",\"precio\":\"600\",\"total\":\"15000\"},{\"id\":\"110\",\"descripcion\":\"BACCARAT ROUGE 540 UNISEX\",\"cantidad\":\"19\",\"stock\":\"151\",\"precio\":\"600\",\"total\":\"15000\"},{\"id\":\"1\",\"descripcion\":\"Singler 30 ML\",\"cantidad\":\"2\",\"stock\":\"266\",\"precio\":\"4000\",\"total\":\"8000\"},{\"id\":\"38\",\"descripcion\":\"fundas de colores\",\"cantidad\":\"2\",\"stock\":\"851\",\"precio\":\"500\",\"total\":\"2000\"}]', 0, 40000, 40000, 'Crédito-0', '2024-03-23 13:20:51', 0.00, 0.00),
(265, 10242, 135, 3, '[{\"id\":\"7\",\"descripcion\":\"tacon 30ml\",\"cantidad\":\"1\",\"stock\":\"99\",\"precio\":\"8600\",\"total\":\"9000\"},{\"id\":\"74\",\"descripcion\":\"GOOD GIRL\",\"cantidad\":\"15\",\"stock\":\"338\",\"precio\":\"600\",\"total\":\"9000\"},{\"id\":\"115\",\"descripcion\":\"BOLSAS BOUQUE\",\"cantidad\":\"1\",\"stock\":\"935\",\"precio\":\"670\",\"total\":\"2000\"}]', 0, 20000, 20000, 'Crédito-0', '2024-03-23 16:33:47', 0.00, 0.00),
(266, 10243, 135, 3, '[{\"id\":\"57\",\"descripcion\":\"Heires dama\",\"cantidad\":\"10\",\"stock\":\"254\",\"precio\":\"600\",\"total\":\"7000\"}]', 0, 7000, 7000, 'Crédito-0', '2024-03-23 16:34:17', 0.00, 0.00),
(267, 10244, 128, 3, '[{\"id\":\"119\",\"descripcion\":\"ADRENALINA\",\"cantidad\":\"30\",\"stock\":\"70\",\"precio\":\"600\",\"total\":\"18000\"},{\"id\":\"115\",\"descripcion\":\"BOLSAS BOUQUE\",\"cantidad\":\"1\",\"stock\":\"934\",\"precio\":\"670\",\"total\":\"2000\"},{\"id\":\"14\",\"descripcion\":\"Jean Poul 50ml\",\"cantidad\":\"1\",\"stock\":\"118\",\"precio\":\"7000\",\"total\":\"5000\"}]', 0, 25000, 25000, 'Efectivo', '2024-03-23 19:55:14', 0.00, 0.00),
(268, 10245, 430, 3, '[{\"id\":\"119\",\"descripcion\":\"ADRENALINA\",\"cantidad\":\"30\",\"stock\":\"40\",\"precio\":\"600\",\"total\":\"18000\"},{\"id\":\"64\",\"descripcion\":\"issey Miyake\",\"cantidad\":\"30\",\"stock\":\"158\",\"precio\":\"600\",\"total\":\"18000\"},{\"id\":\"14\",\"descripcion\":\"Jean Poul 50ml\",\"cantidad\":\"1\",\"stock\":\"117\",\"precio\":\"7000\",\"total\":\"7000\"},{\"id\":\"16\",\"descripcion\":\"Flaw 50ml\",\"cantidad\":\"1\",\"stock\":\"98\",\"precio\":\"7000\",\"total\":\"7000\"},{\"id\":\"115\",\"descripcion\":\"BOLSAS BOUQUE\",\"cantidad\":\"1\",\"stock\":\"933\",\"precio\":\"670\",\"total\":\"0\"}]', 0, 50000, 50000, 'Crédito-0', '2024-03-23 19:58:04', 0.00, 0.00),
(269, 10246, 86, 3, '[{\"id\":\"33\",\"descripcion\":\"Ultra Male\",\"cantidad\":\"15\",\"stock\":\"483\",\"precio\":\"600\",\"total\":\"7000\"},{\"id\":\"5\",\"descripcion\":\"atlantic 30ml\",\"cantidad\":\"1\",\"stock\":\"225\",\"precio\":\"2350\",\"total\":\"2500\"},{\"id\":\"38\",\"descripcion\":\"fundas de colores\",\"cantidad\":\"1\",\"stock\":\"850\",\"precio\":\"500\",\"total\":\"500\"}]', 0, 10000, 10000, 'Crédito-0', '2024-03-23 20:04:13', 0.00, 0.00),
(270, 10247, 108, 3, '[{\"id\":\"121\",\"descripcion\":\"ONE MILLION  LUCKI\",\"cantidad\":\"15\",\"stock\":\"505\",\"precio\":\"600\",\"total\":\"7000\"},{\"id\":\"124\",\"descripcion\":\"BLACK XS LOS ANGELES\",\"cantidad\":\"15\",\"stock\":\"170\",\"precio\":\"600\",\"total\":\"9000\"},{\"id\":\"5\",\"descripcion\":\"atlantic 30ml\",\"cantidad\":\"2\",\"stock\":\"223\",\"precio\":\"2350\",\"total\":\"3000\"},{\"id\":\"38\",\"descripcion\":\"fundas de colores\",\"cantidad\":\"2\",\"stock\":\"848\",\"precio\":\"500\",\"total\":\"1000\"}]', 0, 20000, 20000, 'Crédito-0', '2024-03-23 20:05:48', 0.00, 0.00),
(271, 10248, 80, 3, '[{\"id\":\"85\",\"descripcion\":\"BLACK XS\",\"cantidad\":\"15\",\"stock\":\"89\",\"precio\":\"600\",\"total\":\"9000\"},{\"id\":\"69\",\"descripcion\":\"Hugo Boss\",\"cantidad\":\"15\",\"stock\":\"482\",\"precio\":\"600\",\"total\":\"9000\"},{\"id\":\"63\",\"descripcion\":\"Solo Yambal\",\"cantidad\":\"15\",\"stock\":\"110\",\"precio\":\"600\",\"total\":\"9000\"},{\"id\":\"81\",\"descripcion\":\"CIELO YAMBAL DAMA\",\"cantidad\":\"15\",\"stock\":\"94\",\"precio\":\"600\",\"total\":\"9000\"},{\"id\":\"71\",\"descripcion\":\"273 dama\",\"cantidad\":\"15\",\"stock\":\"502\",\"precio\":\"600\",\"total\":\"9000\"},{\"id\":\"1\",\"descripcion\":\"Singler 30 ML\",\"cantidad\":\"6\",\"stock\":\"260\",\"precio\":\"4000\",\"total\":\"24000\"},{\"id\":\"38\",\"descripcion\":\"fundas de colores\",\"cantidad\":\"6\",\"stock\":\"842\",\"precio\":\"500\",\"total\":\"3000\"},{\"id\":\"82\",\"descripcion\":\"212 CABALLERO\",\"cantidad\":\"15\",\"stock\":\"90\",\"precio\":\"600\",\"total\":\"18000\"}]', 0, 90000, 90000, 'Crédito-0', '2024-03-23 20:10:14', 0.00, 0.00),
(272, 10249, 431, 3, '[{\"id\":\"48\",\"descripcion\":\"Black xs lece\",\"cantidad\":\"30\",\"stock\":\"80\",\"precio\":\"600\",\"total\":\"18000\"},{\"id\":\"17\",\"descripcion\":\"Invitus 50ml\",\"cantidad\":\"1\",\"stock\":\"74\",\"precio\":\"8000\",\"total\":\"7000\"},{\"id\":\"115\",\"descripcion\":\"BOLSAS BOUQUE\",\"cantidad\":\"1\",\"stock\":\"932\",\"precio\":\"670\",\"total\":\"0\"}]', 0, 25000, 25000, 'Efectivo', '2024-03-26 01:43:48', 0.00, 0.00),
(273, 10250, 128, 3, '[{\"id\":\"77\",\"descripcion\":\"LOQUITO POR TI DAMA\",\"cantidad\":\"15\",\"stock\":\"158\",\"precio\":\"600\",\"total\":\"10000\"}]', 0, 10000, 10000, 'Efectivo', '2024-03-26 01:44:22', 0.00, 0.00),
(274, 10251, 100, 3, '[{\"id\":\"111\",\"descripcion\":\"YARA DAMA\",\"cantidad\":\"38\",\"stock\":\"129\",\"precio\":\"600\",\"total\":\"23000\"},{\"id\":\"1\",\"descripcion\":\"Singler 30 ML\",\"cantidad\":\"2\",\"stock\":\"258\",\"precio\":\"4000\",\"total\":\"15000\"},{\"id\":\"38\",\"descripcion\":\"fundas de colores\",\"cantidad\":\"2\",\"stock\":\"840\",\"precio\":\"500\",\"total\":\"1000\"}]', 0, 39000, 39000, 'Efectivo', '2024-03-28 21:57:25', 0.00, 0.00),
(275, 10252, 75, 3, '[{\"id\":\"53\",\"descripcion\":\"212 vip\",\"cantidad\":\"18\",\"stock\":\"308\",\"precio\":\"600\",\"total\":\"12000\"},{\"id\":\"110\",\"descripcion\":\"BACCARAT ROUGE 540 UNISEX\",\"cantidad\":\"18\",\"stock\":\"133\",\"precio\":\"600\",\"total\":\"12000\"},{\"id\":\"34\",\"descripcion\":\"Feromonas\",\"cantidad\":\"2\",\"stock\":\"435\",\"precio\":\"1000\",\"total\":\"2000\"},{\"id\":\"1\",\"descripcion\":\"Singler 30 ML\",\"cantidad\":\"2\",\"stock\":\"256\",\"precio\":\"4000\",\"total\":\"9000\"},{\"id\":\"38\",\"descripcion\":\"fundas de colores\",\"cantidad\":\"2\",\"stock\":\"838\",\"precio\":\"500\",\"total\":\"5000\"}]', 0, 40000, 40000, 'Crédito-0', '2024-03-28 21:58:34', 0.00, 0.00),
(276, 10253, 432, 3, '[{\"id\":\"56\",\"descripcion\":\"INVICTUS\",\"cantidad\":\"18\",\"stock\":\"306\",\"precio\":\"600\",\"total\":\"15000\"},{\"id\":\"1\",\"descripcion\":\"Singler 30 ML\",\"cantidad\":\"1\",\"stock\":\"255\",\"precio\":\"4000\",\"total\":\"4000\"},{\"id\":\"38\",\"descripcion\":\"fundas de colores\",\"cantidad\":\"1\",\"stock\":\"837\",\"precio\":\"500\",\"total\":\"1000\"}]', 0, 20000, 20000, 'Crédito-0', '2024-03-28 22:00:08', 0.00, 0.00),
(277, 10254, 84, 1, '[{\"id\":\"42\",\"descripcion\":\"TOY BOY\",\"cantidad\":\"15\",\"stock\":\"394\",\"precio\":\"600\",\"total\":\"9000\"},{\"id\":\"1\",\"descripcion\":\"Singler 30 ML\",\"cantidad\":\"1\",\"stock\":\"254\",\"precio\":\"4000\",\"total\":\"4000\"}]', 0, 13000, 13000, 'Crédito-0', '2024-03-28 22:12:43', 0.00, 0.00),
(278, 10255, 433, 3, '[{\"id\":\"33\",\"descripcion\":\"Ultra Male\",\"cantidad\":\"19\",\"stock\":\"464\",\"precio\":\"600\",\"total\":\"12000\"},{\"id\":\"1\",\"descripcion\":\"Singler 30 ML\",\"cantidad\":\"1\",\"stock\":\"253\",\"precio\":\"4000\",\"total\":\"4000\"},{\"id\":\"38\",\"descripcion\":\"fundas de colores\",\"cantidad\":\"1\",\"stock\":\"836\",\"precio\":\"500\",\"total\":\"1000\"}]', 0, 17000, 17000, 'Efectivo', '2024-03-29 23:31:51', 0.00, 0.00),
(279, 10256, 128, 3, '[{\"id\":\"57\",\"descripcion\":\"Heires dama\",\"cantidad\":\"15\",\"stock\":\"239\",\"precio\":\"600\",\"total\":\"10000\"}]', 0, 10000, 10000, 'Efectivo', '2024-03-30 21:23:20', 0.00, 0.00),
(280, 10257, 434, 3, '[{\"id\":\"21\",\"descripcion\":\"ONE MILLON\",\"cantidad\":\"15\",\"stock\":\"505\",\"precio\":\"600\",\"total\":\"9000\"},{\"id\":\"1\",\"descripcion\":\"Singler 30 ML\",\"cantidad\":\"1\",\"stock\":\"252\",\"precio\":\"4000\",\"total\":\"4000\"},{\"id\":\"38\",\"descripcion\":\"fundas de colores\",\"cantidad\":\"1\",\"stock\":\"835\",\"precio\":\"500\",\"total\":\"1000\"}]', 0, 14000, 14000, 'Crédito-0', '2024-03-30 21:24:31', 0.00, 0.00),
(281, 10258, 429, 3, '[{\"id\":\"91\",\"descripcion\":\"LAPIDUS CABALLERO\",\"cantidad\":\"15\",\"stock\":\"290\",\"precio\":\"600\",\"total\":\"9000\"},{\"id\":\"1\",\"descripcion\":\"Singler 30 ML\",\"cantidad\":\"1\",\"stock\":\"251\",\"precio\":\"4000\",\"total\":\"3000\"},{\"id\":\"38\",\"descripcion\":\"fundas de colores\",\"cantidad\":\"1\",\"stock\":\"834\",\"precio\":\"500\",\"total\":\"0\"}]', 0, 12000, 12000, 'Crédito-0', '2024-03-30 21:53:50', 0.00, 0.00),
(282, 10259, 435, 3, '[{\"id\":\"53\",\"descripcion\":\"212 vip\",\"cantidad\":\"15\",\"stock\":\"293\",\"precio\":\"600\",\"total\":\"9000\"},{\"id\":\"5\",\"descripcion\":\"atlantic 30ml\",\"cantidad\":\"1\",\"stock\":\"222\",\"precio\":\"2350\",\"total\":\"2500\"},{\"id\":\"38\",\"descripcion\":\"fundas de colores\",\"cantidad\":\"1\",\"stock\":\"833\",\"precio\":\"500\",\"total\":\"500\"}]', 0, 12000, 12000, 'Efectivo', '2024-03-31 11:09:44', 0.00, 0.00),
(283, 10260, 32, 3, '[{\"id\":\"24\",\"descripcion\":\"212-Vip-black\",\"cantidad\":\"15\",\"stock\":\"107\",\"precio\":\"600\",\"total\":\"9000\"},{\"id\":\"96\",\"descripcion\":\"BHARARA KINGS\",\"cantidad\":\"22\",\"stock\":\"578\",\"precio\":\"600\",\"total\":\"15000\"},{\"id\":\"34\",\"descripcion\":\"Feromonas\",\"cantidad\":\"1\",\"stock\":\"434\",\"precio\":\"1000\",\"total\":\"1000\"},{\"id\":\"1\",\"descripcion\":\"Singler 30 ML\",\"cantidad\":\"2\",\"stock\":\"249\",\"precio\":\"4000\",\"total\":\"8000\"},{\"id\":\"38\",\"descripcion\":\"fundas de colores\",\"cantidad\":\"2\",\"stock\":\"831\",\"precio\":\"500\",\"total\":\"7000\"}]', 0, 40000, 40000, 'Crédito-0', '2024-04-03 02:36:10', 0.00, 0.00),
(284, 10261, 436, 3, '[{\"id\":\"97\",\"descripcion\":\"FARENHEIT CABALLERO\",\"cantidad\":\"30\",\"stock\":\"167\",\"precio\":\"600\",\"total\":\"18000\"},{\"id\":\"53\",\"descripcion\":\"212 vip\",\"cantidad\":\"30\",\"stock\":\"263\",\"precio\":\"600\",\"total\":\"18000\"},{\"id\":\"16\",\"descripcion\":\"Flaw 50ml\",\"cantidad\":\"1\",\"stock\":\"97\",\"precio\":\"7000\",\"total\":\"7000\"},{\"id\":\"17\",\"descripcion\":\"Invitus 50ml\",\"cantidad\":\"1\",\"stock\":\"73\",\"precio\":\"8000\",\"total\":\"7000\"}]', 0, 50000, 50000, 'Efectivo', '2024-04-03 23:47:36', 0.00, 0.00),
(285, 10262, 429, 3, '[{\"id\":\"91\",\"descripcion\":\"LAPIDUS CABALLERO\",\"cantidad\":\"30\",\"stock\":\"260\",\"precio\":\"600\",\"total\":\"15000\"},{\"id\":\"1\",\"descripcion\":\"Singler 30 ML\",\"cantidad\":\"2\",\"stock\":\"247\",\"precio\":\"4000\",\"total\":\"8000\"},{\"id\":\"38\",\"descripcion\":\"fundas de colores\",\"cantidad\":\"2\",\"stock\":\"829\",\"precio\":\"500\",\"total\":\"1000\"}]', 0, 24000, 24000, 'Crédito-0', '2024-04-03 23:48:22', 0.00, 0.00),
(286, 10263, 437, 3, '[{\"id\":\"52\",\"descripcion\":\"Eros caballero\",\"cantidad\":\"16\",\"stock\":\"266\",\"precio\":\"600\",\"total\":\"11000\"},{\"id\":\"63\",\"descripcion\":\"Solo Yambal\",\"cantidad\":\"16\",\"stock\":\"94\",\"precio\":\"600\",\"total\":\"11000\"}]', 0, 22000, 22000, 'Efectivo', '2024-04-05 18:54:02', 0.00, 0.00),
(287, 10264, 438, 3, '[{\"id\":\"114\",\"descripcion\":\"212 VIP WINS\",\"cantidad\":\"30\",\"stock\":\"485\",\"precio\":\"600\",\"total\":\"18000\"},{\"id\":\"16\",\"descripcion\":\"Flaw 50ml\",\"cantidad\":\"1\",\"stock\":\"96\",\"precio\":\"7000\",\"total\":\"7000\"},{\"id\":\"115\",\"descripcion\":\"BOLSAS BOUQUE\",\"cantidad\":\"1\",\"stock\":\"931\",\"precio\":\"670\",\"total\":\"0\"}]', 0, 25000, 25000, 'Efectivo', '2024-04-05 18:56:13', 0.00, 0.00),
(288, 10265, 65, 3, '[{\"id\":\"45\",\"descripcion\":\"olimpea\",\"cantidad\":\"15\",\"stock\":\"64\",\"precio\":\"600\",\"total\":\"9000\"},{\"id\":\"51\",\"descripcion\":\"360 CABALLERO\",\"cantidad\":\"15\",\"stock\":\"536\",\"precio\":\"600\",\"total\":\"9000\"},{\"id\":\"1\",\"descripcion\":\"Singler 30 ML\",\"cantidad\":\"2\",\"stock\":\"245\",\"precio\":\"4000\",\"total\":\"0\"},{\"id\":\"38\",\"descripcion\":\"fundas de colores\",\"cantidad\":\"2\",\"stock\":\"827\",\"precio\":\"500\",\"total\":\"0\"}]', 0, 18000, 18000, 'Crédito-0', '2024-04-05 18:57:10', 0.00, 0.00),
(289, 10266, 128, 3, '[{\"id\":\"117\",\"descripcion\":\"OMBRE NOMADA\",\"cantidad\":\"15\",\"stock\":\"224\",\"precio\":\"600\",\"total\":\"9000\"},{\"id\":\"5\",\"descripcion\":\"atlantic 30ml\",\"cantidad\":\"1\",\"stock\":\"221\",\"precio\":\"2350\",\"total\":\"2500\"},{\"id\":\"38\",\"descripcion\":\"fundas de colores\",\"cantidad\":\"1\",\"stock\":\"826\",\"precio\":\"500\",\"total\":\"500\"}]', 0, 12000, 12000, 'Efectivo', '2024-04-07 23:10:54', 0.00, 0.00),
(290, 10267, 100, 3, '[{\"id\":\"44\",\"descripcion\":\"212 vip rose\",\"cantidad\":\"19\",\"stock\":\"281\",\"precio\":\"600\",\"total\":\"14000\"},{\"id\":\"1\",\"descripcion\":\"Singler 30 ML\",\"cantidad\":\"1\",\"stock\":\"244\",\"precio\":\"4000\",\"total\":\"4000\"},{\"id\":\"38\",\"descripcion\":\"fundas de colores\",\"cantidad\":\"1\",\"stock\":\"825\",\"precio\":\"500\",\"total\":\"1800\"}]', 0, 19800, 19800, 'Crédito-0', '2024-04-07 23:30:15', 0.00, 0.00),
(291, 10268, 102, 3, '[{\"id\":\"96\",\"descripcion\":\"BHARARA KINGS\",\"cantidad\":\"15\",\"stock\":\"563\",\"precio\":\"600\",\"total\":\"9000\"},{\"id\":\"58\",\"descripcion\":\"Amber Gold\",\"cantidad\":\"15\",\"stock\":\"142\",\"precio\":\"600\",\"total\":\"9000\"},{\"id\":\"5\",\"descripcion\":\"atlantic 30ml\",\"cantidad\":\"2\",\"stock\":\"219\",\"precio\":\"2350\",\"total\":\"2000\"},{\"id\":\"38\",\"descripcion\":\"fundas de colores\",\"cantidad\":\"2\",\"stock\":\"823\",\"precio\":\"500\",\"total\":\"0\"}]', 0, 20000, 20000, 'Efectivo', '2024-04-07 23:43:16', 0.00, 0.00),
(292, 10269, 134, 3, '[{\"id\":\"84\",\"descripcion\":\"212 VIP WILD PARTY CABALLERO\",\"cantidad\":\"30\",\"stock\":\"120\",\"precio\":\"600\",\"total\":\"18000\"},{\"id\":\"14\",\"descripcion\":\"Jean Poul 50ml\",\"cantidad\":\"1\",\"stock\":\"116\",\"precio\":\"7000\",\"total\":\"7000\"},{\"id\":\"115\",\"descripcion\":\"BOLSAS BOUQUE\",\"cantidad\":\"1\",\"stock\":\"930\",\"precio\":\"670\",\"total\":\"0\"}]', 0, 25000, 25000, 'Crédito-0', '2024-04-07 23:44:57', 0.00, 0.00),
(293, 10270, 125, 3, '[{\"id\":\"1\",\"descripcion\":\"Singler 30 ML\",\"cantidad\":\"14\",\"stock\":\"230\",\"precio\":\"4000\",\"total\":\"56000\"},{\"id\":\"86\",\"descripcion\":\"BVULGARY\",\"cantidad\":\"13\",\"stock\":\"102\",\"precio\":\"600\",\"total\":\"7800\"},{\"id\":\"60\",\"descripcion\":\"Faconable\",\"cantidad\":\"26\",\"stock\":\"474\",\"precio\":\"600\",\"total\":\"15600\"},{\"id\":\"51\",\"descripcion\":\"360 CABALLERO\",\"cantidad\":\"26\",\"stock\":\"510\",\"precio\":\"600\",\"total\":\"13000\"},{\"id\":\"82\",\"descripcion\":\"212 CABALLERO\",\"cantidad\":\"13\",\"stock\":\"77\",\"precio\":\"600\",\"total\":\"7800\"},{\"id\":\"94\",\"descripcion\":\"DORSAY CABALLERO\",\"cantidad\":\"13\",\"stock\":\"487\",\"precio\":\"600\",\"total\":\"7800\"},{\"id\":\"63\",\"descripcion\":\"Solo Yambal\",\"cantidad\":\"65\",\"stock\":\"29\",\"precio\":\"600\",\"total\":\"0\"},{\"id\":\"31\",\"descripcion\":\"Osadia\",\"cantidad\":\"13\",\"stock\":\"152\",\"precio\":\"600\",\"total\":\"0\"},{\"id\":\"38\",\"descripcion\":\"fundas de colores\",\"cantidad\":\"14\",\"stock\":\"809\",\"precio\":\"500\",\"total\":\"0\"}]', 0, 108000, 108000, 'Efectivo', '2024-04-07 23:57:49', 0.00, 0.00),
(294, 10271, 45, 3, '[{\"id\":\"60\",\"descripcion\":\"Faconable\",\"cantidad\":\"14\",\"stock\":\"460\",\"precio\":\"600\",\"total\":\"8400\"},{\"id\":\"65\",\"descripcion\":\"Carolina Herera\",\"cantidad\":\"14\",\"stock\":\"470\",\"precio\":\"600\",\"total\":\"8400\"},{\"id\":\"1\",\"descripcion\":\"Singler 30 ML\",\"cantidad\":\"3\",\"stock\":\"227\",\"precio\":\"4000\",\"total\":\"12000\"},{\"id\":\"38\",\"descripcion\":\"fundas de colores\",\"cantidad\":\"3\",\"stock\":\"806\",\"precio\":\"500\",\"total\":\"1200\"}]', 0, 30000, 30000, 'Efectivo', '2024-04-07 23:59:50', 0.00, 0.00),
(295, 10272, 81, 3, '[{\"id\":\"56\",\"descripcion\":\"INVICTUS\",\"cantidad\":\"15\",\"stock\":\"291\",\"precio\":\"600\",\"total\":\"9000\"},{\"id\":\"5\",\"descripcion\":\"atlantic 30ml\",\"cantidad\":\"1\",\"stock\":\"218\",\"precio\":\"2350\",\"total\":\"3000\"}]', 0, 12000, 12000, 'Crédito-0', '2024-04-09 14:41:13', 0.00, 0.00),
(296, 10273, 68, 3, '[{\"id\":\"65\",\"descripcion\":\"Carolina Herera\",\"cantidad\":\"32\",\"stock\":\"438\",\"precio\":\"600\",\"total\":\"20000\"},{\"id\":\"121\",\"descripcion\":\"ONE MILLION  LUCKI\",\"cantidad\":\"15\",\"stock\":\"490\",\"precio\":\"600\",\"total\":\"9000\"},{\"id\":\"31\",\"descripcion\":\"Osadia\",\"cantidad\":\"15\",\"stock\":\"137\",\"precio\":\"600\",\"total\":\"20000\"},{\"id\":\"1\",\"descripcion\":\"Singler 30 ML\",\"cantidad\":\"4\",\"stock\":\"223\",\"precio\":\"4000\",\"total\":\"10000\"},{\"id\":\"38\",\"descripcion\":\"fundas de colores\",\"cantidad\":\"4\",\"stock\":\"802\",\"precio\":\"500\",\"total\":\"7000\"}]', 0, 66000, 66000, 'Crédito-0', '2024-04-09 22:58:40', 0.00, 0.00),
(297, 10274, 119, 3, '[{\"id\":\"33\",\"descripcion\":\"Ultra Male\",\"cantidad\":\"30\",\"stock\":\"434\",\"precio\":\"600\",\"total\":\"18000\"},{\"id\":\"48\",\"descripcion\":\"Black xs lece\",\"cantidad\":\"30\",\"stock\":\"50\",\"precio\":\"600\",\"total\":\"18000\"},{\"id\":\"123\",\"descripcion\":\"GAIA\",\"cantidad\":\"30\",\"stock\":\"52\",\"precio\":\"600\",\"total\":\"18000\"},{\"id\":\"17\",\"descripcion\":\"Invitus 50ml\",\"cantidad\":\"1\",\"stock\":\"72\",\"precio\":\"8000\",\"total\":\"8000\"},{\"id\":\"16\",\"descripcion\":\"Flaw 50ml\",\"cantidad\":\"1\",\"stock\":\"95\",\"precio\":\"7000\",\"total\":\"4000\"},{\"id\":\"11\",\"descripcion\":\"Xeroff 50ml\",\"cantidad\":\"1\",\"stock\":\"98\",\"precio\":\"10000\",\"total\":\"6000\"}]', 0, 72000, 72000, 'Crédito-0', '2024-04-09 23:01:02', 0.00, 0.00),
(298, 10275, 426, 3, '[{\"id\":\"107\",\"descripcion\":\"BVULGARY AQVA\",\"cantidad\":\"15\",\"stock\":\"154\",\"precio\":\"600\",\"total\":\"10000\"},{\"id\":\"110\",\"descripcion\":\"BACCARAT ROUGE 540 UNISEX\",\"cantidad\":\"15\",\"stock\":\"118\",\"precio\":\"600\",\"total\":\"10000\"}]', 0, 20000, 20000, 'Efectivo', '2024-04-11 23:58:26', 0.00, 0.00),
(299, 10276, 99, 3, '[{\"id\":\"77\",\"descripcion\":\"LOQUITO POR TI DAMA\",\"cantidad\":\"18\",\"stock\":\"140\",\"precio\":\"600\",\"total\":\"11000\"},{\"id\":\"5\",\"descripcion\":\"atlantic 30ml\",\"cantidad\":\"1\",\"stock\":\"217\",\"precio\":\"2350\",\"total\":\"3000\"},{\"id\":\"38\",\"descripcion\":\"fundas de colores\",\"cantidad\":\"1\",\"stock\":\"801\",\"precio\":\"500\",\"total\":\"1000\"}]', 0, 15000, 15000, 'Crédito-0', '2024-04-11 23:59:57', 0.00, 0.00),
(300, 10277, 128, 3, '[{\"id\":\"21\",\"descripcion\":\"ONE MILLON\",\"cantidad\":\"18\",\"stock\":\"487\",\"precio\":\"600\",\"total\":\"12000\"},{\"id\":\"34\",\"descripcion\":\"Feromonas\",\"cantidad\":\"1\",\"stock\":\"433\",\"precio\":\"1000\",\"total\":\"700\"},{\"id\":\"5\",\"descripcion\":\"atlantic 30ml\",\"cantidad\":\"1\",\"stock\":\"216\",\"precio\":\"2350\",\"total\":\"3000\"}]', 0, 15700, 15700, 'Efectivo', '2024-04-12 00:01:04', 0.00, 0.00),
(301, 10278, 125, 3, '[{\"id\":\"58\",\"descripcion\":\"Amber Gold\",\"cantidad\":\"14\",\"stock\":\"128\",\"precio\":\"600\",\"total\":\"9000\"},{\"id\":\"1\",\"descripcion\":\"Singler 30 ML\",\"cantidad\":\"1\",\"stock\":\"222\",\"precio\":\"4000\",\"total\":\"2000\"},{\"id\":\"38\",\"descripcion\":\"fundas de colores\",\"cantidad\":\"1\",\"stock\":\"800\",\"precio\":\"500\",\"total\":\"0\"}]', 0, 11000, 11000, 'Crédito-0', '2024-04-12 00:02:31', 0.00, 0.00),
(302, 10279, 45, 3, '[{\"id\":\"97\",\"descripcion\":\"FARENHEIT CABALLERO\",\"cantidad\":\"14\",\"stock\":\"153\",\"precio\":\"600\",\"total\":\"7000\"},{\"id\":\"39\",\"descripcion\":\"jadore dama\",\"cantidad\":\"14\",\"stock\":\"127\",\"precio\":\"600\",\"total\":\"7000\"},{\"id\":\"1\",\"descripcion\":\"Singler 30 ML\",\"cantidad\":\"2\",\"stock\":\"220\",\"precio\":\"4000\",\"total\":\"6000\"},{\"id\":\"38\",\"descripcion\":\"fundas de colores\",\"cantidad\":\"2\",\"stock\":\"798\",\"precio\":\"500\",\"total\":\"0\"}]', 0, 20000, 20000, 'Crédito-0', '2024-04-12 15:09:14', 0.00, 0.00),
(303, 10280, 47, 3, '[{\"id\":\"82\",\"descripcion\":\"212 CABALLERO\",\"cantidad\":\"15\",\"stock\":\"62\",\"precio\":\"600\",\"total\":\"9000\"},{\"id\":\"38\",\"descripcion\":\"fundas de colores\",\"cantidad\":\"1\",\"stock\":\"797\",\"precio\":\"500\",\"total\":\"3000\"},{\"id\":\"1\",\"descripcion\":\"Singler 30 ML\",\"cantidad\":\"1\",\"stock\":\"219\",\"precio\":\"4000\",\"total\":\"4000\"}]', 0, 16000, 16000, 'Crédito-0', '2024-04-12 22:41:35', 0.00, 0.00),
(304, 10281, 436, 3, '[{\"id\":\"54\",\"descripcion\":\"Angel Thery Caballero\",\"cantidad\":\"15\",\"stock\":\"161\",\"precio\":\"600\",\"total\":\"11000\"}]', 0, 11000, 11000, 'Efectivo', '2024-04-12 22:42:20', 0.00, 0.00),
(305, 10282, 86, 3, '[{\"id\":\"96\",\"descripcion\":\"BHARARA KINGS\",\"cantidad\":\"14\",\"stock\":\"549\",\"precio\":\"600\",\"total\":\"7000\"},{\"id\":\"33\",\"descripcion\":\"Ultra Male\",\"cantidad\":\"14\",\"stock\":\"420\",\"precio\":\"600\",\"total\":\"7000\"},{\"id\":\"5\",\"descripcion\":\"atlantic 30ml\",\"cantidad\":\"2\",\"stock\":\"214\",\"precio\":\"2350\",\"total\":\"5000\"},{\"id\":\"38\",\"descripcion\":\"fundas de colores\",\"cantidad\":\"2\",\"stock\":\"795\",\"precio\":\"500\",\"total\":\"1000\"},{\"id\":\"34\",\"descripcion\":\"Feromonas\",\"cantidad\":\"2\",\"stock\":\"431\",\"precio\":\"1000\",\"total\":\"2000\"}]', 0, 22000, 22000, 'Crédito-0', '2024-04-15 01:58:14', 0.00, 0.00),
(306, 10283, 128, 3, '[{\"id\":\"91\",\"descripcion\":\"LAPIDUS CABALLERO\",\"cantidad\":\"15\",\"stock\":\"245\",\"precio\":\"600\",\"total\":\"11000\"},{\"id\":\"47\",\"descripcion\":\"lowey 7\",\"cantidad\":\"15\",\"stock\":\"96\",\"precio\":\"600\",\"total\":\"9000\"}]', 0, 20000, 20000, 'Efectivo', '2024-04-15 01:59:22', 0.00, 0.00),
(307, 10284, 84, 3, '[{\"id\":\"74\",\"descripcion\":\"GOOD GIRL\",\"cantidad\":\"15\",\"stock\":\"323\",\"precio\":\"600\",\"total\":\"10000\"}]', 0, 10000, 10000, 'Efectivo', '2024-04-15 02:00:06', 0.00, 0.00),
(308, 10285, 128, 3, '[{\"id\":\"111\",\"descripcion\":\"YARA DAMA\",\"cantidad\":\"20\",\"stock\":\"109\",\"precio\":\"600\",\"total\":\"14000\"},{\"id\":\"122\",\"descripcion\":\"BOMBON\",\"cantidad\":\"17\",\"stock\":\"68\",\"precio\":\"600\",\"total\":\"14000\"},{\"id\":\"1\",\"descripcion\":\"Singler 30 ML\",\"cantidad\":\"2\",\"stock\":\"217\",\"precio\":\"4000\",\"total\":\"8000\"},{\"id\":\"38\",\"descripcion\":\"fundas de colores\",\"cantidad\":\"2\",\"stock\":\"793\",\"precio\":\"500\",\"total\":\"1000\"}]', 0, 37000, 37000, 'Efectivo', '2024-04-15 02:01:51', 0.00, 0.00),
(309, 10286, 45, 3, '[{\"id\":\"54\",\"descripcion\":\"Angel Thery Caballero\",\"cantidad\":\"14\",\"stock\":\"147\",\"precio\":\"600\",\"total\":\"7000\"},{\"id\":\"65\",\"descripcion\":\"Carolina Herera\",\"cantidad\":\"14\",\"stock\":\"424\",\"precio\":\"600\",\"total\":\"7000\"},{\"id\":\"1\",\"descripcion\":\"Singler 30 ML\",\"cantidad\":\"2\",\"stock\":\"215\",\"precio\":\"4000\",\"total\":\"5000\"},{\"id\":\"38\",\"descripcion\":\"fundas de colores\",\"cantidad\":\"2\",\"stock\":\"791\",\"precio\":\"500\",\"total\":\"1000\"}]', 0, 20000, 20000, 'Crédito-0', '2024-04-16 02:29:09', 0.00, 0.00),
(310, 10287, 128, 3, '[{\"id\":\"28\",\"descripcion\":\"Diesel Plus\",\"cantidad\":\"15\",\"stock\":\"184\",\"precio\":\"600\",\"total\":\"10000\"},{\"id\":\"58\",\"descripcion\":\"Amber Gold\",\"cantidad\":\"15\",\"stock\":\"113\",\"precio\":\"600\",\"total\":\"10000\"}]', 0, 20000, 20000, 'Efectivo', '2024-04-16 02:30:09', 0.00, 0.00),
(311, 10288, 58, 3, '[{\"id\":\"37\",\"descripcion\":\"boss orange\",\"cantidad\":\"15\",\"stock\":\"114\",\"precio\":\"600\",\"total\":\"9000\"},{\"id\":\"94\",\"descripcion\":\"DORSAY CABALLERO\",\"cantidad\":\"15\",\"stock\":\"472\",\"precio\":\"600\",\"total\":\"9000\"},{\"id\":\"51\",\"descripcion\":\"360 CABALLERO\",\"cantidad\":\"15\",\"stock\":\"495\",\"precio\":\"600\",\"total\":\"9000\"},{\"id\":\"14\",\"descripcion\":\"Jean Poul 50ml\",\"cantidad\":\"1\",\"stock\":\"115\",\"precio\":\"7000\",\"total\":\"8000\"}]', 0, 35000, 35000, 'Efectivo', '2024-04-16 02:31:37', 0.00, 0.00),
(312, 10289, 45, 3, '[{\"id\":\"54\",\"descripcion\":\"Angel Thery Caballero\",\"cantidad\":\"14\",\"stock\":\"633\",\"precio\":\"600\",\"total\":\"8400\"},{\"id\":\"65\",\"descripcion\":\"Carolina Herera\",\"cantidad\":\"14\",\"stock\":\"410\",\"precio\":\"600\",\"total\":\"8400\"},{\"id\":\"52\",\"descripcion\":\"Eros caballero\",\"cantidad\":\"14\",\"stock\":\"252\",\"precio\":\"600\",\"total\":\"0\"},{\"id\":\"1\",\"descripcion\":\"Singler 30 ML\",\"cantidad\":\"3\",\"stock\":\"212\",\"precio\":\"4000\",\"total\":\"12000\"},{\"id\":\"38\",\"descripcion\":\"fundas de colores\",\"cantidad\":\"3\",\"stock\":\"788\",\"precio\":\"500\",\"total\":\"1200\"}]', 0, 30000, 30000, 'Crédito-0', '2024-04-18 12:22:10', 0.00, 0.00),
(313, 10290, 125, 3, '[{\"id\":\"94\",\"descripcion\":\"DORSAY CABALLERO\",\"cantidad\":\"13\",\"stock\":\"459\",\"precio\":\"600\",\"total\":\"7800\"},{\"id\":\"97\",\"descripcion\":\"FARENHEIT CABALLERO\",\"cantidad\":\"13\",\"stock\":\"487\",\"precio\":\"600\",\"total\":\"7800\"},{\"id\":\"95\",\"descripcion\":\"LADY MILLION\",\"cantidad\":\"13\",\"stock\":\"157\",\"precio\":\"600\",\"total\":\"7800\"},{\"id\":\"63\",\"descripcion\":\"Solo Yambal\",\"cantidad\":\"13\",\"stock\":\"16\",\"precio\":\"600\",\"total\":\"7800\"},{\"id\":\"65\",\"descripcion\":\"Carolina Herera\",\"cantidad\":\"13\",\"stock\":\"397\",\"precio\":\"600\",\"total\":\"7800\"},{\"id\":\"80\",\"descripcion\":\"SOFIA VERGARA DAMA\",\"cantidad\":\"13\",\"stock\":\"137\",\"precio\":\"600\",\"total\":\"7000\"},{\"id\":\"38\",\"descripcion\":\"fundas de colores\",\"cantidad\":\"6\",\"stock\":\"782\",\"precio\":\"500\",\"total\":\"3000\"},{\"id\":\"1\",\"descripcion\":\"Singler 30 ML\",\"cantidad\":\"6\",\"stock\":\"206\",\"precio\":\"4000\",\"total\":\"5000\"}]', 0, 54000, 54000, 'Efectivo', '2024-04-20 13:29:44', 0.00, 0.00),
(314, 10291, 128, 3, '[{\"id\":\"47\",\"descripcion\":\"lowey 7\",\"cantidad\":\"17\",\"stock\":\"79\",\"precio\":\"600\",\"total\":\"10400\"},{\"id\":\"34\",\"descripcion\":\"Feromonas\",\"cantidad\":\"2\",\"stock\":\"429\",\"precio\":\"1000\",\"total\":\"2000\"}]', 0, 12400, 12400, 'Efectivo', '2024-04-21 01:50:03', 0.00, 0.00),
(315, 10292, 80, 3, '[{\"id\":\"65\",\"descripcion\":\"Carolina Herera\",\"cantidad\":\"15\",\"stock\":\"382\",\"precio\":\"600\",\"total\":\"9000\"},{\"id\":\"25\",\"descripcion\":\"CocoNut Pasion\",\"cantidad\":\"15\",\"stock\":\"124\",\"precio\":\"600\",\"total\":\"9000\"},{\"id\":\"135\",\"descripcion\":\"CORY PASSION\",\"cantidad\":\"30\",\"stock\":\"133\",\"precio\":\"600\",\"total\":\"18000\"},{\"id\":\"97\",\"descripcion\":\"FARENHEIT CABALLERO\",\"cantidad\":\"15\",\"stock\":\"472\",\"precio\":\"600\",\"total\":\"9000\"},{\"id\":\"71\",\"descripcion\":\"273 dama\",\"cantidad\":\"15\",\"stock\":\"487\",\"precio\":\"600\",\"total\":\"9000\"},{\"id\":\"1\",\"descripcion\":\"Singler 30 ML\",\"cantidad\":\"6\",\"stock\":\"200\",\"precio\":\"4000\",\"total\":\"30000\"},{\"id\":\"38\",\"descripcion\":\"fundas de colores\",\"cantidad\":\"6\",\"stock\":\"776\",\"precio\":\"500\",\"total\":\"6000\"}]', 0, 90000, 90000, 'Crédito-0', '2024-04-21 01:53:57', 0.00, 0.00),
(316, 10293, 128, 3, '[{\"id\":\"54\",\"descripcion\":\"Angel Thery Caballero\",\"cantidad\":\"32\",\"stock\":\"601\",\"precio\":\"600\",\"total\":\"19200\"},{\"id\":\"37\",\"descripcion\":\"boss orange\",\"cantidad\":\"32\",\"stock\":\"582\",\"precio\":\"600\",\"total\":\"19200\"},{\"id\":\"29\",\"descripcion\":\"Lacoste-Red\",\"cantidad\":\"32\",\"stock\":\"138\",\"precio\":\"600\",\"total\":\"19200\"},{\"id\":\"58\",\"descripcion\":\"Amber Gold\",\"cantidad\":\"32\",\"stock\":\"581\",\"precio\":\"600\",\"total\":\"19200\"},{\"id\":\"14\",\"descripcion\":\"Jean Poul 50ml\",\"cantidad\":\"1\",\"stock\":\"114\",\"precio\":\"7000\",\"total\":\"7000\"},{\"id\":\"16\",\"descripcion\":\"Flaw 50ml\",\"cantidad\":\"1\",\"stock\":\"94\",\"precio\":\"7000\",\"total\":\"7000\"},{\"id\":\"19\",\"descripcion\":\"Alcala 60ml\",\"cantidad\":\"1\",\"stock\":\"2\",\"precio\":\"6000\",\"total\":\"6000\"},{\"id\":\"10\",\"descripcion\":\"Iris 50ml\",\"cantidad\":\"1\",\"stock\":\"1\",\"precio\":\"7000\",\"total\":\"0\"},{\"id\":\"34\",\"descripcion\":\"Feromonas\",\"cantidad\":\"4\",\"stock\":\"425\",\"precio\":\"1000\",\"total\":\"3200\"}]', 0, 100000, 100000, 'Efectivo', '2024-04-21 02:03:17', 0.00, 0.00),
(317, 10294, 45, 3, '[{\"id\":\"66\",\"descripcion\":\"360 dama tradicional\",\"cantidad\":\"14\",\"stock\":\"559\",\"precio\":\"600\",\"total\":\"6000\"},{\"id\":\"38\",\"descripcion\":\"fundas de colores\",\"cantidad\":\"1\",\"stock\":\"775\",\"precio\":\"500\",\"total\":\"0\"},{\"id\":\"1\",\"descripcion\":\"Singler 30 ML\",\"cantidad\":\"1\",\"stock\":\"199\",\"precio\":\"4000\",\"total\":\"4000\"}]', 0, 10000, 10000, 'Crédito-0', '2024-04-21 02:04:19', 0.00, 0.00),
(318, 10295, 70, 3, '[{\"id\":\"137\",\"descripcion\":\"CAROLINA HERRERA CABALLERO\",\"cantidad\":\"15\",\"stock\":\"235\",\"precio\":\"600\",\"total\":\"9000\"},{\"id\":\"52\",\"descripcion\":\"Eros caballero\",\"cantidad\":\"15\",\"stock\":\"237\",\"precio\":\"600\",\"total\":\"9000\"},{\"id\":\"38\",\"descripcion\":\"fundas de colores\",\"cantidad\":\"2\",\"stock\":\"773\",\"precio\":\"500\",\"total\":\"2000\"},{\"id\":\"1\",\"descripcion\":\"Singler 30 ML\",\"cantidad\":\"1\",\"stock\":\"198\",\"precio\":\"4000\",\"total\":\"10000\"}]', 0, 30000, 30000, 'Crédito-0', '2024-04-21 02:06:37', 0.00, 0.00);
INSERT INTO `ventas` (`id`, `codigo`, `id_cliente`, `id_vendedor`, `productos`, `impuesto`, `neto`, `total`, `metodo_pago`, `fecha`, `saldo_pendiente`, `monto_abonado`) VALUES
(319, 10296, 128, 3, '[{\"id\":\"27\",\"descripcion\":\"LA VIDA ES BELLA\",\"cantidad\":\"15\",\"stock\":\"172\",\"precio\":\"600\",\"total\":\"9000\"},{\"id\":\"38\",\"descripcion\":\"fundas de colores\",\"cantidad\":\"1\",\"stock\":\"772\",\"precio\":\"500\",\"total\":\"0\"},{\"id\":\"1\",\"descripcion\":\"Singler 30 ML\",\"cantidad\":\"1\",\"stock\":\"197\",\"precio\":\"4000\",\"total\":\"4000\"}]', 0, 13000, 13000, 'Efectivo', '2024-04-21 02:07:24', 0.00, 0.00),
(320, 10297, 128, 3, '[{\"id\":\"117\",\"descripcion\":\"OMBRE NOMADA\",\"cantidad\":\"15\",\"stock\":\"209\",\"precio\":\"600\",\"total\":\"10000\"}]', 0, 10000, 10000, 'Efectivo', '2024-04-22 13:46:17', 0.00, 0.00),
(321, 10298, 40, 3, '[{\"id\":\"31\",\"descripcion\":\"Osadia\",\"cantidad\":\"15\",\"stock\":\"122\",\"precio\":\"600\",\"total\":\"9000\"},{\"id\":\"42\",\"descripcion\":\"TOY BOY\",\"cantidad\":\"15\",\"stock\":\"379\",\"precio\":\"600\",\"total\":\"9000\"},{\"id\":\"38\",\"descripcion\":\"fundas de colores\",\"cantidad\":\"1\",\"stock\":\"771\",\"precio\":\"500\",\"total\":\"0\"},{\"id\":\"1\",\"descripcion\":\"Singler 30 ML\",\"cantidad\":\"1\",\"stock\":\"196\",\"precio\":\"4000\",\"total\":\"3000\"}]', 0, 21000, 21000, 'Efectivo', '2024-04-23 12:17:50', 0.00, 0.00),
(322, 10299, 86, 3, '[{\"id\":\"144\",\"descripcion\":\"AMATHYS LATTAFA\",\"cantidad\":\"14\",\"stock\":\"186\",\"precio\":\"600\",\"total\":\"8400\"},{\"id\":\"145\",\"descripcion\":\"OUD FOR GLORY LATTAFA\",\"cantidad\":\"14\",\"stock\":\"186\",\"precio\":\"600\",\"total\":\"6400\"},{\"id\":\"38\",\"descripcion\":\"fundas de colores\",\"cantidad\":\"2\",\"stock\":\"769\",\"precio\":\"500\",\"total\":\"500\"},{\"id\":\"5\",\"descripcion\":\"atlantic 30ml\",\"cantidad\":\"2\",\"stock\":\"212\",\"precio\":\"2350\",\"total\":\"4700\"}]', 0, 20000, 20000, 'Efectivo', '2024-04-23 12:29:58', 0.00, 0.00),
(323, 10300, 87, 3, '[{\"id\":\"56\",\"descripcion\":\"INVICTUS\",\"cantidad\":\"16\",\"stock\":\"275\",\"precio\":\"600\",\"total\":\"9600\"},{\"id\":\"1\",\"descripcion\":\"Singler 30 ML\",\"cantidad\":\"1\",\"stock\":\"195\",\"precio\":\"4000\",\"total\":\"4000\"},{\"id\":\"34\",\"descripcion\":\"Feromonas\",\"cantidad\":\"1\",\"stock\":\"424\",\"precio\":\"1000\",\"total\":\"1000\"},{\"id\":\"38\",\"descripcion\":\"fundas de colores\",\"cantidad\":\"1\",\"stock\":\"768\",\"precio\":\"500\",\"total\":\"400\"}]', 0, 15000, 15000, 'Crédito-0', '2024-04-23 12:30:52', 0.00, 0.00),
(324, 10301, 131, 3, '[{\"id\":\"105\",\"descripcion\":\"BAD BOY\",\"cantidad\":\"32\",\"stock\":\"118\",\"precio\":\"600\",\"total\":\"19000\"},{\"id\":\"19\",\"descripcion\":\"Alcala 60ml\",\"cantidad\":\"1\",\"stock\":\"1\",\"precio\":\"6000\",\"total\":\"3000\"},{\"id\":\"64\",\"descripcion\":\"issey Miyake\",\"cantidad\":\"15\",\"stock\":\"143\",\"precio\":\"600\",\"total\":\"9000\"},{\"id\":\"5\",\"descripcion\":\"atlantic 30ml\",\"cantidad\":\"1\",\"stock\":\"211\",\"precio\":\"2350\",\"total\":\"1000\"},{\"id\":\"38\",\"descripcion\":\"fundas de colores\",\"cantidad\":\"1\",\"stock\":\"767\",\"precio\":\"500\",\"total\":\"0\"}]', 0, 32000, 32000, 'Efectivo', '2024-04-24 08:54:47', 0.00, 0.00),
(325, 10302, 128, 3, '[{\"id\":\"47\",\"descripcion\":\"lowey 7\",\"cantidad\":\"10\",\"stock\":\"69\",\"precio\":\"600\",\"total\":\"6000\"}]', 0, 6000, 6000, 'Efectivo', '2024-04-24 08:56:21', 0.00, 0.00),
(326, 10303, 128, 3, '[{\"id\":\"40\",\"descripcion\":\"can can dama\",\"cantidad\":\"15\",\"stock\":\"154\",\"precio\":\"600\",\"total\":\"9000\"},{\"id\":\"1\",\"descripcion\":\"Singler 30 ML\",\"cantidad\":\"1\",\"stock\":\"194\",\"precio\":\"4000\",\"total\":\"4000\"},{\"id\":\"38\",\"descripcion\":\"fundas de colores\",\"cantidad\":\"1\",\"stock\":\"766\",\"precio\":\"500\",\"total\":\"0\"}]', 0, 13000, 13000, 'Efectivo', '2024-04-26 01:43:48', 0.00, 0.00),
(327, 10304, 45, 3, '[{\"id\":\"1\",\"descripcion\":\"Singler 30 ML\",\"cantidad\":\"4\",\"stock\":\"190\",\"precio\":\"4000\",\"total\":\"16000\"},{\"id\":\"25\",\"descripcion\":\"CocoNut Pasion\",\"cantidad\":\"14\",\"stock\":\"110\",\"precio\":\"600\",\"total\":\"8000\"},{\"id\":\"54\",\"descripcion\":\"Angel Thery Caballero\",\"cantidad\":\"14\",\"stock\":\"587\",\"precio\":\"600\",\"total\":\"8000\"},{\"id\":\"66\",\"descripcion\":\"360 dama tradicional\",\"cantidad\":\"14\",\"stock\":\"545\",\"precio\":\"600\",\"total\":\"6000\"},{\"id\":\"38\",\"descripcion\":\"fundas de colores\",\"cantidad\":\"4\",\"stock\":\"762\",\"precio\":\"500\",\"total\":\"2000\"}]', 0, 40000, 40000, 'Crédito-0', '2024-04-26 01:45:40', 0.00, 0.00),
(328, 10305, 439, 3, '[{\"id\":\"77\",\"descripcion\":\"LOQUITO POR TI DAMA\",\"cantidad\":\"14\",\"stock\":\"126\",\"precio\":\"600\",\"total\":\"3000\"},{\"id\":\"111\",\"descripcion\":\"YARA DAMA\",\"cantidad\":\"14\",\"stock\":\"286\",\"precio\":\"600\",\"total\":\"8400\"},{\"id\":\"85\",\"descripcion\":\"BLACK XS\",\"cantidad\":\"14\",\"stock\":\"75\",\"precio\":\"600\",\"total\":\"8400\"},{\"id\":\"26\",\"descripcion\":\"BLACK XS AFRODISIACA\",\"cantidad\":\"14\",\"stock\":\"558\",\"precio\":\"600\",\"total\":\"8400\"},{\"id\":\"56\",\"descripcion\":\"INVICTUS\",\"cantidad\":\"14\",\"stock\":\"261\",\"precio\":\"600\",\"total\":\"8400\"},{\"id\":\"5\",\"descripcion\":\"atlantic 30ml\",\"cantidad\":\"5\",\"stock\":\"206\",\"precio\":\"2350\",\"total\":\"11400\"},{\"id\":\"115\",\"descripcion\":\"BOLSAS BOUQUE\",\"cantidad\":\"2\",\"stock\":\"928\",\"precio\":\"670\",\"total\":\"2000\"}]', 0, 50000, 50000, 'Efectivo', '2024-04-27 03:27:36', 0.00, 0.00),
(329, 10306, 128, 3, '[{\"id\":\"110\",\"descripcion\":\"BACCARAT ROUGE 540 UNISEX\",\"cantidad\":\"15\",\"stock\":\"103\",\"precio\":\"600\",\"total\":\"9000\"},{\"id\":\"53\",\"descripcion\":\"212 vip\",\"cantidad\":\"15\",\"stock\":\"248\",\"precio\":\"600\",\"total\":\"9000\"},{\"id\":\"5\",\"descripcion\":\"atlantic 30ml\",\"cantidad\":\"1\",\"stock\":\"205\",\"precio\":\"2350\",\"total\":\"2350\"},{\"id\":\"1\",\"descripcion\":\"Singler 30 ML\",\"cantidad\":\"1\",\"stock\":\"189\",\"precio\":\"4000\",\"total\":\"4000\"},{\"id\":\"115\",\"descripcion\":\"BOLSAS BOUQUE\",\"cantidad\":\"1\",\"stock\":\"927\",\"precio\":\"670\",\"total\":\"650\"}]', 0, 25000, 25000, 'Efectivo', '2024-04-27 03:29:07', 0.00, 0.00),
(330, 10307, 108, 3, '[{\"id\":\"144\",\"descripcion\":\"AMATHYS LATTAFA\",\"cantidad\":\"14\",\"stock\":\"172\",\"precio\":\"600\",\"total\":\"8500\"},{\"id\":\"5\",\"descripcion\":\"atlantic 30ml\",\"cantidad\":\"1\",\"stock\":\"204\",\"precio\":\"2350\",\"total\":\"1000\"},{\"id\":\"38\",\"descripcion\":\"fundas de colores\",\"cantidad\":\"1\",\"stock\":\"761\",\"precio\":\"500\",\"total\":\"500\"}]', 0, 10000, 10000, 'Crédito-0', '2024-04-27 03:30:25', 0.00, 0.00),
(331, 10308, 128, 3, '[{\"id\":\"56\",\"descripcion\":\"INVICTUS\",\"cantidad\":\"10\",\"stock\":\"251\",\"precio\":\"600\",\"total\":\"5000\"},{\"id\":\"138\",\"descripcion\":\"GOTERO 10ML\",\"cantidad\":\"1\",\"stock\":\"99\",\"precio\":\"700\",\"total\":\"0\"}]', 0, 5000, 5000, 'Efectivo', '2024-04-27 03:31:06', 0.00, 0.00),
(332, 10309, 440, 3, '[{\"id\":\"111\",\"descripcion\":\"YARA DAMA\",\"cantidad\":\"15\",\"stock\":\"271\",\"precio\":\"600\",\"total\":\"9000\"},{\"id\":\"9\",\"descripcion\":\"manzana 30ml\",\"cantidad\":\"1\",\"stock\":\"75\",\"precio\":\"5000\",\"total\":\"5000\"},{\"id\":\"42\",\"descripcion\":\"TOY BOY\",\"cantidad\":\"15\",\"stock\":\"364\",\"precio\":\"600\",\"total\":\"9000\"},{\"id\":\"1\",\"descripcion\":\"Singler 30 ML\",\"cantidad\":\"1\",\"stock\":\"188\",\"precio\":\"4000\",\"total\":\"5000\"}]', 0, 28000, 28000, 'Efectivo', '2024-04-27 03:32:01', 0.00, 0.00),
(333, 10310, 131, 3, '[{\"id\":\"105\",\"descripcion\":\"BAD BOY\",\"cantidad\":\"31\",\"stock\":\"87\",\"precio\":\"600\",\"total\":\"16600\"},{\"id\":\"20\",\"descripcion\":\"Singler 60ml\",\"cantidad\":\"1\",\"stock\":\"2\",\"precio\":\"6000\",\"total\":\"6000\"}]', 0, 22600, 22600, 'Efectivo', '2024-04-30 04:11:22', 0.00, 0.00),
(334, 10311, 128, 3, '[{\"id\":\"60\",\"descripcion\":\"Faconable\",\"cantidad\":\"15\",\"stock\":\"445\",\"precio\":\"600\",\"total\":\"9000\"},{\"id\":\"1\",\"descripcion\":\"Singler 30 ML\",\"cantidad\":\"1\",\"stock\":\"187\",\"precio\":\"4000\",\"total\":\"4000\"},{\"id\":\"38\",\"descripcion\":\"fundas de colores\",\"cantidad\":\"1\",\"stock\":\"760\",\"precio\":\"500\",\"total\":\"0\"}]', 0, 13000, 13000, 'Efectivo', '2024-04-30 04:12:09', 0.00, 0.00),
(335, 10312, 45, 3, '[{\"id\":\"60\",\"descripcion\":\"Faconable\",\"cantidad\":\"28\",\"stock\":\"417\",\"precio\":\"600\",\"total\":\"15000\"},{\"id\":\"63\",\"descripcion\":\"Solo Yambal\",\"cantidad\":\"14\",\"stock\":\"2\",\"precio\":\"600\",\"total\":\"7000\"},{\"id\":\"1\",\"descripcion\":\"Singler 30 ML\",\"cantidad\":\"3\",\"stock\":\"184\",\"precio\":\"4000\",\"total\":\"8000\"},{\"id\":\"38\",\"descripcion\":\"fundas de colores\",\"cantidad\":\"3\",\"stock\":\"757\",\"precio\":\"500\",\"total\":\"0\"}]', 0, 30000, 30000, 'Crédito-0', '2024-04-30 04:14:01', 0.00, 0.00),
(336, 10313, 128, 3, '[{\"id\":\"144\",\"descripcion\":\"AMATHYS LATTAFA\",\"cantidad\":\"10\",\"stock\":\"162\",\"precio\":\"600\",\"total\":\"5000\"},{\"id\":\"56\",\"descripcion\":\"INVICTUS\",\"cantidad\":\"10\",\"stock\":\"241\",\"precio\":\"600\",\"total\":\"5000\"},{\"id\":\"51\",\"descripcion\":\"360 CABALLERO\",\"cantidad\":\"10\",\"stock\":\"485\",\"precio\":\"600\",\"total\":\"5000\"}]', 0, 15000, 15000, 'Efectivo', '2024-04-30 04:15:21', 0.00, 0.00),
(337, 10314, 45, 3, '[{\"id\":\"60\",\"descripcion\":\"Faconable\",\"cantidad\":\"14\",\"stock\":\"403\",\"precio\":\"600\",\"total\":\"8000\"},{\"id\":\"1\",\"descripcion\":\"Singler 30 ML\",\"cantidad\":\"1\",\"stock\":\"183\",\"precio\":\"4000\",\"total\":\"2000\"},{\"id\":\"38\",\"descripcion\":\"fundas de colores\",\"cantidad\":\"1\",\"stock\":\"756\",\"precio\":\"500\",\"total\":\"0\"}]', 0, 10000, 10000, 'Crédito-0', '2024-04-30 04:17:37', 0.00, 0.00),
(338, 10315, 40, 3, '[{\"id\":\"101\",\"descripcion\":\"FUEL FOR LIFE\",\"cantidad\":\"15\",\"stock\":\"185\",\"precio\":\"600\",\"total\":\"9000\"},{\"id\":\"53\",\"descripcion\":\"212 vip\",\"cantidad\":\"15\",\"stock\":\"233\",\"precio\":\"600\",\"total\":\"9000\"},{\"id\":\"54\",\"descripcion\":\"Angel Thery Caballero\",\"cantidad\":\"30\",\"stock\":\"557\",\"precio\":\"600\",\"total\":\"17000\"},{\"id\":\"23\",\"descripcion\":\"PARIS HILTON\",\"cantidad\":\"14\",\"stock\":\"511\",\"precio\":\"600\",\"total\":\"5000\"},{\"id\":\"37\",\"descripcion\":\"boss orange\",\"cantidad\":\"15\",\"stock\":\"567\",\"precio\":\"600\",\"total\":\"9000\"},{\"id\":\"1\",\"descripcion\":\"Singler 30 ML\",\"cantidad\":\"1\",\"stock\":\"182\",\"precio\":\"4000\",\"total\":\"4000\"},{\"id\":\"38\",\"descripcion\":\"fundas de colores\",\"cantidad\":\"1\",\"stock\":\"755\",\"precio\":\"500\",\"total\":\"500\"}]', 0, 53500, 53500, 'Efectivo', '2024-04-30 04:19:55', 0.00, 0.00),
(339, 10316, 441, 3, '[{\"id\":\"145\",\"descripcion\":\"OUD FOR GLORY LATTAFA\",\"cantidad\":\"17\",\"stock\":\"169\",\"precio\":\"600\",\"total\":\"12000\"},{\"id\":\"144\",\"descripcion\":\"AMATHYS LATTAFA\",\"cantidad\":\"17\",\"stock\":\"145\",\"precio\":\"600\",\"total\":\"12000\"}]', 0, 24000, 24000, 'Efectivo', '2024-04-30 04:21:43', 0.00, 0.00),
(340, 10317, 429, 3, '[{\"id\":\"39\",\"descripcion\":\"jadore dama\",\"cantidad\":\"15\",\"stock\":\"112\",\"precio\":\"600\",\"total\":\"9000\"},{\"id\":\"81\",\"descripcion\":\"CIELO YAMBAL DAMA\",\"cantidad\":\"15\",\"stock\":\"79\",\"precio\":\"600\",\"total\":\"9000\"},{\"id\":\"7\",\"descripcion\":\"tacon 30ml\",\"cantidad\":\"2\",\"stock\":\"97\",\"precio\":\"8600\",\"total\":\"17000\"},{\"id\":\"56\",\"descripcion\":\"INVICTUS\",\"cantidad\":\"15\",\"stock\":\"226\",\"precio\":\"600\",\"total\":\"9000\"},{\"id\":\"1\",\"descripcion\":\"Singler 30 ML\",\"cantidad\":\"1\",\"stock\":\"181\",\"precio\":\"4000\",\"total\":\"0\"}]', 0, 44000, 44000, 'Crédito-0', '2024-05-04 00:04:23', 0.00, 0.00),
(341, 10318, 128, 3, '[{\"id\":\"51\",\"descripcion\":\"360 CABALLERO\",\"cantidad\":\"15\",\"stock\":\"470\",\"precio\":\"600\",\"total\":\"10000\"},{\"id\":\"75\",\"descripcion\":\"CHANEL DAMA\",\"cantidad\":\"15\",\"stock\":\"155\",\"precio\":\"600\",\"total\":\"10000\"}]', 0, 20000, 20000, 'Efectivo', '2024-05-04 00:05:12', 0.00, 0.00),
(342, 10319, 128, 3, '[{\"id\":\"11\",\"descripcion\":\"Xeroff 50ml\",\"cantidad\":\"1\",\"stock\":\"97\",\"precio\":\"10000\",\"total\":\"10000\"},{\"id\":\"27\",\"descripcion\":\"LA VIDA ES BELLA\",\"cantidad\":\"30\",\"stock\":\"142\",\"precio\":\"600\",\"total\":\"15000\"}]', 0, 25000, 25000, 'Efectivo', '2024-05-04 00:06:15', 0.00, 0.00),
(343, 10320, 442, 3, '[{\"id\":\"56\",\"descripcion\":\"INVICTUS\",\"cantidad\":\"45\",\"stock\":\"181\",\"precio\":\"600\",\"total\":\"27000\"},{\"id\":\"17\",\"descripcion\":\"Invitus 50ml\",\"cantidad\":\"1\",\"stock\":\"71\",\"precio\":\"8000\",\"total\":\"8000\"}]', 0, 35000, 35000, 'Crédito-0', '2024-05-04 00:09:27', 0.00, 0.00),
(344, 10321, 45, 3, '[{\"id\":\"122\",\"descripcion\":\"BOMBON\",\"cantidad\":\"14\",\"stock\":\"54\",\"precio\":\"600\",\"total\":\"8400\"},{\"id\":\"60\",\"descripcion\":\"Faconable\",\"cantidad\":\"14\",\"stock\":\"389\",\"precio\":\"600\",\"total\":\"8400\"},{\"id\":\"66\",\"descripcion\":\"360 dama tradicional\",\"cantidad\":\"14\",\"stock\":\"531\",\"precio\":\"600\",\"total\":\"8400\"},{\"id\":\"1\",\"descripcion\":\"Singler 30 ML\",\"cantidad\":\"3\",\"stock\":\"178\",\"precio\":\"4000\",\"total\":\"4800\"}]', 0, 30000, 30000, 'Crédito-0', '2024-05-04 00:12:06', 0.00, 0.00),
(345, 10322, 128, 3, '[{\"id\":\"74\",\"descripcion\":\"GOOD GIRL\",\"cantidad\":\"15\",\"stock\":\"308\",\"precio\":\"600\",\"total\":\"9000\"},{\"id\":\"1\",\"descripcion\":\"Singler 30 ML\",\"cantidad\":\"1\",\"stock\":\"177\",\"precio\":\"4000\",\"total\":\"4000\"},{\"id\":\"38\",\"descripcion\":\"fundas de colores\",\"cantidad\":\"1\",\"stock\":\"754\",\"precio\":\"500\",\"total\":\"0\"}]', 0, 13000, 13000, 'Efectivo', '2024-05-04 00:13:38', 0.00, 0.00),
(346, 10323, 443, 3, '[{\"id\":\"123\",\"descripcion\":\"GAIA\",\"cantidad\":\"15\",\"stock\":\"285\",\"precio\":\"600\",\"total\":\"9000\"},{\"id\":\"1\",\"descripcion\":\"Singler 30 ML\",\"cantidad\":\"1\",\"stock\":\"176\",\"precio\":\"4000\",\"total\":\"4000\"},{\"id\":\"38\",\"descripcion\":\"fundas de colores\",\"cantidad\":\"1\",\"stock\":\"753\",\"precio\":\"500\",\"total\":\"0\"}]', 0, 13000, 13000, 'Crédito-0', '2024-05-04 00:14:21', 0.00, 0.00),
(347, 10324, 444, 3, '[{\"id\":\"25\",\"descripcion\":\"CocoNut Pasion\",\"cantidad\":\"15\",\"stock\":\"95\",\"precio\":\"600\",\"total\":\"9000\"},{\"id\":\"1\",\"descripcion\":\"Singler 30 ML\",\"cantidad\":\"2\",\"stock\":\"174\",\"precio\":\"4000\",\"total\":\"8000\"},{\"id\":\"38\",\"descripcion\":\"fundas de colores\",\"cantidad\":\"2\",\"stock\":\"751\",\"precio\":\"500\",\"total\":\"0\"},{\"id\":\"57\",\"descripcion\":\"Heires dama\",\"cantidad\":\"15\",\"stock\":\"209\",\"precio\":\"600\",\"total\":\"9000\"}]', 0, 26000, 26000, 'Crédito-0', '2024-05-04 00:16:21', 0.00, 0.00),
(348, 10325, 426, 3, '[{\"id\":\"56\",\"descripcion\":\"INVICTUS\",\"cantidad\":\"15\",\"stock\":\"166\",\"precio\":\"600\",\"total\":\"9000\"},{\"id\":\"110\",\"descripcion\":\"BACCARAT ROUGE 540 UNISEX\",\"cantidad\":\"30\",\"stock\":\"73\",\"precio\":\"600\",\"total\":\"18000\"},{\"id\":\"74\",\"descripcion\":\"GOOD GIRL\",\"cantidad\":\"15\",\"stock\":\"293\",\"precio\":\"600\",\"total\":\"9000\"},{\"id\":\"5\",\"descripcion\":\"atlantic 30ml\",\"cantidad\":\"2\",\"stock\":\"202\",\"precio\":\"2350\",\"total\":\"5000\"},{\"id\":\"38\",\"descripcion\":\"fundas de colores\",\"cantidad\":\"2\",\"stock\":\"749\",\"precio\":\"500\",\"total\":\"4000\"},{\"id\":\"111\",\"descripcion\":\"YARA DAMA\",\"cantidad\":\"15\",\"stock\":\"256\",\"precio\":\"600\",\"total\":\"9000\"}]', 0, 54000, 54000, 'Crédito-0', '2024-05-04 00:20:23', 0.00, 0.00),
(349, 10326, 445, 3, '[{\"id\":\"144\",\"descripcion\":\"AMATHYS LATTAFA\",\"cantidad\":\"15\",\"stock\":\"130\",\"precio\":\"600\",\"total\":\"9000\"},{\"id\":\"5\",\"descripcion\":\"atlantic 30ml\",\"cantidad\":\"1\",\"stock\":\"201\",\"precio\":\"2350\",\"total\":\"2500\"},{\"id\":\"38\",\"descripcion\":\"fundas de colores\",\"cantidad\":\"1\",\"stock\":\"748\",\"precio\":\"500\",\"total\":\"500\"}]', 0, 12000, 12000, 'Efectivo', '2024-05-05 03:03:00', 0.00, 0.00),
(350, 10327, 446, 3, '[{\"id\":\"56\",\"descripcion\":\"INVICTUS\",\"cantidad\":\"15\",\"stock\":\"151\",\"precio\":\"600\",\"total\":\"10000\"}]', 0, 10000, 10000, 'Efectivo', '2024-05-05 03:03:38', 0.00, 0.00),
(351, 10328, 128, 3, '[{\"id\":\"54\",\"descripcion\":\"Angel Thery Caballero\",\"cantidad\":\"15\",\"stock\":\"542\",\"precio\":\"600\",\"total\":\"10000\"}]', 0, 10000, 10000, 'Efectivo', '2024-05-05 03:04:13', 0.00, 0.00),
(352, 10329, 65, 3, '[{\"id\":\"2\",\"descripcion\":\"Rollon 3 ml\",\"cantidad\":\"18\",\"stock\":\"42\",\"precio\":\"700\",\"total\":\"36000\"},{\"id\":\"56\",\"descripcion\":\"INVICTUS\",\"cantidad\":\"30\",\"stock\":\"121\",\"precio\":\"600\",\"total\":\"18000\"},{\"id\":\"17\",\"descripcion\":\"Invitus 50ml\",\"cantidad\":\"1\",\"stock\":\"70\",\"precio\":\"8000\",\"total\":\"8000\"},{\"id\":\"144\",\"descripcion\":\"AMATHYS LATTAFA\",\"cantidad\":\"31\",\"stock\":\"99\",\"precio\":\"600\",\"total\":\"15000\"},{\"id\":\"111\",\"descripcion\":\"YARA DAMA\",\"cantidad\":\"15\",\"stock\":\"241\",\"precio\":\"600\",\"total\":\"9000\"},{\"id\":\"14\",\"descripcion\":\"Jean Poul 50ml\",\"cantidad\":\"1\",\"stock\":\"113\",\"precio\":\"7000\",\"total\":\"1000\"},{\"id\":\"7\",\"descripcion\":\"tacon 30ml\",\"cantidad\":\"1\",\"stock\":\"96\",\"precio\":\"8600\",\"total\":\"5000\"},{\"id\":\"50\",\"descripcion\":\"Taj Sunset\",\"cantidad\":\"30\",\"stock\":\"181\",\"precio\":\"600\",\"total\":\"18000\"},{\"id\":\"67\",\"descripcion\":\"CORAZON 60 ML\",\"cantidad\":\"2\",\"stock\":\"140\",\"precio\":\"6000\",\"total\":\"12000\"},{\"id\":\"57\",\"descripcion\":\"Heires dama\",\"cantidad\":\"30\",\"stock\":\"194\",\"precio\":\"600\",\"total\":\"18000\"},{\"id\":\"32\",\"descripcion\":\"Tommy\",\"cantidad\":\"15\",\"stock\":\"169\",\"precio\":\"600\",\"total\":\"9000\"},{\"id\":\"1\",\"descripcion\":\"Singler 30 ML\",\"cantidad\":\"1\",\"stock\":\"173\",\"precio\":\"4000\",\"total\":\"4000\"},{\"id\":\"38\",\"descripcion\":\"fundas de colores\",\"cantidad\":\"1\",\"stock\":\"747\",\"precio\":\"500\",\"total\":\"0\"},{\"id\":\"115\",\"descripcion\":\"BOLSAS BOUQUE\",\"cantidad\":\"6\",\"stock\":\"921\",\"precio\":\"670\",\"total\":\"4000\"},{\"id\":\"11\",\"descripcion\":\"Xeroff 50ml\",\"cantidad\":\"1\",\"stock\":\"96\",\"precio\":\"10000\",\"total\":\"10000\"}]', 0, 167000, 167000, 'Crédito-0', '2024-05-05 03:11:32', 0.00, 0.00),
(353, 10330, 81, 3, '[{\"id\":\"5\",\"descripcion\":\"atlantic 30ml\",\"cantidad\":\"1\",\"stock\":\"200\",\"precio\":\"2350\",\"total\":\"2000\"},{\"id\":\"102\",\"descripcion\":\"BVULGARY MAN IN BLACK\",\"cantidad\":\"15\",\"stock\":\"185\",\"precio\":\"600\",\"total\":\"9000\"},{\"id\":\"97\",\"descripcion\":\"FARENHEIT CABALLERO\",\"cantidad\":\"15\",\"stock\":\"457\",\"precio\":\"600\",\"total\":\"9000\"}]', 0, 20000, 20000, 'Efectivo', '2024-05-05 03:13:32', 0.00, 0.00),
(354, 10331, 128, 3, '[{\"id\":\"77\",\"descripcion\":\"LOQUITO POR TI DAMA\",\"cantidad\":\"15\",\"stock\":\"111\",\"precio\":\"600\",\"total\":\"10000\"}]', 0, 10000, 10000, 'Efectivo', '2024-05-05 03:14:10', 0.00, 0.00),
(355, 10332, 40, 3, '[{\"id\":\"45\",\"descripcion\":\"olimpea\",\"cantidad\":\"30\",\"stock\":\"534\",\"precio\":\"600\",\"total\":\"17000\"},{\"id\":\"25\",\"descripcion\":\"CocoNut Pasion\",\"cantidad\":\"15\",\"stock\":\"80\",\"precio\":\"600\",\"total\":\"8500\"}]', 0, 25500, 25500, 'Efectivo', '2024-05-07 02:41:01', 0.00, 0.00),
(356, 10333, 128, 3, '[{\"id\":\"26\",\"descripcion\":\"BLACK XS AFRODISIACA\",\"cantidad\":\"15\",\"stock\":\"543\",\"precio\":\"600\",\"total\":\"10000\"},{\"id\":\"100\",\"descripcion\":\"CRISITIANO CR7\",\"cantidad\":\"15\",\"stock\":\"185\",\"precio\":\"600\",\"total\":\"10000\"}]', 0, 20000, 20000, 'Efectivo', '2024-05-07 02:42:22', 0.00, 0.00),
(357, 10334, 65, 3, '[{\"id\":\"66\",\"descripcion\":\"360 dama tradicional\",\"cantidad\":\"30\",\"stock\":\"501\",\"precio\":\"600\",\"total\":\"14000\"},{\"id\":\"60\",\"descripcion\":\"Faconable\",\"cantidad\":\"30\",\"stock\":\"359\",\"precio\":\"600\",\"total\":\"14000\"},{\"id\":\"67\",\"descripcion\":\"CORAZON 60 ML\",\"cantidad\":\"1\",\"stock\":\"139\",\"precio\":\"6000\",\"total\":\"6000\"},{\"id\":\"14\",\"descripcion\":\"Jean Poul 50ml\",\"cantidad\":\"1\",\"stock\":\"112\",\"precio\":\"7000\",\"total\":\"8000\"},{\"id\":\"115\",\"descripcion\":\"BOLSAS BOUQUE\",\"cantidad\":\"1\",\"stock\":\"920\",\"precio\":\"670\",\"total\":\"0\"}]', 0, 42000, 42000, 'Efectivo', '2024-05-07 02:44:40', 0.00, 0.00),
(358, 10335, 448, 3, '[{\"id\":\"123\",\"descripcion\":\"GAIA\",\"cantidad\":\"15\",\"stock\":\"270\",\"precio\":\"600\",\"total\":\"9000\"},{\"id\":\"74\",\"descripcion\":\"GOOD GIRL\",\"cantidad\":\"15\",\"stock\":\"278\",\"precio\":\"600\",\"total\":\"9000\"},{\"id\":\"1\",\"descripcion\":\"Singler 30 ML\",\"cantidad\":\"2\",\"stock\":\"171\",\"precio\":\"4000\",\"total\":\"8000\"},{\"id\":\"38\",\"descripcion\":\"fundas de colores\",\"cantidad\":\"2\",\"stock\":\"745\",\"precio\":\"500\",\"total\":\"0\"}]', 0, 26000, 26000, 'Crédito-0', '2024-05-07 02:47:23', 0.00, 0.00),
(359, 10336, 69, 3, '[{\"id\":\"54\",\"descripcion\":\"Angel Thery Caballero\",\"cantidad\":\"15\",\"stock\":\"527\",\"precio\":\"600\",\"total\":\"10000\"},{\"id\":\"22\",\"descripcion\":\"The-One-Dama\",\"cantidad\":\"15\",\"stock\":\"154\",\"precio\":\"600\",\"total\":\"10000\"}]', 0, 20000, 20000, 'Efectivo', '2024-05-09 13:32:16', 0.00, 0.00),
(360, 10337, 128, 3, '[{\"id\":\"27\",\"descripcion\":\"LA VIDA ES BELLA\",\"cantidad\":\"15\",\"stock\":\"127\",\"precio\":\"600\",\"total\":\"9000\"},{\"id\":\"9\",\"descripcion\":\"manzana 30ml\",\"cantidad\":\"1\",\"stock\":\"74\",\"precio\":\"5000\",\"total\":\"5000\"}]', 0, 14000, 14000, 'Efectivo', '2024-05-10 01:45:15', 0.00, 0.00),
(361, 10338, 128, 3, '[{\"id\":\"64\",\"descripcion\":\"issey Miyake\",\"cantidad\":\"14\",\"stock\":\"129\",\"precio\":\"600\",\"total\":\"9000\"},{\"id\":\"34\",\"descripcion\":\"Feromonas\",\"cantidad\":\"1\",\"stock\":\"423\",\"precio\":\"1000\",\"total\":\"1000\"},{\"id\":\"92\",\"descripcion\":\"M7 CABALLERO\",\"cantidad\":\"15\",\"stock\":\"174\",\"precio\":\"600\",\"total\":\"9000\"},{\"id\":\"1\",\"descripcion\":\"Singler 30 ML\",\"cantidad\":\"1\",\"stock\":\"170\",\"precio\":\"4000\",\"total\":\"4000\"},{\"id\":\"38\",\"descripcion\":\"fundas de colores\",\"cantidad\":\"1\",\"stock\":\"744\",\"precio\":\"500\",\"total\":\"0\"},{\"id\":\"74\",\"descripcion\":\"GOOD GIRL\",\"cantidad\":\"15\",\"stock\":\"263\",\"precio\":\"600\",\"total\":\"10000\"},{\"id\":\"69\",\"descripcion\":\"Hugo Boss\",\"cantidad\":\"15\",\"stock\":\"467\",\"precio\":\"600\",\"total\":\"10000\"},{\"id\":\"54\",\"descripcion\":\"Angel Thery Caballero\",\"cantidad\":\"15\",\"stock\":\"512\",\"precio\":\"600\",\"total\":\"10000\"},{\"id\":\"65\",\"descripcion\":\"Carolina Herera\",\"cantidad\":\"30\",\"stock\":\"352\",\"precio\":\"600\",\"total\":\"20000\"}]', 0, 73000, 73000, 'Efectivo', '2024-05-11 12:44:33', 0.00, 0.00),
(362, 10339, 125, 3, '[{\"id\":\"51\",\"descripcion\":\"360 CABALLERO\",\"cantidad\":\"14\",\"stock\":\"456\",\"precio\":\"600\",\"total\":\"8400\"},{\"id\":\"95\",\"descripcion\":\"LADY MILLION\",\"cantidad\":\"14\",\"stock\":\"143\",\"precio\":\"600\",\"total\":\"8400\"},{\"id\":\"111\",\"descripcion\":\"YARA DAMA\",\"cantidad\":\"14\",\"stock\":\"227\",\"precio\":\"600\",\"total\":\"8400\"},{\"id\":\"137\",\"descripcion\":\"CAROLINA HERRERA CABALLERO\",\"cantidad\":\"14\",\"stock\":\"221\",\"precio\":\"600\",\"total\":\"8400\"},{\"id\":\"59\",\"descripcion\":\"Amor Amor\",\"cantidad\":\"14\",\"stock\":\"156\",\"precio\":\"600\",\"total\":\"8400\"},{\"id\":\"54\",\"descripcion\":\"Angel Thery Caballero\",\"cantidad\":\"14\",\"stock\":\"498\",\"precio\":\"600\",\"total\":\"8400\"},{\"id\":\"38\",\"descripcion\":\"fundas de colores\",\"cantidad\":\"6\",\"stock\":\"738\",\"precio\":\"500\",\"total\":\"3000\"},{\"id\":\"1\",\"descripcion\":\"Singler 30 ML\",\"cantidad\":\"6\",\"stock\":\"164\",\"precio\":\"4000\",\"total\":\"6600\"}]', 0, 60000, 60000, 'Efectivo', '2024-05-11 12:49:13', 0.00, 0.00),
(363, 10340, 128, 3, '[{\"id\":\"54\",\"descripcion\":\"Angel Thery Caballero\",\"cantidad\":\"15\",\"stock\":\"483\",\"precio\":\"600\",\"total\":\"10000\"},{\"id\":\"77\",\"descripcion\":\"LOQUITO POR TI DAMA\",\"cantidad\":\"30\",\"stock\":\"81\",\"precio\":\"600\",\"total\":\"18000\"},{\"id\":\"5\",\"descripcion\":\"atlantic 30ml\",\"cantidad\":\"2\",\"stock\":\"198\",\"precio\":\"2350\",\"total\":\"5000\"},{\"id\":\"38\",\"descripcion\":\"fundas de colores\",\"cantidad\":\"2\",\"stock\":\"736\",\"precio\":\"500\",\"total\":\"1000\"}]', 0, 34000, 34000, 'Efectivo', '2024-05-11 13:14:23', 0.00, 0.00),
(364, 10341, 432, 3, '[{\"id\":\"56\",\"descripcion\":\"INVICTUS\",\"cantidad\":\"17\",\"stock\":\"104\",\"precio\":\"600\",\"total\":\"10200\"},{\"id\":\"1\",\"descripcion\":\"Singler 30 ML\",\"cantidad\":\"1\",\"stock\":\"163\",\"precio\":\"4000\",\"total\":\"4000\"},{\"id\":\"38\",\"descripcion\":\"fundas de colores\",\"cantidad\":\"1\",\"stock\":\"735\",\"precio\":\"500\",\"total\":\"0\"}]', 0, 14200, 14200, 'Crédito-0', '2024-05-11 13:17:39', 0.00, 0.00),
(365, 10342, 25, 3, '[{\"id\":\"66\",\"descripcion\":\"360 dama tradicional\",\"cantidad\":\"40\",\"stock\":\"461\",\"precio\":\"600\",\"total\":\"24000\"},{\"id\":\"74\",\"descripcion\":\"GOOD GIRL\",\"cantidad\":\"25\",\"stock\":\"238\",\"precio\":\"600\",\"total\":\"15000\"},{\"id\":\"11\",\"descripcion\":\"Xeroff 50ml\",\"cantidad\":\"1\",\"stock\":\"95\",\"precio\":\"10000\",\"total\":\"10000\"},{\"id\":\"7\",\"descripcion\":\"tacon 30ml\",\"cantidad\":\"1\",\"stock\":\"95\",\"precio\":\"8600\",\"total\":\"8600\"},{\"id\":\"34\",\"descripcion\":\"Feromonas\",\"cantidad\":\"2\",\"stock\":\"421\",\"precio\":\"1000\",\"total\":\"2000\"},{\"id\":\"115\",\"descripcion\":\"BOLSAS BOUQUE\",\"cantidad\":\"1\",\"stock\":\"919\",\"precio\":\"670\",\"total\":\"400\"}]', 0, 60000, 60000, 'Crédito-0', '2024-05-11 13:21:17', 0.00, 0.00),
(366, 10343, 115, 3, '[{\"id\":\"58\",\"descripcion\":\"Amber Gold\",\"cantidad\":\"15\",\"stock\":\"566\",\"precio\":\"600\",\"total\":\"10000\"},{\"id\":\"126\",\"descripcion\":\"OHM\",\"cantidad\":\"15\",\"stock\":\"168\",\"precio\":\"600\",\"total\":\"10000\"},{\"id\":\"105\",\"descripcion\":\"BAD BOY\",\"cantidad\":\"15\",\"stock\":\"72\",\"precio\":\"600\",\"total\":\"10000\"}]', 0, 30000, 30000, 'Crédito-0', '2024-05-12 02:44:18', 0.00, 0.00),
(367, 10344, 449, 3, '[{\"id\":\"119\",\"descripcion\":\"ADRENALINA\",\"cantidad\":\"30\",\"stock\":\"310\",\"precio\":\"600\",\"total\":\"18000\"},{\"id\":\"14\",\"descripcion\":\"Jean Poul 50ml\",\"cantidad\":\"1\",\"stock\":\"111\",\"precio\":\"7000\",\"total\":\"7000\"},{\"id\":\"54\",\"descripcion\":\"Angel Thery Caballero\",\"cantidad\":\"15\",\"stock\":\"468\",\"precio\":\"600\",\"total\":\"9000\"},{\"id\":\"111\",\"descripcion\":\"YARA DAMA\",\"cantidad\":\"15\",\"stock\":\"212\",\"precio\":\"600\",\"total\":\"9000\"},{\"id\":\"45\",\"descripcion\":\"olimpea\",\"cantidad\":\"15\",\"stock\":\"519\",\"precio\":\"600\",\"total\":\"9000\"},{\"id\":\"57\",\"descripcion\":\"Heires dama\",\"cantidad\":\"15\",\"stock\":\"179\",\"precio\":\"600\",\"total\":\"9000\"},{\"id\":\"39\",\"descripcion\":\"jadore dama\",\"cantidad\":\"15\",\"stock\":\"97\",\"precio\":\"600\",\"total\":\"9000\"},{\"id\":\"74\",\"descripcion\":\"GOOD GIRL\",\"cantidad\":\"15\",\"stock\":\"223\",\"precio\":\"600\",\"total\":\"9000\"},{\"id\":\"7\",\"descripcion\":\"tacon 30ml\",\"cantidad\":\"6\",\"stock\":\"89\",\"precio\":\"8600\",\"total\":\"51000\"},{\"id\":\"115\",\"descripcion\":\"BOLSAS BOUQUE\",\"cantidad\":\"7\",\"stock\":\"912\",\"precio\":\"670\",\"total\":\"0\"}]', 0, 130000, 130000, 'Efectivo', '2024-05-12 02:52:51', 0.00, 0.00),
(368, 10345, 43, 3, '[{\"id\":\"23\",\"descripcion\":\"PARIS HILTON\",\"cantidad\":\"15\",\"stock\":\"496\",\"precio\":\"600\",\"total\":\"9000\"},{\"id\":\"73\",\"descripcion\":\"360 purple dama\",\"cantidad\":\"15\",\"stock\":\"135\",\"precio\":\"1000\",\"total\":\"15000\"},{\"id\":\"123\",\"descripcion\":\"GAIA\",\"cantidad\":\"15\",\"stock\":\"255\",\"precio\":\"600\",\"total\":\"9000\"},{\"id\":\"39\",\"descripcion\":\"jadore dama\",\"cantidad\":\"15\",\"stock\":\"82\",\"precio\":\"600\",\"total\":\"9000\"},{\"id\":\"111\",\"descripcion\":\"YARA DAMA\",\"cantidad\":\"15\",\"stock\":\"197\",\"precio\":\"600\",\"total\":\"9000\"},{\"id\":\"40\",\"descripcion\":\"can can dama\",\"cantidad\":\"15\",\"stock\":\"139\",\"precio\":\"600\",\"total\":\"9000\"},{\"id\":\"25\",\"descripcion\":\"CocoNut Pasion\",\"cantidad\":\"15\",\"stock\":\"65\",\"precio\":\"600\",\"total\":\"9000\"},{\"id\":\"74\",\"descripcion\":\"GOOD GIRL\",\"cantidad\":\"15\",\"stock\":\"208\",\"precio\":\"600\",\"total\":\"9000\"},{\"id\":\"65\",\"descripcion\":\"Carolina Herera\",\"cantidad\":\"15\",\"stock\":\"337\",\"precio\":\"600\",\"total\":\"9000\"},{\"id\":\"57\",\"descripcion\":\"Heires dama\",\"cantidad\":\"15\",\"stock\":\"164\",\"precio\":\"600\",\"total\":\"9000\"},{\"id\":\"92\",\"descripcion\":\"M7 CABALLERO\",\"cantidad\":\"14\",\"stock\":\"160\",\"precio\":\"600\",\"total\":\"8400\"},{\"id\":\"94\",\"descripcion\":\"DORSAY CABALLERO\",\"cantidad\":\"14\",\"stock\":\"445\",\"precio\":\"600\",\"total\":\"8400\"},{\"id\":\"101\",\"descripcion\":\"FUEL FOR LIFE\",\"cantidad\":\"14\",\"stock\":\"171\",\"precio\":\"600\",\"total\":\"8400\"},{\"id\":\"117\",\"descripcion\":\"OMBRE NOMADA\",\"cantidad\":\"14\",\"stock\":\"195\",\"precio\":\"600\",\"total\":\"8400\"},{\"id\":\"110\",\"descripcion\":\"BACCARAT ROUGE 540 UNISEX\",\"cantidad\":\"14\",\"stock\":\"59\",\"precio\":\"600\",\"total\":\"8400\"},{\"id\":\"21\",\"descripcion\":\"ONE MILLON\",\"cantidad\":\"15\",\"stock\":\"472\",\"precio\":\"600\",\"total\":\"9000\"},{\"id\":\"53\",\"descripcion\":\"212 vip\",\"cantidad\":\"15\",\"stock\":\"218\",\"precio\":\"600\",\"total\":\"9000\"},{\"id\":\"85\",\"descripcion\":\"BLACK XS\",\"cantidad\":\"15\",\"stock\":\"60\",\"precio\":\"600\",\"total\":\"9000\"},{\"id\":\"96\",\"descripcion\":\"BHARARA KINGS\",\"cantidad\":\"15\",\"stock\":\"534\",\"precio\":\"600\",\"total\":\"9000\"},{\"id\":\"58\",\"descripcion\":\"Amber Gold\",\"cantidad\":\"15\",\"stock\":\"551\",\"precio\":\"600\",\"total\":\"9000\"},{\"id\":\"1\",\"descripcion\":\"Singler 30 ML\",\"cantidad\":\"20\",\"stock\":\"143\",\"precio\":\"4000\",\"total\":\"0\"},{\"id\":\"38\",\"descripcion\":\"fundas de colores\",\"cantidad\":\"20\",\"stock\":\"715\",\"precio\":\"500\",\"total\":\"10000\"},{\"id\":\"36\",\"descripcion\":\"Bolso Perfumero\",\"cantidad\":\"1\",\"stock\":\"5\",\"precio\":\"27000\",\"total\":\"27000\"}]', 0, 220000, 220000, 'Crédito-0', '2024-05-12 03:03:15', 0.00, 0.00),
(369, 10346, 87, 3, '[{\"id\":\"97\",\"descripcion\":\"FARENHEIT CABALLERO\",\"cantidad\":\"17\",\"stock\":\"440\",\"precio\":\"600\",\"total\":\"10200\"},{\"id\":\"1\",\"descripcion\":\"Singler 30 ML\",\"cantidad\":\"1\",\"stock\":\"142\",\"precio\":\"4000\",\"total\":\"4000\"},{\"id\":\"38\",\"descripcion\":\"fundas de colores\",\"cantidad\":\"1\",\"stock\":\"714\",\"precio\":\"500\",\"total\":\"800\"}]', 0, 15000, 15000, 'Efectivo', '2024-05-12 03:06:40', 0.00, 0.00),
(370, 10347, 65, 3, '[{\"id\":\"60\",\"descripcion\":\"Faconable\",\"cantidad\":\"30\",\"stock\":\"329\",\"precio\":\"600\",\"total\":\"18000\"},{\"id\":\"14\",\"descripcion\":\"Jean Poul 50ml\",\"cantidad\":\"1\",\"stock\":\"110\",\"precio\":\"7000\",\"total\":\"4000\"},{\"id\":\"115\",\"descripcion\":\"BOLSAS BOUQUE\",\"cantidad\":\"1\",\"stock\":\"911\",\"precio\":\"670\",\"total\":\"0\"}]', 0, 22000, 22000, 'Crédito-0', '2024-05-12 03:08:14', 0.00, 0.00),
(371, 10348, 94, 3, '[{\"id\":\"63\",\"descripcion\":\"Solo Yambal\",\"cantidad\":\"2\",\"stock\":\"0\",\"precio\":\"600\",\"total\":\"10000\"},{\"id\":\"1\",\"descripcion\":\"Singler 30 ML\",\"cantidad\":\"1\",\"stock\":\"141\",\"precio\":\"4000\",\"total\":\"4000\"},{\"id\":\"38\",\"descripcion\":\"fundas de colores\",\"cantidad\":\"1\",\"stock\":\"713\",\"precio\":\"500\",\"total\":\"2000\"}]', 0, 16000, 16000, 'Crédito-0', '2024-05-12 03:13:07', 0.00, 0.00),
(372, 10349, 32, 3, '[{\"id\":\"138\",\"descripcion\":\"GOTERO 10ML\",\"cantidad\":\"1\",\"stock\":\"98\",\"precio\":\"700\",\"total\":\"700\"},{\"id\":\"34\",\"descripcion\":\"Feromonas\",\"cantidad\":\"10\",\"stock\":\"411\",\"precio\":\"1000\",\"total\":\"4300\"},{\"id\":\"96\",\"descripcion\":\"BHARARA KINGS\",\"cantidad\":\"22\",\"stock\":\"512\",\"precio\":\"600\",\"total\":\"23300\"},{\"id\":\"144\",\"descripcion\":\"AMATHYS LATTAFA\",\"cantidad\":\"16\",\"stock\":\"83\",\"precio\":\"600\",\"total\":\"9600\"},{\"id\":\"42\",\"descripcion\":\"TOY BOY\",\"cantidad\":\"16\",\"stock\":\"348\",\"precio\":\"600\",\"total\":\"9600\"},{\"id\":\"1\",\"descripcion\":\"Singler 30 ML\",\"cantidad\":\"3\",\"stock\":\"138\",\"precio\":\"4000\",\"total\":\"12000\"},{\"id\":\"38\",\"descripcion\":\"fundas de colores\",\"cantidad\":\"3\",\"stock\":\"710\",\"precio\":\"500\",\"total\":\"1500\"}]', 0, 61000, 61000, 'Crédito-0', '2024-05-12 03:16:28', 0.00, 0.00),
(373, 10350, 451, 3, '[{\"id\":\"31\",\"descripcion\":\"Osadia\",\"cantidad\":\"30\",\"stock\":\"92\",\"precio\":\"600\",\"total\":\"18000\"},{\"id\":\"67\",\"descripcion\":\"CORAZON 60 ML\",\"cantidad\":\"1\",\"stock\":\"138\",\"precio\":\"6000\",\"total\":\"6000\"},{\"id\":\"115\",\"descripcion\":\"BOLSAS BOUQUE\",\"cantidad\":\"1\",\"stock\":\"910\",\"precio\":\"670\",\"total\":\"500\"},{\"id\":\"123\",\"descripcion\":\"GAIA\",\"cantidad\":\"15\",\"stock\":\"240\",\"precio\":\"600\",\"total\":\"9000\"},{\"id\":\"1\",\"descripcion\":\"Singler 30 ML\",\"cantidad\":\"1\",\"stock\":\"137\",\"precio\":\"4000\",\"total\":\"4000\"},{\"id\":\"38\",\"descripcion\":\"fundas de colores\",\"cantidad\":\"1\",\"stock\":\"709\",\"precio\":\"500\",\"total\":\"500\"}]', 0, 38000, 38000, 'Efectivo', '2024-05-12 03:19:56', 0.00, 0.00),
(374, 10351, 128, 3, '[{\"id\":\"57\",\"descripcion\":\"Heires dama\",\"cantidad\":\"15\",\"stock\":\"149\",\"precio\":\"600\",\"total\":\"9000\"},{\"id\":\"75\",\"descripcion\":\"CHANEL DAMA\",\"cantidad\":\"37\",\"stock\":\"118\",\"precio\":\"600\",\"total\":\"23000\"},{\"id\":\"7\",\"descripcion\":\"tacon 30ml\",\"cantidad\":\"1\",\"stock\":\"88\",\"precio\":\"8600\",\"total\":\"10000\"},{\"id\":\"34\",\"descripcion\":\"Feromonas\",\"cantidad\":\"1\",\"stock\":\"410\",\"precio\":\"1000\",\"total\":\"1000\"},{\"id\":\"115\",\"descripcion\":\"BOLSAS BOUQUE\",\"cantidad\":\"1\",\"stock\":\"909\",\"precio\":\"670\",\"total\":\"1000\"}]', 0, 44000, 44000, 'Efectivo', '2024-05-12 03:26:25', 0.00, 0.00),
(375, 10352, 452, 3, '[{\"id\":\"75\",\"descripcion\":\"CHANEL DAMA\",\"cantidad\":\"63\",\"stock\":\"55\",\"precio\":\"600\",\"total\":\"37800\"},{\"id\":\"11\",\"descripcion\":\"Xeroff 50ml\",\"cantidad\":\"2\",\"stock\":\"93\",\"precio\":\"10000\",\"total\":\"10000\"},{\"id\":\"115\",\"descripcion\":\"BOLSAS BOUQUE\",\"cantidad\":\"2\",\"stock\":\"907\",\"precio\":\"670\",\"total\":\"1000\"},{\"id\":\"74\",\"descripcion\":\"GOOD GIRL\",\"cantidad\":\"15\",\"stock\":\"193\",\"precio\":\"600\",\"total\":\"9000\"},{\"id\":\"1\",\"descripcion\":\"Singler 30 ML\",\"cantidad\":\"1\",\"stock\":\"136\",\"precio\":\"4000\",\"total\":\"4000\"},{\"id\":\"38\",\"descripcion\":\"fundas de colores\",\"cantidad\":\"1\",\"stock\":\"708\",\"precio\":\"500\",\"total\":\"500\"},{\"id\":\"26\",\"descripcion\":\"BLACK XS AFRODISIACA\",\"cantidad\":\"3\",\"stock\":\"540\",\"precio\":\"600\",\"total\":\"1800\"},{\"id\":\"66\",\"descripcion\":\"360 dama tradicional\",\"cantidad\":\"3\",\"stock\":\"458\",\"precio\":\"600\",\"total\":\"900\"}]', 0, 65000, 65000, 'Efectivo', '2024-05-12 03:35:00', 0.00, 0.00),
(376, 10353, 128, 3, '[{\"id\":\"66\",\"descripcion\":\"360 dama tradicional\",\"cantidad\":\"15\",\"stock\":\"443\",\"precio\":\"600\",\"total\":\"9000\"},{\"id\":\"145\",\"descripcion\":\"OUD FOR GLORY LATTAFA\",\"cantidad\":\"15\",\"stock\":\"154\",\"precio\":\"600\",\"total\":\"9000\"},{\"id\":\"5\",\"descripcion\":\"atlantic 30ml\",\"cantidad\":\"1\",\"stock\":\"197\",\"precio\":\"2350\",\"total\":\"2000\"},{\"id\":\"1\",\"descripcion\":\"Singler 30 ML\",\"cantidad\":\"1\",\"stock\":\"135\",\"precio\":\"4000\",\"total\":\"4000\"},{\"id\":\"38\",\"descripcion\":\"fundas de colores\",\"cantidad\":\"2\",\"stock\":\"706\",\"precio\":\"500\",\"total\":\"1000\"}]', 0, 25000, 25000, 'Efectivo', '2024-05-12 03:36:51', 0.00, 0.00),
(377, 10354, 453, 3, '[{\"id\":\"145\",\"descripcion\":\"OUD FOR GLORY LATTAFA\",\"cantidad\":\"15\",\"stock\":\"139\",\"precio\":\"600\",\"total\":\"9000\"},{\"id\":\"144\",\"descripcion\":\"AMATHYS LATTAFA\",\"cantidad\":\"15\",\"stock\":\"68\",\"precio\":\"600\",\"total\":\"9000\"},{\"id\":\"5\",\"descripcion\":\"atlantic 30ml\",\"cantidad\":\"2\",\"stock\":\"195\",\"precio\":\"2350\",\"total\":\"6000\"}]', 0, 24000, 24000, 'Efectivo', '2024-05-13 13:48:09', 0.00, 0.00),
(378, 10355, 453, 3, '[{\"id\":\"77\",\"descripcion\":\"LOQUITO POR TI DAMA\",\"cantidad\":\"3\",\"stock\":\"78\",\"precio\":\"600\",\"total\":\"0\"}]', 0, 0, 0, 'Efectivo', '2024-05-13 13:50:03', 0.00, 0.00),
(379, 10356, 454, 3, '[{\"id\":\"58\",\"descripcion\":\"Amber Gold\",\"cantidad\":\"15\",\"stock\":\"536\",\"precio\":\"600\",\"total\":\"9000\"},{\"id\":\"5\",\"descripcion\":\"atlantic 30ml\",\"cantidad\":\"1\",\"stock\":\"194\",\"precio\":\"2350\",\"total\":\"2500\"},{\"id\":\"38\",\"descripcion\":\"fundas de colores\",\"cantidad\":\"1\",\"stock\":\"705\",\"precio\":\"500\",\"total\":\"500\"}]', 0, 12000, 12000, 'Efectivo', '2024-05-13 13:55:07', 0.00, 0.00),
(380, 10357, 128, 3, '[{\"id\":\"92\",\"descripcion\":\"M7 CABALLERO\",\"cantidad\":\"30\",\"stock\":\"130\",\"precio\":\"600\",\"total\":\"20000\"}]', 0, 20000, 20000, 'Efectivo', '2024-05-13 13:56:47', 0.00, 0.00),
(381, 10358, 128, 3, '[{\"id\":\"26\",\"descripcion\":\"BLACK XS AFRODISIACA\",\"cantidad\":\"15\",\"stock\":\"525\",\"precio\":\"600\",\"total\":\"9000\"},{\"id\":\"89\",\"descripcion\":\"INSURATION CABALLERO\",\"cantidad\":\"15\",\"stock\":\"585\",\"precio\":\"600\",\"total\":\"9000\"},{\"id\":\"74\",\"descripcion\":\"GOOD GIRL\",\"cantidad\":\"15\",\"stock\":\"178\",\"precio\":\"600\",\"total\":\"9000\"},{\"id\":\"1\",\"descripcion\":\"Singler 30 ML\",\"cantidad\":\"1\",\"stock\":\"134\",\"precio\":\"4000\",\"total\":\"4000\"},{\"id\":\"5\",\"descripcion\":\"atlantic 30ml\",\"cantidad\":\"1\",\"stock\":\"193\",\"precio\":\"2350\",\"total\":\"4000\"}]', 0, 35000, 35000, 'Efectivo', '2024-05-13 14:05:04', 0.00, 0.00),
(382, 10359, 128, 3, '[{\"id\":\"74\",\"descripcion\":\"GOOD GIRL\",\"cantidad\":\"17\",\"stock\":\"161\",\"precio\":\"600\",\"total\":\"11000\"},{\"id\":\"7\",\"descripcion\":\"tacon 30ml\",\"cantidad\":\"1\",\"stock\":\"87\",\"precio\":\"8600\",\"total\":\"5000\"},{\"id\":\"115\",\"descripcion\":\"BOLSAS BOUQUE\",\"cantidad\":\"1\",\"stock\":\"906\",\"precio\":\"670\",\"total\":\"0\"}]', 0, 16000, 16000, 'Efectivo', '2024-05-13 14:07:12', 0.00, 0.00),
(383, 10360, 457, 3, '[{\"id\":\"123\",\"descripcion\":\"GAIA\",\"cantidad\":\"33\",\"stock\":\"207\",\"precio\":\"600\",\"total\":\"19000\"},{\"id\":\"62\",\"descripcion\":\"Angel Dama\",\"cantidad\":\"30\",\"stock\":\"178\",\"precio\":\"600\",\"total\":\"18000\"},{\"id\":\"39\",\"descripcion\":\"jadore dama\",\"cantidad\":\"15\",\"stock\":\"67\",\"precio\":\"600\",\"total\":\"9000\"},{\"id\":\"75\",\"descripcion\":\"CHANEL DAMA\",\"cantidad\":\"15\",\"stock\":\"40\",\"precio\":\"600\",\"total\":\"9000\"},{\"id\":\"74\",\"descripcion\":\"GOOD GIRL\",\"cantidad\":\"15\",\"stock\":\"146\",\"precio\":\"600\",\"total\":\"9000\"},{\"id\":\"77\",\"descripcion\":\"LOQUITO POR TI DAMA\",\"cantidad\":\"15\",\"stock\":\"63\",\"precio\":\"600\",\"total\":\"9000\"},{\"id\":\"5\",\"descripcion\":\"atlantic 30ml\",\"cantidad\":\"4\",\"stock\":\"189\",\"precio\":\"2350\",\"total\":\"9000\"},{\"id\":\"7\",\"descripcion\":\"tacon 30ml\",\"cantidad\":\"2\",\"stock\":\"85\",\"precio\":\"8600\",\"total\":\"17000\"},{\"id\":\"11\",\"descripcion\":\"Xeroff 50ml\",\"cantidad\":\"1\",\"stock\":\"92\",\"precio\":\"10000\",\"total\":\"10000\"},{\"id\":\"38\",\"descripcion\":\"fundas de colores\",\"cantidad\":\"4\",\"stock\":\"701\",\"precio\":\"500\",\"total\":\"0\"},{\"id\":\"115\",\"descripcion\":\"BOLSAS BOUQUE\",\"cantidad\":\"3\",\"stock\":\"903\",\"precio\":\"670\",\"total\":\"0\"}]', 0, 109000, 109000, 'Efectivo', '2024-05-13 20:34:56', 0.00, 0.00),
(384, 10361, 128, 3, '[{\"id\":\"99\",\"descripcion\":\"ANIMAL CABALLERO\",\"cantidad\":\"29\",\"stock\":\"171\",\"precio\":\"600\",\"total\":\"17000\"},{\"id\":\"34\",\"descripcion\":\"Feromonas\",\"cantidad\":\"1\",\"stock\":\"409\",\"precio\":\"1000\",\"total\":\"1000\"},{\"id\":\"5\",\"descripcion\":\"atlantic 30ml\",\"cantidad\":\"1\",\"stock\":\"188\",\"precio\":\"2350\",\"total\":\"2000\"},{\"id\":\"38\",\"descripcion\":\"fundas de colores\",\"cantidad\":\"1\",\"stock\":\"700\",\"precio\":\"500\",\"total\":\"0\"}]', 0, 20000, 20000, 'Efectivo', '2024-05-13 20:38:52', 0.00, 0.00),
(385, 10362, 455, 3, '[{\"id\":\"23\",\"descripcion\":\"PARIS HILTON\",\"cantidad\":\"15\",\"stock\":\"481\",\"precio\":\"600\",\"total\":\"9000\"},{\"id\":\"7\",\"descripcion\":\"tacon 30ml\",\"cantidad\":\"1\",\"stock\":\"84\",\"precio\":\"8600\",\"total\":\"10000\"},{\"id\":\"26\",\"descripcion\":\"BLACK XS AFRODISIACA\",\"cantidad\":\"15\",\"stock\":\"510\",\"precio\":\"600\",\"total\":\"10000\"}]', 0, 29000, 29000, 'Efectivo', '2024-05-13 20:44:28', 0.00, 0.00),
(386, 10363, 456, 3, '[{\"id\":\"96\",\"descripcion\":\"BHARARA KINGS\",\"cantidad\":\"15\",\"stock\":\"497\",\"precio\":\"600\",\"total\":\"9000\"},{\"id\":\"144\",\"descripcion\":\"AMATHYS LATTAFA\",\"cantidad\":\"15\",\"stock\":\"53\",\"precio\":\"600\",\"total\":\"9000\"},{\"id\":\"111\",\"descripcion\":\"YARA DAMA\",\"cantidad\":\"30\",\"stock\":\"167\",\"precio\":\"600\",\"total\":\"5060\"},{\"id\":\"74\",\"descripcion\":\"GOOD GIRL\",\"cantidad\":\"15\",\"stock\":\"131\",\"precio\":\"600\",\"total\":\"9000\"},{\"id\":\"7\",\"descripcion\":\"tacon 30ml\",\"cantidad\":\"1\",\"stock\":\"83\",\"precio\":\"8600\",\"total\":\"8600\"},{\"id\":\"67\",\"descripcion\":\"CORAZON 60 ML\",\"cantidad\":\"1\",\"stock\":\"137\",\"precio\":\"6000\",\"total\":\"6000\"},{\"id\":\"1\",\"descripcion\":\"Singler 30 ML\",\"cantidad\":\"2\",\"stock\":\"132\",\"precio\":\"4000\",\"total\":\"8000\"},{\"id\":\"38\",\"descripcion\":\"fundas de colores\",\"cantidad\":\"2\",\"stock\":\"698\",\"precio\":\"500\",\"total\":\"1000\"},{\"id\":\"115\",\"descripcion\":\"BOLSAS BOUQUE\",\"cantidad\":\"2\",\"stock\":\"901\",\"precio\":\"670\",\"total\":\"1340\"}]', 0, 57000, 57000, 'Efectivo', '2024-05-13 20:48:03', 0.00, 0.00),
(387, 10364, 128, 3, '[{\"id\":\"144\",\"descripcion\":\"AMATHYS LATTAFA\",\"cantidad\":\"15\",\"stock\":\"38\",\"precio\":\"600\",\"total\":\"9000\"},{\"id\":\"33\",\"descripcion\":\"Ultra Male\",\"cantidad\":\"30\",\"stock\":\"390\",\"precio\":\"600\",\"total\":\"18000\"},{\"id\":\"58\",\"descripcion\":\"Amber Gold\",\"cantidad\":\"30\",\"stock\":\"506\",\"precio\":\"600\",\"total\":\"18000\"},{\"id\":\"5\",\"descripcion\":\"atlantic 30ml\",\"cantidad\":\"1\",\"stock\":\"187\",\"precio\":\"2350\",\"total\":\"5000\"},{\"id\":\"19\",\"descripcion\":\"Alcala 60ml\",\"cantidad\":\"1\",\"stock\":\"0\",\"precio\":\"6000\",\"total\":\"6000\"},{\"id\":\"15\",\"descripcion\":\"Boss 50ml\",\"cantidad\":\"1\",\"stock\":\"2\",\"precio\":\"6000\",\"total\":\"6000\"}]', 0, 62000, 62000, 'Efectivo', '2024-05-13 20:52:10', 0.00, 0.00),
(388, 10365, 24, 3, '[{\"id\":\"37\",\"descripcion\":\"boss orange\",\"cantidad\":\"35\",\"stock\":\"532\",\"precio\":\"600\",\"total\":\"21000\"},{\"id\":\"23\",\"descripcion\":\"PARIS HILTON\",\"cantidad\":\"15\",\"stock\":\"466\",\"precio\":\"600\",\"total\":\"9000\"},{\"id\":\"74\",\"descripcion\":\"GOOD GIRL\",\"cantidad\":\"15\",\"stock\":\"116\",\"precio\":\"600\",\"total\":\"9000\"},{\"id\":\"27\",\"descripcion\":\"LA VIDA ES BELLA\",\"cantidad\":\"34\",\"stock\":\"93\",\"precio\":\"600\",\"total\":\"27500\"},{\"id\":\"34\",\"descripcion\":\"Feromonas\",\"cantidad\":\"1\",\"stock\":\"408\",\"precio\":\"1000\",\"total\":\"1000\"}]', 0, 67500, 67500, 'Efectivo', '2024-05-13 20:55:49', 0.00, 0.00),
(389, 10366, 128, 3, '[{\"id\":\"33\",\"descripcion\":\"Ultra Male\",\"cantidad\":\"15\",\"stock\":\"375\",\"precio\":\"600\",\"total\":\"9000\"},{\"id\":\"1\",\"descripcion\":\"Singler 30 ML\",\"cantidad\":\"1\",\"stock\":\"131\",\"precio\":\"4000\",\"total\":\"3000\"},{\"id\":\"38\",\"descripcion\":\"fundas de colores\",\"cantidad\":\"1\",\"stock\":\"697\",\"precio\":\"500\",\"total\":\"0\"},{\"id\":\"71\",\"descripcion\":\"273 dama\",\"cantidad\":\"15\",\"stock\":\"472\",\"precio\":\"600\",\"total\":\"9000\"},{\"id\":\"145\",\"descripcion\":\"OUD FOR GLORY LATTAFA\",\"cantidad\":\"15\",\"stock\":\"124\",\"precio\":\"600\",\"total\":\"9000\"}]', 0, 30000, 30000, 'Efectivo', '2024-05-16 02:07:40', 0.00, 0.00),
(390, 10367, 453, 3, '[{\"id\":\"96\",\"descripcion\":\"BHARARA KINGS\",\"cantidad\":\"3\",\"stock\":\"494\",\"precio\":\"600\",\"total\":\"1800\"},{\"id\":\"110\",\"descripcion\":\"BACCARAT ROUGE 540 UNISEX\",\"cantidad\":\"3\",\"stock\":\"56\",\"precio\":\"600\",\"total\":\"1800\"},{\"id\":\"58\",\"descripcion\":\"Amber Gold\",\"cantidad\":\"3\",\"stock\":\"503\",\"precio\":\"600\",\"total\":\"1800\"},{\"id\":\"92\",\"descripcion\":\"M7 CABALLERO\",\"cantidad\":\"3\",\"stock\":\"127\",\"precio\":\"600\",\"total\":\"1800\"},{\"id\":\"85\",\"descripcion\":\"BLACK XS\",\"cantidad\":\"3\",\"stock\":\"57\",\"precio\":\"600\",\"total\":\"1800\"},{\"id\":\"145\",\"descripcion\":\"OUD FOR GLORY LATTAFA\",\"cantidad\":\"3\",\"stock\":\"121\",\"precio\":\"600\",\"total\":\"1800\"},{\"id\":\"2\",\"descripcion\":\"Rollon 3 ml\",\"cantidad\":\"6\",\"stock\":\"36\",\"precio\":\"700\",\"total\":\"4200\"}]', 0, 15000, 15000, 'Efectivo', '2024-05-16 02:10:31', 0.00, 0.00),
(391, 10368, 45, 3, '[{\"id\":\"74\",\"descripcion\":\"GOOD GIRL\",\"cantidad\":\"15\",\"stock\":\"101\",\"precio\":\"600\",\"total\":\"9000\"},{\"id\":\"7\",\"descripcion\":\"tacon 30ml\",\"cantidad\":\"1\",\"stock\":\"82\",\"precio\":\"8600\",\"total\":\"7000\"},{\"id\":\"115\",\"descripcion\":\"BOLSAS BOUQUE\",\"cantidad\":\"1\",\"stock\":\"900\",\"precio\":\"670\",\"total\":\"0\"}]', 0, 16000, 16000, 'Crédito-0', '2024-05-16 02:12:31', 0.00, 0.00),
(392, 10369, 128, 3, '[{\"id\":\"97\",\"descripcion\":\"FARENHEIT CABALLERO\",\"cantidad\":\"15\",\"stock\":\"425\",\"precio\":\"600\",\"total\":\"12000\"}]', 0, 12000, 12000, 'Efectivo', '2024-05-16 02:17:29', 0.00, 0.00),
(393, 10370, 68, 3, '[{\"id\":\"65\",\"descripcion\":\"Carolina Herera\",\"cantidad\":\"32\",\"stock\":\"305\",\"precio\":\"600\",\"total\":\"20000\"},{\"id\":\"1\",\"descripcion\":\"Singler 30 ML\",\"cantidad\":\"2\",\"stock\":\"129\",\"precio\":\"4000\",\"total\":\"8000\"},{\"id\":\"38\",\"descripcion\":\"fundas de colores\",\"cantidad\":\"2\",\"stock\":\"695\",\"precio\":\"500\",\"total\":\"2000\"}]', 0, 30000, 30000, 'Crédito-0', '2024-05-16 02:18:31', 0.00, 0.00),
(394, 10371, 43, 3, '[{\"id\":\"82\",\"descripcion\":\"212 CABALLERO\",\"cantidad\":\"14\",\"stock\":\"548\",\"precio\":\"600\",\"total\":\"7000\"},{\"id\":\"97\",\"descripcion\":\"FARENHEIT CABALLERO\",\"cantidad\":\"14\",\"stock\":\"411\",\"precio\":\"600\",\"total\":\"7000\"},{\"id\":\"38\",\"descripcion\":\"fundas de colores\",\"cantidad\":\"2\",\"stock\":\"693\",\"precio\":\"500\",\"total\":\"1000\"},{\"id\":\"1\",\"descripcion\":\"Singler 30 ML\",\"cantidad\":\"2\",\"stock\":\"127\",\"precio\":\"4000\",\"total\":\"5000\"}]', 0, 20000, 20000, 'Crédito-0', '2024-05-17 13:27:23', 0.00, 0.00);
INSERT INTO `ventas` (`id`, `codigo`, `id_cliente`, `id_vendedor`, `productos`, `impuesto`, `neto`, `total`, `metodo_pago`, `fecha`, `saldo_pendiente`, `monto_abonado`) VALUES
(395, 10372, 128, 3, '[{\"id\":\"64\",\"descripcion\":\"issey Miyake\",\"cantidad\":\"15\",\"stock\":\"114\",\"precio\":\"600\",\"total\":\"9000\"},{\"id\":\"58\",\"descripcion\":\"Amber Gold\",\"cantidad\":\"15\",\"stock\":\"488\",\"precio\":\"600\",\"total\":\"9000\"},{\"id\":\"110\",\"descripcion\":\"BACCARAT ROUGE 540 UNISEX\",\"cantidad\":\"3\",\"stock\":\"53\",\"precio\":\"600\",\"total\":\"1800\"},{\"id\":\"111\",\"descripcion\":\"YARA DAMA\",\"cantidad\":\"3\",\"stock\":\"164\",\"precio\":\"600\",\"total\":\"1800\"},{\"id\":\"40\",\"descripcion\":\"can can dama\",\"cantidad\":\"3\",\"stock\":\"136\",\"precio\":\"600\",\"total\":\"1800\"},{\"id\":\"42\",\"descripcion\":\"TOY BOY\",\"cantidad\":\"15\",\"stock\":\"333\",\"precio\":\"600\",\"total\":\"9000\"},{\"id\":\"1\",\"descripcion\":\"Singler 30 ML\",\"cantidad\":\"1\",\"stock\":\"126\",\"precio\":\"4000\",\"total\":\"4000\"},{\"id\":\"38\",\"descripcion\":\"fundas de colores\",\"cantidad\":\"5\",\"stock\":\"688\",\"precio\":\"500\",\"total\":\"5200\"},{\"id\":\"144\",\"descripcion\":\"AMATHYS LATTAFA\",\"cantidad\":\"3\",\"stock\":\"35\",\"precio\":\"600\",\"total\":\"1800\"},{\"id\":\"145\",\"descripcion\":\"OUD FOR GLORY LATTAFA\",\"cantidad\":\"3\",\"stock\":\"118\",\"precio\":\"600\",\"total\":\"1800\"},{\"id\":\"101\",\"descripcion\":\"FUEL FOR LIFE\",\"cantidad\":\"3\",\"stock\":\"168\",\"precio\":\"600\",\"total\":\"1800\"},{\"id\":\"57\",\"descripcion\":\"Heires dama\",\"cantidad\":\"30\",\"stock\":\"119\",\"precio\":\"600\",\"total\":\"18000\"},{\"id\":\"7\",\"descripcion\":\"tacon 30ml\",\"cantidad\":\"1\",\"stock\":\"81\",\"precio\":\"8600\",\"total\":\"8600\"},{\"id\":\"126\",\"descripcion\":\"OHM\",\"cantidad\":\"15\",\"stock\":\"153\",\"precio\":\"600\",\"total\":\"9000\"},{\"id\":\"5\",\"descripcion\":\"atlantic 30ml\",\"cantidad\":\"4\",\"stock\":\"183\",\"precio\":\"2350\",\"total\":\"9400\"},{\"id\":\"121\",\"descripcion\":\"ONE MILLION  LUCKI\",\"cantidad\":\"15\",\"stock\":\"475\",\"precio\":\"600\",\"total\":\"9000\"},{\"id\":\"60\",\"descripcion\":\"Faconable\",\"cantidad\":\"15\",\"stock\":\"314\",\"precio\":\"600\",\"total\":\"9000\"},{\"id\":\"34\",\"descripcion\":\"Feromonas\",\"cantidad\":\"1\",\"stock\":\"407\",\"precio\":\"1000\",\"total\":\"2000\"},{\"id\":\"115\",\"descripcion\":\"BOLSAS BOUQUE\",\"cantidad\":\"1\",\"stock\":\"899\",\"precio\":\"670\",\"total\":\"10000\"}]', 0, 122000, 122000, 'Efectivo', '2024-05-17 13:34:09', 0.00, 0.00),
(396, 10373, 128, 3, '[{\"id\":\"77\",\"descripcion\":\"LOQUITO POR TI DAMA\",\"cantidad\":\"15\",\"stock\":\"48\",\"precio\":\"600\",\"total\":\"9000\"},{\"id\":\"50\",\"descripcion\":\"Taj Sunset\",\"cantidad\":\"3\",\"stock\":\"178\",\"precio\":\"600\",\"total\":\"2500\"},{\"id\":\"23\",\"descripcion\":\"PARIS HILTON\",\"cantidad\":\"15\",\"stock\":\"451\",\"precio\":\"600\",\"total\":\"9000\"},{\"id\":\"42\",\"descripcion\":\"TOY BOY\",\"cantidad\":\"15\",\"stock\":\"318\",\"precio\":\"600\",\"total\":\"9000\"},{\"id\":\"64\",\"descripcion\":\"issey Miyake\",\"cantidad\":\"30\",\"stock\":\"84\",\"precio\":\"600\",\"total\":\"18000\"},{\"id\":\"16\",\"descripcion\":\"Flaw 50ml\",\"cantidad\":\"1\",\"stock\":\"93\",\"precio\":\"7000\",\"total\":\"7000\"},{\"id\":\"5\",\"descripcion\":\"atlantic 30ml\",\"cantidad\":\"1\",\"stock\":\"182\",\"precio\":\"2350\",\"total\":\"3000\"},{\"id\":\"1\",\"descripcion\":\"Singler 30 ML\",\"cantidad\":\"1\",\"stock\":\"125\",\"precio\":\"4000\",\"total\":\"4000\"}]', 0, 61500, 61500, 'Efectivo', '2024-05-19 04:25:22', 0.00, 0.00),
(397, 10374, 128, 3, '[{\"id\":\"74\",\"descripcion\":\"GOOD GIRL\",\"cantidad\":\"15\",\"stock\":\"86\",\"precio\":\"600\",\"total\":\"9000\"},{\"id\":\"1\",\"descripcion\":\"Singler 30 ML\",\"cantidad\":\"1\",\"stock\":\"124\",\"precio\":\"4000\",\"total\":\"4000\"},{\"id\":\"38\",\"descripcion\":\"fundas de colores\",\"cantidad\":\"1\",\"stock\":\"687\",\"precio\":\"500\",\"total\":\"1000\"},{\"id\":\"115\",\"descripcion\":\"BOLSAS BOUQUE\",\"cantidad\":\"1\",\"stock\":\"898\",\"precio\":\"670\",\"total\":\"1000\"},{\"id\":\"7\",\"descripcion\":\"tacon 30ml\",\"cantidad\":\"1\",\"stock\":\"80\",\"precio\":\"8600\",\"total\":\"9000\"},{\"id\":\"111\",\"descripcion\":\"YARA DAMA\",\"cantidad\":\"15\",\"stock\":\"149\",\"precio\":\"600\",\"total\":\"9000\"}]', 0, 33000, 33000, 'Efectivo', '2024-05-19 04:26:35', 0.00, 0.00),
(398, 10375, 45, 3, '[{\"id\":\"1\",\"descripcion\":\"Singler 30 ML\",\"cantidad\":\"5\",\"stock\":\"119\",\"precio\":\"4000\",\"total\":\"20000\"},{\"id\":\"38\",\"descripcion\":\"fundas de colores\",\"cantidad\":\"5\",\"stock\":\"682\",\"precio\":\"500\",\"total\":\"0\"},{\"id\":\"74\",\"descripcion\":\"GOOD GIRL\",\"cantidad\":\"14\",\"stock\":\"72\",\"precio\":\"600\",\"total\":\"8400\"},{\"id\":\"66\",\"descripcion\":\"360 dama tradicional\",\"cantidad\":\"14\",\"stock\":\"429\",\"precio\":\"600\",\"total\":\"8400\"},{\"id\":\"33\",\"descripcion\":\"Ultra Male\",\"cantidad\":\"14\",\"stock\":\"361\",\"precio\":\"600\",\"total\":\"8200\"},{\"id\":\"69\",\"descripcion\":\"Hugo Boss\",\"cantidad\":\"14\",\"stock\":\"453\",\"precio\":\"600\",\"total\":\"5000\"},{\"id\":\"54\",\"descripcion\":\"Angel Thery Caballero\",\"cantidad\":\"14\",\"stock\":\"454\",\"precio\":\"600\",\"total\":\"0\"}]', 0, 50000, 50000, 'Crédito-0', '2024-05-20 12:19:45', 0.00, 0.00),
(399, 10376, 128, 3, '[{\"id\":\"110\",\"descripcion\":\"BACCARAT ROUGE 540 UNISEX\",\"cantidad\":\"15\",\"stock\":\"38\",\"precio\":\"600\",\"total\":\"10000\"},{\"id\":\"23\",\"descripcion\":\"PARIS HILTON\",\"cantidad\":\"15\",\"stock\":\"436\",\"precio\":\"600\",\"total\":\"9000\"},{\"id\":\"7\",\"descripcion\":\"tacon 30ml\",\"cantidad\":\"1\",\"stock\":\"79\",\"precio\":\"8600\",\"total\":\"8600\"},{\"id\":\"115\",\"descripcion\":\"BOLSAS BOUQUE\",\"cantidad\":\"1\",\"stock\":\"897\",\"precio\":\"670\",\"total\":\"1400\"}]', 0, 29000, 29000, 'Efectivo', '2024-05-20 12:26:36', 0.00, 0.00),
(400, 10377, 128, 3, '[{\"id\":\"82\",\"descripcion\":\"212 CABALLERO\",\"cantidad\":\"15\",\"stock\":\"533\",\"precio\":\"600\",\"total\":\"9000\"},{\"id\":\"97\",\"descripcion\":\"FARENHEIT CABALLERO\",\"cantidad\":\"15\",\"stock\":\"396\",\"precio\":\"600\",\"total\":\"9000\"},{\"id\":\"117\",\"descripcion\":\"OMBRE NOMADA\",\"cantidad\":\"15\",\"stock\":\"180\",\"precio\":\"600\",\"total\":\"9000\"},{\"id\":\"5\",\"descripcion\":\"atlantic 30ml\",\"cantidad\":\"1\",\"stock\":\"181\",\"precio\":\"2350\",\"total\":\"2500\"},{\"id\":\"38\",\"descripcion\":\"fundas de colores\",\"cantidad\":\"1\",\"stock\":\"681\",\"precio\":\"500\",\"total\":\"2500\"}]', 0, 32000, 32000, 'Efectivo', '2024-05-21 01:27:16', 0.00, 0.00),
(401, 10378, 99, 3, '[{\"id\":\"111\",\"descripcion\":\"YARA DAMA\",\"cantidad\":\"45\",\"stock\":\"104\",\"precio\":\"600\",\"total\":\"27000\"},{\"id\":\"1\",\"descripcion\":\"Singler 30 ML\",\"cantidad\":\"1\",\"stock\":\"118\",\"precio\":\"4000\",\"total\":\"4000\"},{\"id\":\"38\",\"descripcion\":\"fundas de colores\",\"cantidad\":\"1\",\"stock\":\"680\",\"precio\":\"500\",\"total\":\"0\"},{\"id\":\"16\",\"descripcion\":\"Flaw 50ml\",\"cantidad\":\"1\",\"stock\":\"92\",\"precio\":\"7000\",\"total\":\"5000\"},{\"id\":\"115\",\"descripcion\":\"BOLSAS BOUQUE\",\"cantidad\":\"1\",\"stock\":\"896\",\"precio\":\"670\",\"total\":\"0\"}]', 0, 36000, 36000, 'Crédito-0', '2024-05-21 01:29:07', 0.00, 0.00),
(402, 10379, 128, 3, '[{\"id\":\"111\",\"descripcion\":\"YARA DAMA\",\"cantidad\":\"18\",\"stock\":\"86\",\"precio\":\"600\",\"total\":\"10800\"},{\"id\":\"144\",\"descripcion\":\"AMATHYS LATTAFA\",\"cantidad\":\"15\",\"stock\":\"20\",\"precio\":\"600\",\"total\":\"9000\"},{\"id\":\"56\",\"descripcion\":\"INVICTUS\",\"cantidad\":\"15\",\"stock\":\"89\",\"precio\":\"600\",\"total\":\"9000\"},{\"id\":\"58\",\"descripcion\":\"Amber Gold\",\"cantidad\":\"15\",\"stock\":\"473\",\"precio\":\"600\",\"total\":\"9000\"},{\"id\":\"85\",\"descripcion\":\"BLACK XS\",\"cantidad\":\"15\",\"stock\":\"42\",\"precio\":\"600\",\"total\":\"9000\"},{\"id\":\"5\",\"descripcion\":\"atlantic 30ml\",\"cantidad\":\"2\",\"stock\":\"179\",\"precio\":\"2350\",\"total\":\"4400\"},{\"id\":\"34\",\"descripcion\":\"Feromonas\",\"cantidad\":\"1\",\"stock\":\"406\",\"precio\":\"1000\",\"total\":\"1000\"},{\"id\":\"1\",\"descripcion\":\"Singler 30 ML\",\"cantidad\":\"1\",\"stock\":\"117\",\"precio\":\"4000\",\"total\":\"4000\"},{\"id\":\"38\",\"descripcion\":\"fundas de colores\",\"cantidad\":\"1\",\"stock\":\"679\",\"precio\":\"500\",\"total\":\"0\"}]', 0, 56200, 56200, 'Efectivo', '2024-05-22 03:43:50', 0.00, 0.00),
(403, 10380, 458, 3, '[{\"id\":\"111\",\"descripcion\":\"YARA DAMA\",\"cantidad\":\"15\",\"stock\":\"71\",\"precio\":\"600\",\"total\":\"9000\"},{\"id\":\"9\",\"descripcion\":\"manzana 30ml\",\"cantidad\":\"1\",\"stock\":\"73\",\"precio\":\"5000\",\"total\":\"5000\"},{\"id\":\"115\",\"descripcion\":\"BOLSAS BOUQUE\",\"cantidad\":\"1\",\"stock\":\"895\",\"precio\":\"670\",\"total\":\"1000\"}]', 0, 15000, 15000, 'Efectivo', '2024-05-24 03:23:18', 0.00, 0.00),
(404, 10381, 128, 3, '[{\"id\":\"42\",\"descripcion\":\"TOY BOY\",\"cantidad\":\"15\",\"stock\":\"303\",\"precio\":\"600\",\"total\":\"9000\"},{\"id\":\"1\",\"descripcion\":\"Singler 30 ML\",\"cantidad\":\"1\",\"stock\":\"116\",\"precio\":\"4000\",\"total\":\"4000\"},{\"id\":\"38\",\"descripcion\":\"fundas de colores\",\"cantidad\":\"1\",\"stock\":\"678\",\"precio\":\"500\",\"total\":\"0\"}]', 0, 13000, 13000, 'Crédito-0', '2024-05-24 03:25:06', 0.00, 0.00),
(405, 10382, 128, 3, '[{\"id\":\"33\",\"descripcion\":\"Ultra Male\",\"cantidad\":\"15\",\"stock\":\"346\",\"precio\":\"600\",\"total\":\"9000\"},{\"id\":\"1\",\"descripcion\":\"Singler 30 ML\",\"cantidad\":\"1\",\"stock\":\"115\",\"precio\":\"4000\",\"total\":\"4000\"},{\"id\":\"38\",\"descripcion\":\"fundas de colores\",\"cantidad\":\"3\",\"stock\":\"675\",\"precio\":\"500\",\"total\":\"1500\"},{\"id\":\"60\",\"descripcion\":\"Faconable\",\"cantidad\":\"15\",\"stock\":\"299\",\"precio\":\"600\",\"total\":\"9000\"},{\"id\":\"5\",\"descripcion\":\"atlantic 30ml\",\"cantidad\":\"2\",\"stock\":\"177\",\"precio\":\"2350\",\"total\":\"4900\"},{\"id\":\"67\",\"descripcion\":\"CORAZON 60 ML\",\"cantidad\":\"1\",\"stock\":\"136\",\"precio\":\"6000\",\"total\":\"6000\"},{\"id\":\"75\",\"descripcion\":\"CHANEL DAMA\",\"cantidad\":\"30\",\"stock\":\"10\",\"precio\":\"600\",\"total\":\"18000\"},{\"id\":\"50\",\"descripcion\":\"Taj Sunset\",\"cantidad\":\"15\",\"stock\":\"163\",\"precio\":\"600\",\"total\":\"9000\"},{\"id\":\"115\",\"descripcion\":\"BOLSAS BOUQUE\",\"cantidad\":\"1\",\"stock\":\"894\",\"precio\":\"670\",\"total\":\"1000\"},{\"id\":\"34\",\"descripcion\":\"Feromonas\",\"cantidad\":\"2\",\"stock\":\"404\",\"precio\":\"1000\",\"total\":\"2000\"}]', 0, 64400, 64400, 'Efectivo', '2024-05-24 03:30:47', 0.00, 0.00),
(406, 10383, 86, 3, '[{\"id\":\"144\",\"descripcion\":\"AMATHYS LATTAFA\",\"cantidad\":\"14\",\"stock\":\"6\",\"precio\":\"600\",\"total\":\"7000\"},{\"id\":\"33\",\"descripcion\":\"Ultra Male\",\"cantidad\":\"14\",\"stock\":\"332\",\"precio\":\"600\",\"total\":\"7000\"},{\"id\":\"5\",\"descripcion\":\"atlantic 30ml\",\"cantidad\":\"2\",\"stock\":\"175\",\"precio\":\"2350\",\"total\":\"5000\"},{\"id\":\"38\",\"descripcion\":\"fundas de colores\",\"cantidad\":\"2\",\"stock\":\"673\",\"precio\":\"500\",\"total\":\"1000\"}]', 0, 20000, 20000, 'Crédito-0', '2024-05-24 03:31:57', 0.00, 0.00),
(407, 10384, 128, 3, '[{\"id\":\"58\",\"descripcion\":\"Amber Gold\",\"cantidad\":\"32\",\"stock\":\"441\",\"precio\":\"600\",\"total\":\"19200\"},{\"id\":\"110\",\"descripcion\":\"BACCARAT ROUGE 540 UNISEX\",\"cantidad\":\"32\",\"stock\":\"6\",\"precio\":\"600\",\"total\":\"19200\"},{\"id\":\"16\",\"descripcion\":\"Flaw 50ml\",\"cantidad\":\"1\",\"stock\":\"91\",\"precio\":\"7000\",\"total\":\"7000\"},{\"id\":\"17\",\"descripcion\":\"Invitus 50ml\",\"cantidad\":\"1\",\"stock\":\"69\",\"precio\":\"8000\",\"total\":\"10000\"},{\"id\":\"115\",\"descripcion\":\"BOLSAS BOUQUE\",\"cantidad\":\"1\",\"stock\":\"893\",\"precio\":\"670\",\"total\":\"1000\"}]', 0, 56400, 56400, 'Crédito-0', '2024-05-24 03:35:20', 0.00, 0.00),
(408, 10385, 87, 3, '[{\"id\":\"144\",\"descripcion\":\"AMATHYS LATTAFA\",\"cantidad\":\"15\",\"stock\":\"285\",\"precio\":\"600\",\"total\":\"9000\"},{\"id\":\"1\",\"descripcion\":\"Singler 30 ML\",\"cantidad\":\"1\",\"stock\":\"114\",\"precio\":\"4000\",\"total\":\"4000\"},{\"id\":\"38\",\"descripcion\":\"fundas de colores\",\"cantidad\":\"1\",\"stock\":\"672\",\"precio\":\"500\",\"total\":\"0\"}]', 0, 13000, 13000, 'Efectivo', '2024-05-24 03:45:13', 0.00, 0.00),
(409, 10386, 128, 3, '[{\"id\":\"25\",\"descripcion\":\"CocoNut Pasion\",\"cantidad\":\"15\",\"stock\":\"535\",\"precio\":\"600\",\"total\":\"9000\"},{\"id\":\"145\",\"descripcion\":\"OUD FOR GLORY LATTAFA\",\"cantidad\":\"60\",\"stock\":\"58\",\"precio\":\"600\",\"total\":\"36000\"},{\"id\":\"117\",\"descripcion\":\"OMBRE NOMADA\",\"cantidad\":\"15\",\"stock\":\"165\",\"precio\":\"600\",\"total\":\"9000\"},{\"id\":\"48\",\"descripcion\":\"Black xs lece\",\"cantidad\":\"15\",\"stock\":\"35\",\"precio\":\"600\",\"total\":\"9000\"},{\"id\":\"144\",\"descripcion\":\"AMATHYS LATTAFA\",\"cantidad\":\"43\",\"stock\":\"242\",\"precio\":\"600\",\"total\":\"25800\"},{\"id\":\"56\",\"descripcion\":\"INVICTUS\",\"cantidad\":\"37\",\"stock\":\"463\",\"precio\":\"600\",\"total\":\"22200\"},{\"id\":\"33\",\"descripcion\":\"Ultra Male\",\"cantidad\":\"15\",\"stock\":\"317\",\"precio\":\"600\",\"total\":\"9000\"},{\"id\":\"92\",\"descripcion\":\"M7 CABALLERO\",\"cantidad\":\"15\",\"stock\":\"112\",\"precio\":\"600\",\"total\":\"9000\"},{\"id\":\"17\",\"descripcion\":\"Invitus 50ml\",\"cantidad\":\"1\",\"stock\":\"68\",\"precio\":\"8000\",\"total\":\"0\"},{\"id\":\"1\",\"descripcion\":\"Singler 30 ML\",\"cantidad\":\"1\",\"stock\":\"113\",\"precio\":\"4000\",\"total\":\"4000\"},{\"id\":\"115\",\"descripcion\":\"BOLSAS BOUQUE\",\"cantidad\":\"2\",\"stock\":\"891\",\"precio\":\"670\",\"total\":\"0\"},{\"id\":\"38\",\"descripcion\":\"fundas de colores\",\"cantidad\":\"1\",\"stock\":\"671\",\"precio\":\"500\",\"total\":\"0\"}]', 0, 133000, 133000, 'Efectivo', '2024-05-24 03:55:51', 0.00, 0.00),
(410, 10387, 45, 3, '[{\"id\":\"54\",\"descripcion\":\"Angel Thery Caballero\",\"cantidad\":\"28\",\"stock\":\"426\",\"precio\":\"600\",\"total\":\"16800\"},{\"id\":\"135\",\"descripcion\":\"CORY PASSION\",\"cantidad\":\"14\",\"stock\":\"119\",\"precio\":\"600\",\"total\":\"8400\"},{\"id\":\"1\",\"descripcion\":\"Singler 30 ML\",\"cantidad\":\"3\",\"stock\":\"110\",\"precio\":\"4000\",\"total\":\"3300\"},{\"id\":\"38\",\"descripcion\":\"fundas de colores\",\"cantidad\":\"3\",\"stock\":\"668\",\"precio\":\"500\",\"total\":\"1500\"}]', 0, 30000, 30000, 'Crédito-0', '2024-05-25 22:04:03', 0.00, 0.00),
(411, 10388, 128, 3, '[{\"id\":\"144\",\"descripcion\":\"AMATHYS LATTAFA\",\"cantidad\":\"15\",\"stock\":\"227\",\"precio\":\"600\",\"total\":\"9000\"},{\"id\":\"5\",\"descripcion\":\"atlantic 30ml\",\"cantidad\":\"1\",\"stock\":\"174\",\"precio\":\"2350\",\"total\":\"2500\"},{\"id\":\"38\",\"descripcion\":\"fundas de colores\",\"cantidad\":\"1\",\"stock\":\"667\",\"precio\":\"500\",\"total\":\"500\"},{\"id\":\"143\",\"descripcion\":\"CANELA\",\"cantidad\":\"20\",\"stock\":\"230\",\"precio\":\"300\",\"total\":\"6000\"},{\"id\":\"139\",\"descripcion\":\"GOTERO 20ML\",\"cantidad\":\"1\",\"stock\":\"99\",\"precio\":\"900\",\"total\":\"1000\"}]', 0, 19000, 19000, 'Efectivo', '2024-05-25 22:06:14', 0.00, 0.00),
(412, 10389, 45, 3, '[{\"id\":\"135\",\"descripcion\":\"CORY PASSION\",\"cantidad\":\"14\",\"stock\":\"105\",\"precio\":\"600\",\"total\":\"8000\"},{\"id\":\"1\",\"descripcion\":\"Singler 30 ML\",\"cantidad\":\"1\",\"stock\":\"109\",\"precio\":\"4000\",\"total\":\"2000\"},{\"id\":\"38\",\"descripcion\":\"fundas de colores\",\"cantidad\":\"1\",\"stock\":\"666\",\"precio\":\"500\",\"total\":\"0\"}]', 0, 10000, 10000, 'Crédito-0', '2024-05-26 21:07:30', 0.00, 0.00),
(413, 10390, 128, 3, '[{\"id\":\"42\",\"descripcion\":\"TOY BOY\",\"cantidad\":\"15\",\"stock\":\"288\",\"precio\":\"600\",\"total\":\"10000\"}]', 0, 10000, 10000, 'Efectivo', '2024-05-26 21:08:09', 0.00, 0.00),
(414, 10391, 128, 3, '[{\"id\":\"64\",\"descripcion\":\"issey Miyake\",\"cantidad\":\"10\",\"stock\":\"74\",\"precio\":\"600\",\"total\":\"5000\"},{\"id\":\"138\",\"descripcion\":\"GOTERO 10ML\",\"cantidad\":\"1\",\"stock\":\"97\",\"precio\":\"700\",\"total\":\"0\"},{\"id\":\"144\",\"descripcion\":\"AMATHYS LATTAFA\",\"cantidad\":\"3\",\"stock\":\"224\",\"precio\":\"600\",\"total\":\"1800\"},{\"id\":\"2\",\"descripcion\":\"Rollon 3 ml\",\"cantidad\":\"1\",\"stock\":\"35\",\"precio\":\"700\",\"total\":\"700\"}]', 0, 7500, 7500, 'Efectivo', '2024-05-26 21:10:43', 0.00, 0.00),
(415, 10392, 128, 3, '[{\"id\":\"74\",\"descripcion\":\"GOOD GIRL\",\"cantidad\":\"30\",\"stock\":\"520\",\"precio\":\"600\",\"total\":\"18000\"},{\"id\":\"67\",\"descripcion\":\"CORAZON 60 ML\",\"cantidad\":\"1\",\"stock\":\"135\",\"precio\":\"6000\",\"total\":\"6000\"},{\"id\":\"115\",\"descripcion\":\"BOLSAS BOUQUE\",\"cantidad\":\"1\",\"stock\":\"890\",\"precio\":\"670\",\"total\":\"1000\"}]', 0, 25000, 25000, 'Crédito-0', '2024-05-26 21:11:53', 0.00, 0.00),
(416, 10393, 128, 3, '[{\"id\":\"145\",\"descripcion\":\"OUD FOR GLORY LATTAFA\",\"cantidad\":\"15\",\"stock\":\"43\",\"precio\":\"600\",\"total\":\"9000\"},{\"id\":\"1\",\"descripcion\":\"Singler 30 ML\",\"cantidad\":\"1\",\"stock\":\"108\",\"precio\":\"4000\",\"total\":\"4000\"},{\"id\":\"38\",\"descripcion\":\"fundas de colores\",\"cantidad\":\"1\",\"stock\":\"665\",\"precio\":\"500\",\"total\":\"0\"}]', 0, 13000, 13000, 'Crédito-0', '2024-05-26 21:13:19', 0.00, 0.00),
(417, 10394, 131, 3, '[{\"id\":\"54\",\"descripcion\":\"Angel Thery Caballero\",\"cantidad\":\"30\",\"stock\":\"396\",\"precio\":\"600\",\"total\":\"17000\"},{\"id\":\"13\",\"descripcion\":\"Alcala 50ml\",\"cantidad\":\"1\",\"stock\":\"2\",\"precio\":\"4000\",\"total\":\"4000\"},{\"id\":\"38\",\"descripcion\":\"fundas de colores\",\"cantidad\":\"1\",\"stock\":\"664\",\"precio\":\"500\",\"total\":\"0\"}]', 0, 21000, 21000, 'Efectivo', '2024-05-26 21:14:43', 0.00, 0.00),
(418, 10395, 128, 3, '[{\"id\":\"146\",\"descripcion\":\"MONTANA\",\"cantidad\":\"30\",\"stock\":\"170\",\"precio\":\"600\",\"total\":\"18000\"},{\"id\":\"97\",\"descripcion\":\"FARENHEIT CABALLERO\",\"cantidad\":\"30\",\"stock\":\"366\",\"precio\":\"600\",\"total\":\"18000\"},{\"id\":\"117\",\"descripcion\":\"OMBRE NOMADA\",\"cantidad\":\"30\",\"stock\":\"135\",\"precio\":\"600\",\"total\":\"18000\"},{\"id\":\"34\",\"descripcion\":\"Feromonas\",\"cantidad\":\"3\",\"stock\":\"401\",\"precio\":\"1000\",\"total\":\"2100\"},{\"id\":\"115\",\"descripcion\":\"BOLSAS BOUQUE\",\"cantidad\":\"3\",\"stock\":\"887\",\"precio\":\"670\",\"total\":\"0\"},{\"id\":\"14\",\"descripcion\":\"Jean Poul 50ml\",\"cantidad\":\"1\",\"stock\":\"109\",\"precio\":\"7000\",\"total\":\"7000\"},{\"id\":\"16\",\"descripcion\":\"Flaw 50ml\",\"cantidad\":\"1\",\"stock\":\"90\",\"precio\":\"7000\",\"total\":\"7000\"},{\"id\":\"10\",\"descripcion\":\"Iris 50ml\",\"cantidad\":\"1\",\"stock\":\"0\",\"precio\":\"7000\",\"total\":\"7000\"},{\"id\":\"42\",\"descripcion\":\"TOY BOY\",\"cantidad\":\"18\",\"stock\":\"270\",\"precio\":\"600\",\"total\":\"11800\"},{\"id\":\"82\",\"descripcion\":\"212 CABALLERO\",\"cantidad\":\"15\",\"stock\":\"518\",\"precio\":\"600\",\"total\":\"10000\"},{\"id\":\"92\",\"descripcion\":\"M7 CABALLERO\",\"cantidad\":\"15\",\"stock\":\"97\",\"precio\":\"600\",\"total\":\"10000\"},{\"id\":\"2\",\"descripcion\":\"Rollon 3 ml\",\"cantidad\":\"1\",\"stock\":\"34\",\"precio\":\"700\",\"total\":\"700\"}]', 0, 109600, 109600, 'Efectivo', '2024-05-28 03:35:17', 0.00, 0.00),
(419, 10396, 45, 3, '[{\"id\":\"135\",\"descripcion\":\"CORY PASSION\",\"cantidad\":\"14\",\"stock\":\"91\",\"precio\":\"600\",\"total\":\"8000\"},{\"id\":\"38\",\"descripcion\":\"fundas de colores\",\"cantidad\":\"1\",\"stock\":\"663\",\"precio\":\"500\",\"total\":\"0\"},{\"id\":\"1\",\"descripcion\":\"Singler 30 ML\",\"cantidad\":\"1\",\"stock\":\"107\",\"precio\":\"4000\",\"total\":\"2000\"}]', 0, 10000, 10000, 'Crédito-0', '2024-05-28 03:36:58', 0.00, 0.00),
(420, 10397, 449, 3, '[{\"id\":\"144\",\"descripcion\":\"AMATHYS LATTAFA\",\"cantidad\":\"15\",\"stock\":\"209\",\"precio\":\"600\",\"total\":\"9000\"},{\"id\":\"9\",\"descripcion\":\"manzana 30ml\",\"cantidad\":\"1\",\"stock\":\"72\",\"precio\":\"5000\",\"total\":\"5000\"},{\"id\":\"115\",\"descripcion\":\"BOLSAS BOUQUE\",\"cantidad\":\"1\",\"stock\":\"886\",\"precio\":\"670\",\"total\":\"1000\"}]', 0, 15000, 15000, 'Efectivo', '2024-05-29 03:52:49', 0.00, 0.00),
(421, 10398, 459, 3, '[{\"id\":\"92\",\"descripcion\":\"M7 CABALLERO\",\"cantidad\":\"15\",\"stock\":\"82\",\"precio\":\"600\",\"total\":\"9000\"},{\"id\":\"47\",\"descripcion\":\"lowey 7\",\"cantidad\":\"15\",\"stock\":\"54\",\"precio\":\"600\",\"total\":\"11000\"},{\"id\":\"1\",\"descripcion\":\"Singler 30 ML\",\"cantidad\":\"2\",\"stock\":\"105\",\"precio\":\"4000\",\"total\":\"8000\"},{\"id\":\"38\",\"descripcion\":\"fundas de colores\",\"cantidad\":\"2\",\"stock\":\"661\",\"precio\":\"500\",\"total\":\"4000\"}]', 0, 32000, 32000, 'Crédito-0', '2024-05-29 03:55:10', 0.00, 0.00),
(422, 10399, 128, 3, '[{\"id\":\"21\",\"descripcion\":\"ONE MILLON\",\"cantidad\":\"15\",\"stock\":\"457\",\"precio\":\"600\",\"total\":\"9000\"},{\"id\":\"27\",\"descripcion\":\"LA VIDA ES BELLA\",\"cantidad\":\"31\",\"stock\":\"489\",\"precio\":\"600\",\"total\":\"17000\"},{\"id\":\"1\",\"descripcion\":\"Singler 30 ML\",\"cantidad\":\"2\",\"stock\":\"103\",\"precio\":\"4000\",\"total\":\"8000\"},{\"id\":\"38\",\"descripcion\":\"fundas de colores\",\"cantidad\":\"2\",\"stock\":\"659\",\"precio\":\"500\",\"total\":\"1000\"}]', 0, 35000, 35000, 'Efectivo', '2024-05-29 03:57:18', 0.00, 0.00),
(423, 10400, 128, 3, '[{\"id\":\"111\",\"descripcion\":\"YARA DAMA\",\"cantidad\":\"15\",\"stock\":\"56\",\"precio\":\"600\",\"total\":\"9000\"},{\"id\":\"1\",\"descripcion\":\"Singler 30 ML\",\"cantidad\":\"3\",\"stock\":\"100\",\"precio\":\"4000\",\"total\":\"12000\"},{\"id\":\"144\",\"descripcion\":\"AMATHYS LATTAFA\",\"cantidad\":\"15\",\"stock\":\"194\",\"precio\":\"600\",\"total\":\"9000\"},{\"id\":\"79\",\"descripcion\":\"ROCK SHAKIRA DAMA\",\"cantidad\":\"15\",\"stock\":\"135\",\"precio\":\"600\",\"total\":\"9000\"},{\"id\":\"92\",\"descripcion\":\"M7 CABALLERO\",\"cantidad\":\"15\",\"stock\":\"67\",\"precio\":\"600\",\"total\":\"9000\"},{\"id\":\"47\",\"descripcion\":\"lowey 7\",\"cantidad\":\"15\",\"stock\":\"39\",\"precio\":\"600\",\"total\":\"9000\"},{\"id\":\"38\",\"descripcion\":\"fundas de colores\",\"cantidad\":\"3\",\"stock\":\"656\",\"precio\":\"500\",\"total\":\"1500\"},{\"id\":\"34\",\"descripcion\":\"Feromonas\",\"cantidad\":\"1\",\"stock\":\"400\",\"precio\":\"1000\",\"total\":\"1000\"}]', 0, 59500, 59500, 'Efectivo', '2024-05-30 03:39:05', 0.00, 0.00),
(424, 10401, 128, 3, '[{\"id\":\"74\",\"descripcion\":\"GOOD GIRL\",\"cantidad\":\"48\",\"stock\":\"472\",\"precio\":\"600\",\"total\":\"28800\"},{\"id\":\"13\",\"descripcion\":\"Alcala 50ml\",\"cantidad\":\"1\",\"stock\":\"1\",\"precio\":\"4000\",\"total\":\"4000\"},{\"id\":\"33\",\"descripcion\":\"Ultra Male\",\"cantidad\":\"30\",\"stock\":\"287\",\"precio\":\"600\",\"total\":\"18000\"},{\"id\":\"34\",\"descripcion\":\"Feromonas\",\"cantidad\":\"3\",\"stock\":\"397\",\"precio\":\"1000\",\"total\":\"3000\"},{\"id\":\"58\",\"descripcion\":\"Amber Gold\",\"cantidad\":\"15\",\"stock\":\"426\",\"precio\":\"600\",\"total\":\"9000\"},{\"id\":\"144\",\"descripcion\":\"AMATHYS LATTAFA\",\"cantidad\":\"30\",\"stock\":\"164\",\"precio\":\"600\",\"total\":\"18000\"},{\"id\":\"91\",\"descripcion\":\"LAPIDUS CABALLERO\",\"cantidad\":\"15\",\"stock\":\"230\",\"precio\":\"600\",\"total\":\"9000\"},{\"id\":\"53\",\"descripcion\":\"212 vip\",\"cantidad\":\"30\",\"stock\":\"188\",\"precio\":\"600\",\"total\":\"18000\"},{\"id\":\"5\",\"descripcion\":\"atlantic 30ml\",\"cantidad\":\"5\",\"stock\":\"169\",\"precio\":\"2350\",\"total\":\"11750\"},{\"id\":\"1\",\"descripcion\":\"Singler 30 ML\",\"cantidad\":\"1\",\"stock\":\"99\",\"precio\":\"4000\",\"total\":\"4000\"},{\"id\":\"17\",\"descripcion\":\"Invitus 50ml\",\"cantidad\":\"1\",\"stock\":\"67\",\"precio\":\"8000\",\"total\":\"8000\"}]', 0, 131550, 131550, 'Efectivo', '2024-06-02 12:46:10', 0.00, 0.00),
(425, 10402, 128, 3, '[{\"id\":\"56\",\"descripcion\":\"INVICTUS\",\"cantidad\":\"30\",\"stock\":\"433\",\"precio\":\"600\",\"total\":\"18000\"},{\"id\":\"74\",\"descripcion\":\"GOOD GIRL\",\"cantidad\":\"1\",\"stock\":\"471\",\"precio\":\"600\",\"total\":\"600\"},{\"id\":\"1\",\"descripcion\":\"Singler 30 ML\",\"cantidad\":\"10\",\"stock\":\"89\",\"precio\":\"4000\",\"total\":\"40000\"},{\"id\":\"38\",\"descripcion\":\"fundas de colores\",\"cantidad\":\"12\",\"stock\":\"644\",\"precio\":\"500\",\"total\":\"6000\"},{\"id\":\"144\",\"descripcion\":\"AMATHYS LATTAFA\",\"cantidad\":\"15\",\"stock\":\"149\",\"precio\":\"600\",\"total\":\"9000\"},{\"id\":\"45\",\"descripcion\":\"olimpea\",\"cantidad\":\"15\",\"stock\":\"504\",\"precio\":\"600\",\"total\":\"9000\"},{\"id\":\"54\",\"descripcion\":\"Angel Thery Caballero\",\"cantidad\":\"15\",\"stock\":\"381\",\"precio\":\"600\",\"total\":\"9000\"},{\"id\":\"31\",\"descripcion\":\"Osadia\",\"cantidad\":\"15\",\"stock\":\"335\",\"precio\":\"600\",\"total\":\"9000\"},{\"id\":\"65\",\"descripcion\":\"Carolina Herera\",\"cantidad\":\"44\",\"stock\":\"261\",\"precio\":\"600\",\"total\":\"26400\"},{\"id\":\"64\",\"descripcion\":\"issey Miyake\",\"cantidad\":\"3\",\"stock\":\"71\",\"precio\":\"600\",\"total\":\"1800\"},{\"id\":\"79\",\"descripcion\":\"ROCK SHAKIRA DAMA\",\"cantidad\":\"3\",\"stock\":\"132\",\"precio\":\"600\",\"total\":\"1800\"},{\"id\":\"53\",\"descripcion\":\"212 vip\",\"cantidad\":\"18\",\"stock\":\"170\",\"precio\":\"600\",\"total\":\"10800\"},{\"id\":\"33\",\"descripcion\":\"Ultra Male\",\"cantidad\":\"44\",\"stock\":\"243\",\"precio\":\"600\",\"total\":\"26400\"},{\"id\":\"60\",\"descripcion\":\"Faconable\",\"cantidad\":\"30\",\"stock\":\"269\",\"precio\":\"600\",\"total\":\"18000\"},{\"id\":\"37\",\"descripcion\":\"boss orange\",\"cantidad\":\"30\",\"stock\":\"502\",\"precio\":\"600\",\"total\":\"18000\"},{\"id\":\"126\",\"descripcion\":\"OHM\",\"cantidad\":\"14\",\"stock\":\"139\",\"precio\":\"600\",\"total\":\"8400\"},{\"id\":\"109\",\"descripcion\":\"AQUA DI GIO\",\"cantidad\":\"10\",\"stock\":\"130\",\"precio\":\"600\",\"total\":\"6000\"},{\"id\":\"138\",\"descripcion\":\"GOTERO 10ML\",\"cantidad\":\"1\",\"stock\":\"96\",\"precio\":\"700\",\"total\":\"700\"},{\"id\":\"7\",\"descripcion\":\"tacon 30ml\",\"cantidad\":\"1\",\"stock\":\"78\",\"precio\":\"8600\",\"total\":\"8600\"},{\"id\":\"5\",\"descripcion\":\"atlantic 30ml\",\"cantidad\":\"2\",\"stock\":\"167\",\"precio\":\"2350\",\"total\":\"4700\"},{\"id\":\"115\",\"descripcion\":\"BOLSAS BOUQUE\",\"cantidad\":\"1\",\"stock\":\"885\",\"precio\":\"670\",\"total\":\"670\"}]', 0, 232870, 232870, 'Efectivo', '2024-06-02 12:55:10', 0.00, 0.00),
(426, 10403, 128, 3, '[{\"id\":\"135\",\"descripcion\":\"CORY PASSION\",\"cantidad\":\"15\",\"stock\":\"76\",\"precio\":\"600\",\"total\":\"9000\"},{\"id\":\"69\",\"descripcion\":\"Hugo Boss\",\"cantidad\":\"15\",\"stock\":\"438\",\"precio\":\"600\",\"total\":\"9000\"},{\"id\":\"1\",\"descripcion\":\"Singler 30 ML\",\"cantidad\":\"2\",\"stock\":\"87\",\"precio\":\"4000\",\"total\":\"8000\"},{\"id\":\"38\",\"descripcion\":\"fundas de colores\",\"cantidad\":\"2\",\"stock\":\"642\",\"precio\":\"500\",\"total\":\"1000\"},{\"id\":\"60\",\"descripcion\":\"Faconable\",\"cantidad\":\"15\",\"stock\":\"254\",\"precio\":\"600\",\"total\":\"9000\"}]', 0, 36000, 36000, 'Efectivo', '2024-06-02 21:58:31', 0.00, 0.00),
(427, 10404, 125, 3, '[{\"id\":\"94\",\"descripcion\":\"DORSAY CABALLERO\",\"cantidad\":\"13\",\"stock\":\"432\",\"precio\":\"600\",\"total\":\"7800\"},{\"id\":\"60\",\"descripcion\":\"Faconable\",\"cantidad\":\"13\",\"stock\":\"241\",\"precio\":\"600\",\"total\":\"7800\"},{\"id\":\"82\",\"descripcion\":\"212 CABALLERO\",\"cantidad\":\"13\",\"stock\":\"505\",\"precio\":\"600\",\"total\":\"7800\"},{\"id\":\"51\",\"descripcion\":\"360 CABALLERO\",\"cantidad\":\"13\",\"stock\":\"443\",\"precio\":\"600\",\"total\":\"7800\"},{\"id\":\"54\",\"descripcion\":\"Angel Thery Caballero\",\"cantidad\":\"13\",\"stock\":\"368\",\"precio\":\"600\",\"total\":\"7800\"},{\"id\":\"38\",\"descripcion\":\"fundas de colores\",\"cantidad\":\"6\",\"stock\":\"636\",\"precio\":\"500\",\"total\":\"3000\"},{\"id\":\"1\",\"descripcion\":\"Singler 30 ML\",\"cantidad\":\"6\",\"stock\":\"81\",\"precio\":\"4000\",\"total\":\"18000\"}]', 0, 60000, 60000, 'Efectivo', '2024-06-02 22:04:10', 0.00, 0.00),
(430, 10407, 24, 1, '[{\"id\":\"147\",\"descripcion\":\"AZZARO\",\"cantidad\":\"1\",\"stock\":\"297\",\"precio\":\"600\",\"total\":\"600\"}]', 0, 600, 600, 'NEQUI-0', '2024-06-25 13:04:23', 0.00, 0.00),
(431, 10408, 24, 1, '[{\"id\":\"148\",\"descripcion\":\"CREED SILVER MONTAING\",\"cantidad\":\"1\",\"stock\":\"149\",\"precio\":\"600\",\"total\":\"600\"},{\"id\":\"147\",\"descripcion\":\"AZZARO\",\"cantidad\":\"1\",\"stock\":\"296\",\"precio\":\"600\",\"total\":\"600\"}]', 0, 1200, 1200, 'Efectivo', '2024-06-26 04:38:29', 0.00, 0.00),
(432, 10409, 26, 1, '[{\"id\":\"146\",\"descripcion\":\"MONTANA\",\"cantidad\":\"1\",\"stock\":\"169\",\"precio\":\"600\",\"total\":\"600\"}]', 0, 600, 600, 'NEQUI-0', '2024-06-27 15:10:50', 0.00, 0.00),
(433, 10410, 24, 1, '[{\"id\":\"148\",\"descripcion\":\"CREED SILVER MONTAING\",\"cantidad\":\"1\",\"stock\":\"148\",\"precio\":\"600\",\"total\":\"15000\"}]', 0, 15000, 15000, 'Efectivo', '2024-06-27 15:11:07', 0.00, 0.00),
(434, 10411, 25, 1, '[{\"id\":\"147\",\"descripcion\":\"AZZARO\",\"cantidad\":\"1\",\"stock\":\"295\",\"precio\":\"600\",\"total\":\"10000\"}]', 0, 10000, 10000, 'Crédito-0', '2024-06-27 15:11:28', 0.00, 0.00),
(435, 10412, 24, 1, '[{\"id\":\"148\",\"descripcion\":\"CREED SILVER MONTAING\",\"cantidad\":\"1\",\"stock\":\"147\",\"precio\":\"600\",\"total\":\"600\"}]', 0, 600, 600, 'Efectivo', '2024-07-20 03:15:59', 0.00, 0.00),
(436, 10413, 25, 1, '[{\"id\":\"148\",\"descripcion\":\"CREED SILVER MONTAING\",\"cantidad\":\"1\",\"stock\":\"146\",\"precio\":\"600\",\"total\":\"600\"}]', 0, 600, 600, 'Efectivo', '2024-07-20 03:20:18', 0.00, 0.00),
(437, 10414, 24, 1, '[{\"id\":\"148\",\"descripcion\":\"CREED SILVER MONTAING\",\"cantidad\":\"1\",\"stock\":\"145\",\"precio\":\"600\",\"total\":\"600\"}]', 0, 600, 600, 'Efectivo', '2024-07-20 03:24:43', 0.00, 0.00),
(438, 10415, 24, 1, '[{\"id\":\"147\",\"descripcion\":\"AZZARO\",\"cantidad\":\"10\",\"stock\":\"287\",\"precio\":\"600\",\"total\":\"6000\"}]', 0, 6000, 6000, 'Efectivo', '2024-07-20 03:31:37', 0.00, 0.00),
(439, 10416, 26, 1, '[{\"id\":\"148\",\"descripcion\":\"CREED SILVER MONTAING\",\"cantidad\":\"10\",\"stock\":\"135\",\"precio\":\"600\",\"total\":\"6000\"}]', 0, 6000, 6000, 'Efectivo', '2024-07-20 03:33:16', 0.00, 0.00),
(440, 10417, 24, 1, '[{\"id\":\"148\",\"descripcion\":\"CREED SILVER MONTAING\",\"cantidad\":\"1\",\"stock\":\"134\",\"precio\":\"600\",\"total\":\"600\"}]', 0, 600, 600, 'Efectivo', '2024-07-20 03:41:13', 0.00, 0.00),
(441, 10418, 24, 1, '[{\"id\":\"147\",\"descripcion\":\"AZZARO\",\"cantidad\":\"1\",\"stock\":\"286\",\"precio\":\"600\",\"total\":\"600\"}]', 0, 600, 600, 'Efectivo', '2024-07-20 03:44:27', 0.00, 0.00),
(442, 10419, 25, 1, '[{\"id\":\"146\",\"descripcion\":\"MONTANA\",\"cantidad\":\"1\",\"stock\":\"168\",\"precio\":\"600\",\"total\":\"600\"}]', 0, 600, 600, 'Efectivo', '2024-07-20 03:46:08', 0.00, 0.00),
(443, 10420, 24, 1, '[{\"id\":\"148\",\"descripcion\":\"CREED SILVER MONTAING\",\"cantidad\":\"1\",\"stock\":\"133\",\"precio\":\"600\",\"total\":\"600\"}]', 0, 600, 600, 'Efectivo', '2024-07-20 15:04:11', 0.00, 0.00),
(444, 10421, 25, 1, '[{\"id\":\"141\",\"descripcion\":\"BERRIES\",\"cantidad\":\"1\",\"stock\":\"249\",\"precio\":\"300\",\"total\":\"300\"}]', 0, 300, 300, 'NEQUI-0', '2024-07-20 15:04:32', 0.00, 0.00),
(445, 10422, 25, 1, '[{\"id\":\"148\",\"descripcion\":\"CREED SILVER MONTAING\",\"cantidad\":\"1\",\"stock\":\"132\",\"precio\":\"600\",\"total\":\"600\"}]', 0, 600, 600, 'Crédito-0', '2024-07-20 15:05:29', 0.00, 0.00);

--
-- Índices para tablas volcadas
--

--
-- Indices de la tabla `categorias`
--
ALTER TABLE `categorias`
  ADD PRIMARY KEY (`id`);

--
-- Indices de la tabla `clientes`
--
ALTER TABLE `clientes`
  ADD PRIMARY KEY (`id`);

--
-- Indices de la tabla `gastos`
--
ALTER TABLE `gastos`
  ADD PRIMARY KEY (`id`);

--
-- Indices de la tabla `productos`
--
ALTER TABLE `productos`
  ADD PRIMARY KEY (`id`),
  ADD UNIQUE KEY `codigo` (`codigo`),
  ADD UNIQUE KEY `codigo_2` (`codigo`);

--
-- Indices de la tabla `usuarios`
--
ALTER TABLE `usuarios`
  ADD PRIMARY KEY (`id`);

--
-- Indices de la tabla `ventas`
--
ALTER TABLE `ventas`
  ADD PRIMARY KEY (`id`);

--
-- AUTO_INCREMENT de las tablas volcadas
--

--
-- AUTO_INCREMENT de la tabla `categorias`
--
ALTER TABLE `categorias`
  MODIFY `id` int(11) NOT NULL AUTO_INCREMENT, AUTO_INCREMENT=28;

--
-- AUTO_INCREMENT de la tabla `clientes`
--
ALTER TABLE `clientes`
  MODIFY `id` int(11) NOT NULL AUTO_INCREMENT, AUTO_INCREMENT=460;

--
-- AUTO_INCREMENT de la tabla `gastos`
--
ALTER TABLE `gastos`
  MODIFY `id` int(50) NOT NULL AUTO_INCREMENT, AUTO_INCREMENT=11;

--
-- AUTO_INCREMENT de la tabla `productos`
--
ALTER TABLE `productos`
  MODIFY `id` int(11) NOT NULL AUTO_INCREMENT, AUTO_INCREMENT=149;

--
-- AUTO_INCREMENT de la tabla `usuarios`
--
ALTER TABLE `usuarios`
  MODIFY `id` int(11) NOT NULL AUTO_INCREMENT, AUTO_INCREMENT=4;

--
-- AUTO_INCREMENT de la tabla `ventas`
--
ALTER TABLE `ventas`
  MODIFY `id` int(11) NOT NULL AUTO_INCREMENT, AUTO_INCREMENT=446;
COMMIT;

/*!40101 SET CHARACTER_SET_CLIENT=@OLD_CHARACTER_SET_CLIENT */;
/*!40101 SET CHARACTER_SET_RESULTS=@OLD_CHARACTER_SET_RESULTS */;
/*!40101 SET COLLATION_CONNECTION=@OLD_COLLATION_CONNECTION */;
