-- phpMyAdmin SQL Dump
-- version 3.5.1
-- http://www.phpmyadmin.net
--
-- Servidor: localhost
-- Tiempo de generación: 09-07-2023 a las 15:04:31
-- Versión del servidor: 10.4.28-MariaDB
-- Versión de PHP: 5.4.3

SET SQL_MODE="NO_AUTO_VALUE_ON_ZERO";
SET time_zone = "+00:00";


/*!40101 SET @OLD_CHARACTER_SET_CLIENT=@@CHARACTER_SET_CLIENT */;
/*!40101 SET @OLD_CHARACTER_SET_RESULTS=@@CHARACTER_SET_RESULTS */;
/*!40101 SET @OLD_COLLATION_CONNECTION=@@COLLATION_CONNECTION */;
/*!40101 SET NAMES utf8 */;

--
-- Base de datos: `sis_inventario`
--

-- --------------------------------------------------------

--
-- Estructura de tabla para la tabla `categorias`
--

CREATE TABLE IF NOT EXISTS `categorias` (
  `id` int(11) NOT NULL AUTO_INCREMENT,
  `categoria` text NOT NULL,
  `fecha` timestamp NOT NULL DEFAULT current_timestamp() ON UPDATE current_timestamp(),
  PRIMARY KEY (`id`)
) ENGINE=InnoDB  DEFAULT CHARSET=utf8 COLLATE=utf8_spanish_ci AUTO_INCREMENT=21 ;

--
-- Volcado de datos para la tabla `categorias`
--

INSERT INTO `categorias` (`id`, `categoria`, `fecha`) VALUES
(1, 'Equipos Electromecánicos', '2017-12-21 20:53:29'),
(2, 'Taladros', '2017-12-21 20:53:29'),
(3, 'Andamios', '2017-12-21 20:53:29'),
(4, 'Generadores de energía', '2017-12-21 20:53:29'),
(5, 'Equipos para construcción', '2017-12-21 20:53:29'),
(6, 'Martillos mecánicos', '2017-12-21 23:06:40'),
(7, 'Implementos obra Blanca', '2023-06-13 03:27:41'),
(9, 'herramientas de construcción', '2023-06-13 04:53:39'),
(10, 'Electricidad', '2023-06-17 12:41:40'),
(11, 'Acabados', '2023-06-17 23:30:30'),
(12, 'Plomería ', '2023-06-17 23:30:14'),
(13, 'otros', '2023-06-17 10:33:00'),
(14, 'Pintura y vinilos', '2023-06-17 11:03:30'),
(15, 'Limpieza', '2023-06-17 11:37:47'),
(16, 'Herrajes y Cerradura', '2023-06-17 11:57:30'),
(17, 'Herramienta Menor', '2023-06-17 12:02:03'),
(18, 'Tubería Presion ', '2023-06-17 23:29:26'),
(19, 'Tubería Sanitaria ', '2023-06-17 23:29:51'),
(20, 'Sin Clasificar', '2023-06-19 23:58:55');

-- --------------------------------------------------------

--
-- Estructura de tabla para la tabla `clientes`
--

CREATE TABLE IF NOT EXISTS `clientes` (
  `id` int(11) NOT NULL AUTO_INCREMENT,
  `nombre` text NOT NULL,
  `documento` int(11) NOT NULL,
  `email` text NOT NULL,
  `telefono` text NOT NULL,
  `direccion` text NOT NULL,
  `fecha_nacimiento` date NOT NULL,
  `compras` int(11) NOT NULL,
  `ultima_compra` datetime NOT NULL,
  `fecha` timestamp NOT NULL DEFAULT current_timestamp() ON UPDATE current_timestamp(),
  PRIMARY KEY (`id`)
) ENGINE=InnoDB  DEFAULT CHARSET=utf8 COLLATE=utf8_spanish_ci AUTO_INCREMENT=24 ;

--
-- Volcado de datos para la tabla `clientes`
--

INSERT INTO `clientes` (`id`, `nombre`, `documento`, `email`, `telefono`, `direccion`, `fecha_nacimiento`, `compras`, `ultima_compra`, `fecha`) VALUES
(16, 'como fue', 2147483647, 's2@gmail.com', '(315) 613-1266', 'fdfhgdgh', '2020-12-12', -5, '2023-06-10 20:20:19', '2023-07-03 21:57:57'),
(18, 'cliente', 1111111, 'cliente@hotmail.com', '(311) 111-1111', 'here', '2023-06-11', 1266, '2023-06-23 05:01:46', '2023-06-23 10:01:46'),
(19, 'deudor', 111111111, 'cliente@hotmail.com', '(311) 111-1111', 'here', '2000-02-02', 53, '2023-06-23 01:58:19', '2023-06-23 06:58:19'),
(20, 'victor', 22222222, 'cliente@hotmail.com', '(311) 111-1111', 'here', '2000-02-02', 64, '2023-06-23 02:42:45', '2023-06-23 07:42:45'),
(21, 'marlon tramo 1', 2147483647, 'cliente@hotmail.com', '(311) 111-1111', 'here', '2000-02-02', 33, '2023-06-23 02:38:23', '2023-06-23 07:38:23'),
(22, 'VJL', 222222222, 'cliente@hotmail.com', '(322) 222-2222', 'here', '2000-02-02', 0, '0000-00-00 00:00:00', '2023-06-22 04:19:57'),
(23, 'manuel', 222222222, 'cliente@hotmail.com', '(322) 000-0000', 'here', '2000-02-02', 24, '2023-06-23 02:22:11', '2023-06-23 07:22:11');

-- --------------------------------------------------------

--
-- Estructura de tabla para la tabla `productos`
--

CREATE TABLE IF NOT EXISTS `productos` (
  `id` int(11) NOT NULL AUTO_INCREMENT,
  `id_categoria` int(11) NOT NULL,
  `codigo` varchar(20) NOT NULL,
  `descripcion` text NOT NULL,
  `imagen` text NOT NULL,
  `stock` int(11) NOT NULL,
  `precio_compra` float NOT NULL,
  `precio_venta` float NOT NULL,
  `ventas` int(11) NOT NULL,
  `fecha` timestamp NOT NULL DEFAULT current_timestamp() ON UPDATE current_timestamp(),
  `stock_t` int(20) NOT NULL,
  PRIMARY KEY (`id`),
  UNIQUE KEY `codigo` (`codigo`)
) ENGINE=InnoDB  DEFAULT CHARSET=utf8 COLLATE=utf8_spanish_ci AUTO_INCREMENT=1389 ;

--
-- Volcado de datos para la tabla `productos`
--

INSERT INTO `productos` (`id`, `id_categoria`, `codigo`, `descripcion`, `imagen`, `stock`, `precio_compra`, `precio_venta`, `ventas`, `fecha`, `stock_t`) VALUES
(1, 1, '2101', 'Aspiradora Industrial ', 'vistas/img/productos/101/105.png', 13, 1000, 1200, 2, '2023-07-09 06:20:29', 50),
(2, 1, '2102', 'Plato Flotante para Allanadora', 'vistas/img/productos/102/940.jpg', 6, 4500, 6300, 3, '2023-07-09 06:20:29', 10),
(3, 1, '2103', 'Compresor de Aire para pintura', 'vistas/img/productos/103/763.jpg', 13, 3000, 4200, 7, '2023-07-09 06:20:29', 30),
(4, 1, '2104', 'Cortadora de Adobe sin Disco ', 'vistas/img/productos/104/957.jpg', 18, 4000, 5600, 3, '2023-07-09 06:20:29', 50),
(5, 1, '2105', 'Cortadora de Piso sin Disco ', 'vistas/img/productos/105/630.jpg', 17, 1540, 2156, 7, '2023-07-09 06:20:29', 90),
(6, 1, '2106', 'Disco Punta Diamante ', 'vistas/img/productos/106/635.jpg', 14, 1100, 1540, 6, '2023-07-09 06:20:29', 40),
(12, 1, '01', 'Hidro lavadora Truper 2000', 'vistas/img/productos/default/anonymous.png', 1, 0, 920000, 0, '2023-06-11 21:35:49', 0),
(13, 1, '02', 'Hidro lavadora wolfox 1800', 'vistas/img/productos/default/anonymous.png', 1, 0, 430000, 0, '2023-06-11 21:37:41', 0),
(14, 2, '03', 'Taladro Pretul 20w', 'vistas/img/productos/default/anonymous.png', 1, 0, 325000, 0, '2023-06-11 21:40:43', 0),
(15, 2, '04', 'Taladro Pretul 12w', 'vistas/img/productos/default/anonymous.png', 1, 0, 195000, 0, '2023-06-13 02:48:49', 0),
(16, 2, '05', 'Taladro Black and Decker 550w', 'vistas/img/productos/default/anonymous.png', 1, 0, 185000, 0, '2023-06-13 02:41:07', 0),
(18, 2, '07', 'Pulidora Black and Decker 650w', 'vistas/img/productos/default/anonymous.png', 1, 0, 185000, 0, '2023-06-13 02:55:53', 0),
(19, 2, '06', 'Pulidora Black and Decker 820w', 'vistas/img/productos/default/anonymous.png', 1, 0, 225000, 0, '2023-06-13 03:07:14', 0),
(20, 2, '08', 'Pulidora Toolcraft 1900w', 'vistas/img/productos/default/anonymous.png', 1, 0, 365000, 0, '2023-06-13 03:09:10', 0),
(21, 2, '09', 'Pulidora Toolcraft 900w', 'vistas/img/productos/default/anonymous.png', 0, 0, 0, 0, '2023-06-13 03:12:51', 0),
(22, 2, '10', 'Pulidora Stanley 620w', 'vistas/img/productos/default/anonymous.png', 0, 0, 165000, 1, '2023-06-23 06:43:31', 0),
(23, 2, '11', 'Pulidora Wolfox', 'vistas/img/productos/default/anonymous.png', 0, 0, 165000, 0, '2023-06-13 03:17:48', 0),
(24, 2, '12', 'Pulidora Inalámbrica Total 20v ', 'vistas/img/productos/default/anonymous.png', 1, 0, 780000, 0, '2023-06-13 03:19:26', 0),
(25, 1, '13', 'Pistola de Calor Truper 1500w', 'vistas/img/productos/default/anonymous.png', 1, 0, 185000, 0, '2023-06-13 03:21:07', 0),
(26, 7, '14', 'Espátula Plástica ', 'vistas/img/productos/default/anonymous.png', 8, 0, 2000, 5, '2023-06-23 09:31:36', 0),
(27, 7, '15', 'Espátula Metálica 1 media', 'vistas/img/productos/default/anonymous.png', 4, 0, 2500, 0, '2023-06-17 14:58:57', 0),
(28, 7, '16', 'Espátula Metálica 2', 'vistas/img/productos/default/anonymous.png', 11, 0, 3800, 0, '2023-06-17 15:01:11', 0),
(29, 7, '17', 'Espátula Metálica 3', 'vistas/img/productos/default/anonymous.png', 5, 0, 4800, 1, '2023-06-20 19:04:17', 0),
(30, 7, '18', 'Espátula Metálica 4', 'vistas/img/productos/default/anonymous.png', 3, 0, 5500, 0, '2023-06-17 15:02:23', 0),
(31, 7, '19', 'Espátula Metálica 5', 'vistas/img/productos/default/anonymous.png', 6, 0, 6500, 0, '2023-06-17 15:02:58', 0),
(32, 7, '20', 'Espátula acero Inoxidable 2', 'vistas/img/productos/default/anonymous.png', 4, 0, 14000, 0, '2023-06-13 04:13:23', 0),
(33, 7, '21', 'Espátula acero Inoxidable 3', 'vistas/img/productos/default/anonymous.png', 0, 0, 0, 0, '2023-06-13 04:14:17', 0),
(34, 7, '22', 'Espátula acero Inoxidable 4', 'vistas/img/productos/default/anonymous.png', 3, 0, 18000, 1, '2023-06-20 09:07:24', 0),
(35, 7, '23', 'Espátula acero Inoxidable 5', 'vistas/img/productos/default/anonymous.png', 3, 0, 19500, 0, '2023-06-17 15:04:33', 0),
(36, 7, '24', 'Espátula acero Inoxidable 6', 'vistas/img/productos/default/anonymous.png', 2, 0, 23000, 0, '2023-06-13 04:17:26', 0),
(37, 7, '25', 'Dilatación Cerámica 4mm ', 'vistas/img/productos/default/anonymous.png', 10, 0, 2500, 0, '2023-06-17 13:33:56', 0),
(38, 7, '26', 'Dilatación Cerámica 3mm ', 'vistas/img/productos/default/anonymous.png', 10, 0, 2500, 0, '2023-06-17 13:34:33', 0),
(39, 7, '27', 'Dilatación Cerámica 2mm ', 'vistas/img/productos/default/anonymous.png', 24, 0, 2500, 0, '2023-06-21 20:24:52', 0),
(40, 7, '28', 'Dilatación Cerámica 1 5mm ', 'vistas/img/productos/default/anonymous.png', 28, 0, 2000, 0, '2023-06-21 20:24:30', 0),
(41, 5, '29', 'Puntilla hierro 1media', 'vistas/img/productos/default/anonymous.png', 4, 0, 5000, 2, '2023-06-21 19:05:38', 0),
(42, 5, '30', 'Puntilla hierro 2', 'vistas/img/productos/default/anonymous.png', 43, 0, 5000, 1, '2023-06-21 21:15:33', 0),
(43, 5, '31', 'Puntilla hierro 2 media', 'vistas/img/productos/default/anonymous.png', 39, 0, 5000, 5, '2023-06-23 08:31:42', 0),
(44, 5, '32', 'Puntilla hierro 3', 'vistas/img/productos/default/anonymous.png', 29, 0, 0, 2, '2023-06-20 21:35:19', 0),
(45, 5, '33', 'Puntilla hierro 3 media', 'vistas/img/productos/default/anonymous.png', 58, 0, 5000, 3, '2023-06-22 20:43:04', 0),
(46, 5, '34', 'Puntilla hierro 4', 'vistas/img/productos/default/anonymous.png', 27, 0, 5000, 0, '2023-06-17 18:34:47', 0),
(47, 5, '35', 'Puntilla acero 1 por unidad ', 'vistas/img/productos/default/anonymous.png', 0, 0, 100, 0, '2023-06-13 04:37:42', 0),
(48, 5, '36', 'Puntilla acero 1 vertical ', 'vistas/img/productos/default/anonymous.png', 0, 0, 9800, 0, '2023-06-13 04:39:02', 0),
(49, 5, '37', 'Puntilla acero 1media vertical ', 'vistas/img/productos/default/anonymous.png', 8, 0, 9800, 0, '2023-06-17 13:36:01', 0),
(50, 5, '38', 'Puntilla acero 2 vertical ', 'vistas/img/productos/default/anonymous.png', 0, 0, 9800, 2, '2023-06-22 04:48:25', 0),
(51, 5, '39', 'Puntilla acero 2media vertical ', 'vistas/img/productos/default/anonymous.png', 0, 0, 9800, 2, '2023-06-23 07:38:23', 0),
(52, 5, '40', 'Puntilla acero 3 vertical ', 'vistas/img/productos/default/anonymous.png', 10, 0, 9800, 0, '2023-06-13 04:44:40', 0),
(53, 5, '41', 'Cinta Peligro 50mt', 'vistas/img/productos/default/anonymous.png', 8, 0, 9000, 0, '2023-06-17 15:21:31', 0),
(54, 5, '42', 'Cinta Peligro 100mt', 'vistas/img/productos/default/anonymous.png', 7, 0, 14000, 0, '2023-06-17 21:12:50', 0),
(55, 9, '43', 'Lima Triangular Truper', 'vistas/img/productos/default/anonymous.png', 11, 0, 7000, 0, '2023-06-17 11:52:59', 0),
(56, 9, '44', 'Lima Media Luna', 'vistas/img/productos/default/anonymous.png', 5, 0, 12000, 0, '2023-06-13 04:57:04', 0),
(57, 9, '45', 'Lima Plana Truper', 'vistas/img/productos/default/anonymous.png', 3, 0, 0, 0, '2023-06-18 01:52:19', 0),
(58, 11, '46', 'Cinta Transparente 40mt', 'vistas/img/productos/default/anonymous.png', 9, 0, 7000, 1, '2023-06-21 20:14:34', 0),
(59, 11, '47', 'Cinta Transparente 150mt', 'vistas/img/productos/default/anonymous.png', 36, 0, 14000, 0, '2023-06-17 19:20:40', 0),
(60, 11, '48', 'Cinta Cafe 50mt', 'vistas/img/productos/default/anonymous.png', 7, 0, 6000, 0, '2023-06-17 09:45:13', 0),
(61, 11, '49', 'Cinta Cafe 150mt', 'vistas/img/productos/default/anonymous.png', 6, 0, 14000, 0, '2023-06-17 16:08:05', 0),
(62, 11, '50', 'Cinta Enmascarar 1pulgada', 'vistas/img/productos/default/anonymous.png', 3, 0, 7000, 1, '2023-06-20 08:56:48', 0),
(63, 11, '51', 'Cinta Enmascarar 1media pulgada', 'vistas/img/productos/default/anonymous.png', 14, 0, 14000, 0, '2023-06-17 16:05:07', 0),
(64, 11, '52', 'Cinta Enmascarar 2 pulgada', 'vistas/img/productos/default/anonymous.png', 1, 0, 8000, 0, '2023-06-17 09:51:08', 0),
(65, 10, '53', 'Cinta Aislante 3M 9m', 'vistas/img/productos/default/anonymous.png', 4, 0, 9000, 1, '2023-06-20 22:42:49', 0),
(66, 10, '54', 'Cinta Aislante 3M 5m', 'vistas/img/productos/default/anonymous.png', 5, 0, 7500, 1, '2023-06-20 18:44:50', 0),
(67, 10, '55', 'Cinta Aislante económica', 'vistas/img/productos/default/anonymous.png', 0, 0, 4000, 0, '2023-06-17 09:54:24', 0),
(68, 10, '56', 'Cinta Aislante colores', 'vistas/img/productos/default/anonymous.png', 11, 0, 4000, 1, '2023-06-21 19:32:00', 0),
(69, 12, '57', 'Teflón industrial', 'vistas/img/productos/default/anonymous.png', 31, 0, 3000, 6, '2023-06-23 07:42:45', 0),
(71, 12, '58', 'Teflón ', 'vistas/img/productos/default/anonymous.png', 75, 0, 1000, 4, '2023-06-23 06:29:24', 0),
(72, 9, '59', 'Broca Muro 3 octavos', 'vistas/img/productos/default/anonymous.png', 9, 0, 9000, 1, '2023-06-23 06:29:25', 0),
(73, 9, '60', 'Broca Muro 5 dieciséis', 'vistas/img/productos/default/anonymous.png', 8, 0, 7000, 0, '2023-06-18 02:10:31', 0),
(74, 9, '61', 'Broca Muro 3dieciséis', 'vistas/img/productos/default/anonymous.png', 7, 0, 4000, 1, '2023-06-22 20:43:04', 0),
(75, 9, '62', 'Broca Muro 1cuarto', 'vistas/img/productos/default/anonymous.png', 19, 0, 7000, 1, '2023-06-22 20:43:04', 0),
(76, 9, '63', 'Broca Muro 5 treinta dos', 'vistas/img/productos/default/anonymous.png', 5, 0, 0, 0, '2023-06-18 02:08:40', 0),
(77, 9, '64', 'Broca Muro media', 'vistas/img/productos/default/anonymous.png', 0, 0, 0, 0, '2023-06-17 10:10:14', 0),
(79, 9, '65', 'Broca Muro media x 6pulgadas', 'vistas/img/productos/default/anonymous.png', 5, 0, 0, 0, '2023-06-17 10:14:21', 0),
(80, 9, '66', 'Broca Muro media x 12 pulgadas', 'vistas/img/productos/default/anonymous.png', 1, 0, 0, 0, '2023-06-17 10:15:39', 0),
(81, 9, '67', 'Broca Muro 5 dieciséis x 6', 'vistas/img/productos/default/anonymous.png', 5, 0, 0, 0, '2023-06-17 10:18:36', 0),
(82, 9, '68', 'Broca lamina media', 'vistas/img/productos/default/anonymous.png', 1, 0, 0, 0, '2023-06-17 10:20:35', 0),
(83, 9, '69', 'Broca Lamina 3 octavos', 'vistas/img/productos/default/anonymous.png', 10, 0, 18000, 0, '2023-06-18 02:12:47', 0),
(84, 9, '70', 'Broca Lamina 5 dieciséis ', 'vistas/img/productos/default/anonymous.png', 10, 0, 13000, 2, '2023-06-23 06:29:25', 0),
(85, 9, '71', 'Broca Lamina 1cuarto', 'vistas/img/productos/default/anonymous.png', 14, 0, 7000, 0, '2023-06-18 01:12:55', 0),
(86, 9, '72', 'Broca Lamina 5 treinta y dos', 'vistas/img/productos/default/anonymous.png', 3, 0, 4500, 3, '2023-06-23 09:21:08', 0),
(87, 9, '73', 'Broca Lamina 9 sesenta y cuatro', 'vistas/img/productos/default/anonymous.png', 5, 0, 4000, 2, '2023-06-20 18:44:50', 0),
(88, 9, '74', 'Broca Lamina 1octavo', 'vistas/img/productos/default/anonymous.png', 6, 0, 4500, 0, '2023-06-17 10:28:59', 0),
(89, 9, '75', 'Broca Lamina 3 treinta y dos', 'vistas/img/productos/default/anonymous.png', 23, 0, 4500, 1, '2023-06-23 06:29:25', 0),
(90, 9, '76', 'Broca Lamina 7 sesenta y cuatro', 'vistas/img/productos/default/anonymous.png', 5, 0, 4000, 0, '2023-06-17 10:31:10', 0),
(91, 11, '77', 'Bisturí Pretul ', 'vistas/img/productos/default/anonymous.png', 5, 0, 12000, 2, '2023-06-23 09:43:54', 0),
(92, 11, '78', 'Bisturí Wolfox ', 'vistas/img/productos/default/anonymous.png', 2, 0, 24000, 0, '2023-06-17 10:36:53', 0),
(93, 9, '79', 'Bisturí Globa', 'vistas/img/productos/default/anonymous.png', 1, 0, 8000, 2, '2023-06-21 19:32:00', 0),
(94, 9, '80', 'Bisturí económico', 'vistas/img/productos/default/anonymous.png', 12, 0, 2000, 0, '2023-06-17 15:18:05', 0),
(95, 13, '81', 'Grasa industrial', 'vistas/img/productos/default/anonymous.png', 1, 0, 12000, 0, '2023-06-18 01:22:01', 0),
(96, 13, '82', 'Colbon caneca', 'vistas/img/productos/default/anonymous.png', 0, 0, 14000, 0, '2023-06-17 15:42:40', 0),
(97, 13, '83', 'Colbon Botella', 'vistas/img/productos/default/anonymous.png', 7, 0, 19000, 0, '2023-06-17 10:42:40', 0),
(98, 13, '84', 'Solución Bóxer Caneca', 'vistas/img/productos/default/anonymous.png', 3, 0, 7000, 0, '2023-06-17 10:45:18', 0),
(99, 13, '85', 'Solución Bóxer Botella', 'vistas/img/productos/default/anonymous.png', 2, 0, 14000, 0, '2023-06-17 10:46:04', 0),
(101, 12, '86', 'Solución Bóxer 60cm', 'vistas/img/productos/default/anonymous.png', 8, 0, 4500, 0, '2023-06-17 15:45:31', 0),
(102, 13, '87', 'Solución Bóxer 45cm', 'vistas/img/productos/default/anonymous.png', 6, 0, 4000, 3, '2023-06-23 09:43:54', 0),
(103, 13, '88', 'Alcohol Industrial Caneca', 'vistas/img/productos/default/anonymous.png', 0, 0, 7000, 1, '2023-06-23 09:21:08', 0),
(104, 1, '89', 'Lijadora Furus', 'vistas/img/productos/default/anonymous.png', 0, 0, 0, 0, '2023-06-17 10:51:49', 0),
(105, 1, '90', 'Bomba Sumergible', 'vistas/img/productos/default/anonymous.png', 1, 0, 368000, 0, '2023-06-17 10:53:06', 0),
(106, 1, '91', 'Batería Repuesto 20v ', 'vistas/img/productos/default/anonymous.png', 1, 0, 133000, 0, '2023-06-17 11:05:37', 0),
(107, 1, '92', 'Batería Repuesto 12v ', 'vistas/img/productos/default/anonymous.png', 1, 0, 82600, 0, '2023-06-17 11:04:44', 0),
(108, 9, '93', 'Nivel Laser', 'vistas/img/productos/default/anonymous.png', 2, 0, 63000, 0, '2023-06-17 11:08:18', 0),
(109, 9, '95', 'Nivel Toolcraft', 'vistas/img/productos/default/anonymous.png', 3, 0, 10000, 0, '2023-06-17 11:09:25', 0),
(110, 9, '94', 'Nivel 12 pulgadas gris', 'vistas/img/productos/default/anonymous.png', 5, 0, 10000, 0, '2023-06-18 03:49:25', 0),
(111, 9, '96', 'Nivel 16 pulgadas', 'vistas/img/productos/default/anonymous.png', 5, 0, 17000, 0, '2023-06-17 11:43:05', 0),
(112, 10, '97', 'Multímetro Digital Gancho Fulgore', 'vistas/img/productos/default/anonymous.png', 1, 0, 76500, 0, '2023-06-17 11:13:38', 0),
(113, 10, '98', 'Multímetro Digital  Fulgore', 'vistas/img/productos/default/anonymous.png', 3, 0, 38000, 0, '2023-06-17 11:14:21', 0),
(114, 10, '99', 'Pinza Pela Cable Profesional', 'vistas/img/productos/default/anonymous.png', 2, 0, 66500, 0, '2023-06-17 14:11:23', 0),
(115, 10, '100', 'Juego Destornillador Pretul', 'vistas/img/productos/default/anonymous.png', 1, 0, 20000, 1, '2023-06-22 21:32:17', 0),
(116, 9, '101', 'bugí Plastico ', 'vistas/img/productos/default/anonymous.png', 1, 0, 285000, 0, '2023-06-17 11:19:25', 0),
(117, 9, '102', 'Bugí Metalico ', 'vistas/img/productos/default/anonymous.png', 2, 0, 285000, 0, '2023-06-17 19:10:56', 0),
(118, 14, '103', 'Pistola para Pintar', 'vistas/img/productos/default/anonymous.png', 2, 0, 63000, 0, '2023-06-18 01:07:07', 0),
(119, 12, '104', 'Cortadora de Tubo 1cinco octavos', 'vistas/img/productos/default/anonymous.png', 2, 0, 34500, 0, '2023-06-17 11:22:42', 0),
(120, 14, '105', 'Caneca Varsol', 'vistas/img/productos/default/anonymous.png', 4, 0, 7000, 0, '2023-06-17 11:23:49', 0),
(121, 14, '106', 'Piedra para Asentar Truper', 'vistas/img/productos/default/anonymous.png', 2, 0, 18000, 0, '2023-06-17 11:25:11', 0),
(122, 13, '107', 'Bascula para Cocina Truper', 'vistas/img/productos/default/anonymous.png', 2, 0, 25000, 0, '2023-06-17 11:27:48', 0),
(123, 13, '108', 'Vaselina Industrial', 'vistas/img/productos/default/anonymous.png', 5, 0, 12000, 0, '2023-06-17 11:28:41', 0),
(124, 7, '109', 'Tijera de Aviación Izquierda Toolcraft', 'vistas/img/productos/default/anonymous.png', 4, 0, 32500, 0, '2023-06-17 11:30:04', 0),
(125, 7, '110', 'Tijera de Aviación 10 pulgadas ', 'vistas/img/productos/default/anonymous.png', 4, 0, 24000, 0, '2023-06-17 11:31:08', 0),
(126, 7, '111', 'Tijera de Aviación 8 pulgadas ', 'vistas/img/productos/default/anonymous.png', 4, 0, 0, 0, '2023-06-17 11:31:55', 0),
(127, 9, '112', 'Decámetro Truper 50mt', 'vistas/img/productos/default/anonymous.png', 1, 0, 67000, 0, '2023-06-17 11:32:51', 0),
(128, 9, '113', 'Decámetro Truper 30mt', 'vistas/img/productos/default/anonymous.png', 0, 0, 0, 0, '2023-06-17 11:33:21', 0),
(129, 13, '114', 'Grapadora Industrial', 'vistas/img/productos/default/anonymous.png', 1, 0, 38000, 1, '2023-06-20 22:42:49', 0),
(130, 13, '115', 'Grapadora Industrial Toolcraft', 'vistas/img/productos/default/anonymous.png', 1, 0, 42000, 0, '2023-06-17 11:35:15', 0),
(131, 13, '116', 'Prensa Esquinera 3 pulgadas Truper', 'vistas/img/productos/default/anonymous.png', 2, 0, 0, 0, '2023-06-17 11:36:58', 0),
(132, 15, '117', 'Fumigadora Jardinera Toolcraft 1 galón', 'vistas/img/productos/default/anonymous.png', 2, 0, 55000, 0, '2023-06-18 01:02:15', 0),
(133, 15, '118', 'Fumigadora Jardinera Ergo 5L', 'vistas/img/productos/default/anonymous.png', 2, 0, 65000, 0, '2023-06-17 11:40:44', 0),
(134, 15, '119', 'Fumigadora Jardinera Wolfox Mochila ', 'vistas/img/productos/default/anonymous.png', 1, 0, 185000, 0, '2023-06-17 11:41:37', 0),
(135, 9, '120', 'Martillo Señoritero', 'vistas/img/productos/default/anonymous.png', 5, 0, 12000, 0, '2023-06-17 11:45:00', 0),
(136, 9, '121', 'Martillo Hierro ', 'vistas/img/productos/default/anonymous.png', 2, 0, 19000, 0, '2023-06-17 11:45:49', 0),
(137, 9, '123', 'Martillo Cabo Madera 25', 'vistas/img/productos/default/anonymous.png', 6, 0, 17500, 0, '2023-06-21 20:17:47', 0),
(138, 15, '122', 'Cepillo Alambre Madera', 'vistas/img/productos/default/anonymous.png', 19, 0, 6000, 0, '2023-06-17 11:47:31', 0),
(139, 15, '124', 'Cepillo Alambre Esátula', 'vistas/img/productos/default/anonymous.png', 3, 0, 8000, 0, '2023-06-17 11:48:16', 0),
(140, 15, '125', 'Cepillo Alambre Mango Pasta', 'vistas/img/productos/default/anonymous.png', 5, 0, 5000, 0, '2023-06-17 11:49:26', 0),
(141, 9, '126', 'Cincel Pala', 'vistas/img/productos/default/anonymous.png', 3, 0, 14500, 1, '2023-06-20 15:58:21', 0),
(142, 9, '127', 'Cincel Punta', 'vistas/img/productos/default/anonymous.png', 2, 0, 14500, 0, '2023-06-17 11:52:09', 0),
(143, 9, '128', 'Lima Redonda sin Cabo', 'vistas/img/productos/default/anonymous.png', 7, 0, 6000, 0, '2023-06-17 11:54:33', 0),
(144, 9, '129', 'Hoja Segueta Económica ', 'vistas/img/productos/default/anonymous.png', 49, 0, 3000, 0, '2023-06-17 11:55:55', 0),
(145, 9, '130', 'Hoja Segueta Fina', 'vistas/img/productos/default/anonymous.png', 43, 0, 5000, 2, '2023-06-21 19:32:00', 0),
(146, 17, '131', 'Alicate Económica', 'vistas/img/productos/default/anonymous.png', 4, 0, 19500, 0, '2023-06-17 12:04:35', 0),
(147, 16, '132', 'Chapa Bola Madera Baño', 'vistas/img/productos/default/anonymous.png', 8, 0, 25000, 1, '2023-06-21 20:04:10', 0),
(148, 16, '133', 'Chapa Bola Metálica Baño', 'vistas/img/productos/default/anonymous.png', 10, 0, 25000, 0, '2023-06-17 12:07:31', 0),
(149, 16, '135', 'Chapa Bola Madera Alcoba', 'vistas/img/productos/default/anonymous.png', 15, 0, 25000, 0, '2023-06-18 01:13:34', 0),
(150, 16, '134', 'Chapa Bola Metálica Alcoba', 'vistas/img/productos/default/anonymous.png', 4, 0, 25000, 0, '2023-06-17 12:10:46', 0),
(151, 16, '136', 'Cerradura Doble llave Hermex', 'vistas/img/productos/default/anonymous.png', 5, 0, 43000, 0, '2023-06-17 12:13:25', 0),
(152, 16, '137', 'Cerradura Plata llave Hermex', 'vistas/img/productos/default/anonymous.png', 2, 0, 43000, 0, '2023-06-17 12:14:24', 0),
(153, 16, '138', 'Cerradura Manila Recta  Baño Top Forge ', 'vistas/img/productos/default/anonymous.png', 3, 0, 42000, 0, '2023-06-17 14:03:46', 0),
(154, 16, '139', 'Cerradura Manila Recta  Alcoba Top Forge ', 'vistas/img/productos/default/anonymous.png', 1, 0, 48000, 0, '2023-06-17 12:23:43', 0),
(155, 16, '140', 'Cerradura Manija Industrial Alcoba', 'vistas/img/productos/default/anonymous.png', 3, 0, 58500, 0, '2023-06-17 14:03:07', 0),
(156, 16, '141', 'Cerradura Manija Industrial Baño', 'vistas/img/productos/default/anonymous.png', 2, 0, 55000, 0, '2023-06-17 12:27:20', 0),
(157, 16, '142', 'Cerradura Manija Vera Alcoba', 'vistas/img/productos/default/anonymous.png', 1, 0, 43000, 3, '2023-06-22 06:19:38', 0),
(158, 16, '143', 'Cerradura Tubular Pomo Dorado', 'vistas/img/productos/default/anonymous.png', 1, 0, 35000, 0, '2023-06-17 12:29:21', 0),
(159, 17, '144', 'Porra Mango Madera Toolcraft 4L', 'vistas/img/productos/default/anonymous.png', 4, 0, 45000, 0, '2023-06-17 12:31:02', 0),
(160, 17, '145', 'Hombre Solo Wolfoxb10 pulgadas', 'vistas/img/productos/default/anonymous.png', 4, 0, 24500, 0, '2023-06-17 12:33:40', 0),
(161, 17, '146', 'Pinza 8 pulgadas', 'vistas/img/productos/default/anonymous.png', 4, 0, 16500, 0, '2023-06-17 12:34:57', 0),
(162, 10, '147', 'Pinza Eléctrica Wolfox 8 pulgadas  Profesional', 'vistas/img/productos/default/anonymous.png', 1, 0, 20000, 0, '2023-06-17 12:37:12', 0),
(163, 10, '148', 'Pinza Eléctrica  8 pulgadas  Wolfox', 'vistas/img/productos/default/anonymous.png', 1, 0, 18000, 0, '2023-06-17 12:38:59', 0),
(164, 10, '149', 'Minibreakers C40', 'vistas/img/productos/default/anonymous.png', 11, 0, 18000, 0, '2023-06-17 12:41:21', 0),
(165, 10, '150', 'Minibreakers C20', 'vistas/img/productos/default/anonymous.png', 5, 0, 18000, 2, '2023-06-23 10:01:46', 0),
(166, 10, '151', 'Minibreakers C32', 'vistas/img/productos/default/anonymous.png', 5, 0, 18000, 0, '2023-06-17 12:43:05', 0),
(167, 10, '152', 'Minibreakers C63', 'vistas/img/productos/default/anonymous.png', 11, 0, 18000, 0, '2023-06-17 12:43:40', 0),
(168, 10, '155', 'Minibreakers C50', 'vistas/img/productos/default/anonymous.png', 7, 0, 18000, 0, '2023-06-17 12:44:16', 0),
(169, 10, '153', 'Minibreakers C16', 'vistas/img/productos/default/anonymous.png', 7, 0, 18000, 2, '2023-06-23 10:01:46', 0),
(170, 10, '154', 'Breakers 15A', 'vistas/img/productos/default/anonymous.png', 8, 0, 14500, 0, '2023-06-17 12:46:14', 0),
(171, 10, '156', 'Breakers 30A', 'vistas/img/productos/default/anonymous.png', 9, 0, 14500, 0, '2023-06-17 12:47:36', 0),
(172, 10, '157', 'Breakers 20A', 'vistas/img/productos/default/anonymous.png', 17, 0, 13500, 0, '2023-06-23 07:46:21', 0),
(173, 10, '158', 'Breakers 40A', 'vistas/img/productos/default/anonymous.png', 2, 0, 14500, 0, '2023-06-17 12:50:18', 0),
(174, 10, '159', 'Breakers 15A negro', 'vistas/img/productos/default/anonymous.png', 8, 0, 14500, 0, '2023-06-17 12:52:01', 0),
(175, 10, '160', 'Minibreakers C20 Pacha', 'vistas/img/productos/default/anonymous.png', 3, 0, 28500, 0, '2023-06-17 12:54:04', 0),
(176, 10, '161', 'Minibreakers C16 Pacha', 'vistas/img/productos/default/anonymous.png', 6, 0, 28500, 0, '2023-06-17 12:54:53', 0),
(177, 10, '162', 'Minibreakers C32 Pacha', 'vistas/img/productos/default/anonymous.png', 6, 0, 28500, 0, '2023-06-17 12:55:29', 0),
(178, 10, '163', 'T Coaxial ', 'vistas/img/productos/default/anonymous.png', 118, 0, 2000, 1, '2023-06-20 16:05:13', 0),
(179, 10, '164', 'Unión Coaxial', 'vistas/img/productos/default/anonymous.png', 74, 0, 1500, 2, '2023-06-23 06:43:31', 0),
(180, 10, '167', 'Terminal Coaxial', 'vistas/img/productos/default/anonymous.png', 292, 0, 1000, 6, '2023-06-21 20:04:10', 0),
(181, 10, '165', 'Terminal Coaxial Ponchar', 'vistas/img/productos/default/anonymous.png', 43, 0, 2500, 1, '2023-06-22 04:17:27', 0),
(182, 1, '166', 'Cepillo Caladora Truper', 'vistas/img/productos/default/anonymous.png', 1, 0, 365000, 0, '2023-06-17 13:04:28', 0),
(183, 14, '168', 'Kit 10 Piezas Montadas Toolcraft', 'vistas/img/productos/default/anonymous.png', 3, 0, 29500, 0, '2023-06-17 13:12:08', 0),
(184, 14, '169', 'kit 4 piezas', 'vistas/img/productos/default/anonymous.png', 1, 0, 0, 0, '2023-06-17 13:11:44', 0),
(185, 1, '170', 'Batería Repuesto 20v Total', 'vistas/img/productos/default/anonymous.png', 1, 0, 0, 0, '2023-06-17 13:13:59', 0),
(186, 11, '171', 'Broca Azulejo 3 dieciséis ', 'vistas/img/productos/default/anonymous.png', 2, 0, 0, 0, '2023-06-17 13:16:53', 0),
(187, 11, '172', 'Broca Azulejo 1 cuarto', 'vistas/img/productos/default/anonymous.png', 2, 0, 0, 0, '2023-06-17 13:17:58', 0),
(188, 13, '173', 'Cerrojo Cajón Top Forge ', 'vistas/img/productos/default/anonymous.png', 1, 0, 10000, 0, '2023-06-17 13:19:03', 0),
(189, 16, '174', 'cerradura Mueble Hermex', 'vistas/img/productos/default/anonymous.png', 2, 0, 8500, 0, '2023-06-17 13:20:35', 0),
(190, 1, '176', 'Cierra Eléctrica 1200w  Toolcraft', 'vistas/img/productos/default/anonymous.png', 2, 0, 0, 0, '2023-06-18 01:04:14', 0),
(191, 15, '177', 'Traperos ', 'vistas/img/productos/default/anonymous.png', 23, 0, 8000, 3, '2023-06-23 09:21:08', 0),
(192, 15, '178', 'Cepillo Piso', 'vistas/img/productos/default/anonymous.png', 14, 0, 6000, 0, '2023-06-17 13:27:20', 0),
(193, 15, '179', 'palos Escobas', 'vistas/img/productos/default/anonymous.png', 33, 0, 3500, 0, '2023-06-17 19:09:38', 0),
(194, 15, '180', 'Recogedor ', 'vistas/img/productos/default/anonymous.png', 9, 0, 6000, 0, '2023-06-17 19:12:04', 0),
(195, 15, '181', 'Escoba Dura ', 'vistas/img/productos/default/anonymous.png', 2, 0, 8000, 0, '2023-06-17 13:30:15', 0),
(196, 15, '182', 'Rastrillo Pretul', 'vistas/img/productos/default/anonymous.png', 1, 0, 19000, 0, '2023-06-17 13:31:01', 0),
(197, 15, '183', 'escoba Estopa', 'vistas/img/productos/default/anonymous.png', 1, 0, 0, 0, '2023-06-17 13:31:34', 0),
(198, 5, '184', 'Plomada', 'vistas/img/productos/default/anonymous.png', 2, 0, 14000, 0, '2023-06-17 14:42:16', 0),
(199, 14, '185', 'Balde Ico', 'vistas/img/productos/default/anonymous.png', 3, 0, 152000, 0, '2023-06-17 13:40:32', 0),
(200, 14, '186', 'Balde Estuco Interior', 'vistas/img/productos/default/anonymous.png', 0, 0, 48000, 2, '2023-06-23 09:21:08', 0),
(201, 14, '187', 'Balde Estuco Interior Exterior', 'vistas/img/productos/default/anonymous.png', 0, 0, 58000, 1, '2023-06-23 09:21:08', 0),
(202, 14, '188', 'Cuñete Ico', 'vistas/img/productos/default/anonymous.png', 2, 0, 265000, 1, '2023-06-23 09:05:01', 0),
(203, 11, '189', 'Galón Sikawall Exterior ', 'vistas/img/productos/default/anonymous.png', 1, 0, 48000, 0, '2023-06-17 13:44:13', 0),
(204, 11, '190', 'Cuñete Estuco Corona Exterior', 'vistas/img/productos/default/anonymous.png', 5, 0, 0, 0, '2023-06-17 18:58:59', 0),
(205, 11, '191', 'Galón estuco Corona Interior  ', 'vistas/img/productos/default/anonymous.png', 7, 0, 25000, 0, '2023-06-17 13:45:48', 0),
(206, 11, '192', 'Balde Estuco Relleno', 'vistas/img/productos/default/anonymous.png', 1, 0, 0, 0, '2023-06-17 13:47:03', 0),
(207, 9, '193', 'Escalera Truper 6p', 'vistas/img/productos/default/anonymous.png', 1, 0, 465000, 0, '2023-06-17 13:50:43', 0),
(208, 9, '194', 'Escalera Truper 4p', 'vistas/img/productos/default/anonymous.png', 2, 0, 295000, 0, '2023-06-17 13:51:20', 0),
(209, 9, '195', 'Escalera Truper 3p', 'vistas/img/productos/default/anonymous.png', 1, 0, 238000, 0, '2023-06-17 13:51:56', 0),
(210, 9, '196', 'Escalera Truper 2p', 'vistas/img/productos/default/anonymous.png', 1, 0, 225000, 0, '2023-06-17 13:52:27', 0),
(211, 9, '197', 'Repuesto Llanta Bugí con Neumático ', 'vistas/img/productos/default/anonymous.png', 1, 0, 0, 0, '2023-06-17 13:54:02', 0),
(212, 9, '198', 'Repuesto Llanta Bugí Anti pinchazo ', 'vistas/img/productos/default/anonymous.png', 1, 0, 83000, 0, '2023-06-17 13:54:59', 0),
(213, 13, '199', 'Linterna Destornillador 8 en 1', 'vistas/img/productos/default/anonymous.png', 1, 0, 0, 0, '2023-06-17 13:56:58', 0),
(214, 13, '200', 'Pomo Polichar 5pulgadas ovejo acrílico', 'vistas/img/productos/default/anonymous.png', 6, 0, 0, 0, '2023-06-17 13:58:57', 0),
(215, 13, '201', 'Pomo Polichar 7pulgadas ovejo acrílico', 'vistas/img/productos/default/anonymous.png', 3, 0, 0, 0, '2023-06-17 13:59:30', 0),
(216, 1, '202', 'Pinza Port Electrodos 300w Pretul', 'vistas/img/productos/default/anonymous.png', 1, 0, 36000, 0, '2023-06-17 14:07:28', 0),
(217, 1, '203', 'Pinza Port Electrodos 500w Pretul', 'vistas/img/productos/default/anonymous.png', 2, 0, 42000, 0, '2023-06-17 14:09:25', 0),
(218, 13, '204', 'Linterna ', 'vistas/img/productos/default/anonymous.png', 6, 0, 0, 0, '2023-06-17 14:10:12', 0),
(219, 2, '205', 'Llave Pulidora', 'vistas/img/productos/default/anonymous.png', 1, 0, 12000, 0, '2023-06-17 14:12:39', 0),
(220, 13, '206', 'Pintura Every Gris', 'vistas/img/productos/default/anonymous.png', 6, 0, 74000, 0, '2023-06-17 14:13:50', 0),
(221, 14, '207', 'Pintura Every Negro', 'vistas/img/productos/default/anonymous.png', 11, 0, 74000, 1, '2023-06-20 21:30:02', 0),
(222, 14, '208', 'Pintura Every Blanco', 'vistas/img/productos/default/anonymous.png', 6, 0, 74000, 0, '2023-06-23 08:51:25', 0),
(223, 14, '209', 'Pintura Every Azul', 'vistas/img/productos/default/anonymous.png', 0, 0, 74000, 0, '2023-06-17 14:16:23', 0),
(224, 14, '210', 'Pintura Every Verde Esmeralda', 'vistas/img/productos/default/anonymous.png', 6, 0, 74000, 0, '2023-06-17 14:17:02', 0),
(225, 14, '211', 'Pintura Every Amarillo', 'vistas/img/productos/default/anonymous.png', 4, 0, 74000, 0, '2023-06-21 18:49:36', 0),
(226, 14, '212', 'Pintura Every Barniz', 'vistas/img/productos/default/anonymous.png', 2, 0, 74000, 1, '2023-06-20 08:56:48', 0),
(227, 14, '213', 'Anticorrosivo Every Negro', 'vistas/img/productos/default/anonymous.png', 4, 0, 72000, 0, '2023-06-17 14:20:12', 0),
(228, 14, '214', 'Anticorrosivo Every Gris', 'vistas/img/productos/default/anonymous.png', 3, 0, 72000, 0, '2023-06-17 14:20:49', 0),
(229, 11, '215', 'Pistola Calafateo Truper', 'vistas/img/productos/default/anonymous.png', 9, 0, 22000, 0, '2023-06-20 20:09:27', 0),
(230, 11, '216', 'Pistola Calafateo Negra', 'vistas/img/productos/default/anonymous.png', 3, 0, 19000, 0, '2023-06-17 14:30:55', 0),
(231, 12, '217', 'Racor Bronce', 'vistas/img/productos/default/anonymous.png', 3, 0, 13000, 1, '2023-06-21 21:27:25', 0),
(232, 12, '218', 'Racor Rojo', 'vistas/img/productos/default/anonymous.png', 23, 0, 2000, 2, '2023-06-21 20:14:34', 0),
(233, 9, '219', 'Chazos Caimán 5 dieciséis ', 'vistas/img/productos/default/anonymous.png', 35, 0, 500, 0, '2023-06-17 14:35:03', 0),
(234, 9, '220', 'Chazos Caimán 1 cuarto ', 'vistas/img/productos/default/anonymous.png', 56, 0, 500, 0, '2023-06-17 14:36:18', 0),
(235, 9, '222', 'Chazos Mariposa 5 dieciséis ', 'vistas/img/productos/default/anonymous.png', 0, 0, 0, 0, '2023-06-17 14:37:07', 0),
(236, 15, '221', 'Pala Jardinera', 'vistas/img/productos/default/anonymous.png', 3, 0, 12000, 0, '2023-06-17 14:38:06', 0),
(237, 15, '223', 'Machetes 20', 'vistas/img/productos/default/anonymous.png', 2, 0, 23500, 0, '2023-06-17 14:39:12', 0),
(238, 9, '224', 'nivel Naranja', 'vistas/img/productos/default/anonymous.png', 2, 0, 8000, 0, '2023-06-17 14:40:20', 0),
(239, 9, '225', 'Achuela ', 'vistas/img/productos/default/anonymous.png', 3, 0, 15500, 0, '2023-06-17 14:41:41', 0),
(240, 12, '226', 'Llave tubo Wolfox 10 pulgadas', 'vistas/img/productos/default/anonymous.png', 2, 0, 26500, 0, '2023-06-17 14:43:35', 0),
(241, 12, '227', 'Llave tubo 12 pulgadas', 'vistas/img/productos/default/anonymous.png', 4, 0, 0, 0, '2023-06-19 23:48:42', 0),
(242, 9, '228', 'Acha Mango Madera', 'vistas/img/productos/default/anonymous.png', 1, 0, 0, 0, '2023-06-17 14:45:55', 0),
(243, 11, '229', 'Porra Goma Verde  ', 'vistas/img/productos/default/anonymous.png', 4, 0, 0, 0, '2023-06-17 14:47:51', 0),
(244, 11, '230', 'Porra Goma Verde  pequeña', 'vistas/img/productos/default/anonymous.png', 1, 0, 0, 0, '2023-06-17 14:47:40', 0),
(245, 17, '231', 'Chazo Plástico 1cuarto ', 'vistas/img/productos/default/anonymous.png', 1065, 0, 100, 28, '2023-06-23 09:21:08', 0),
(246, 17, '232', 'Chazo Plástico 5 dieciséis Espiral', 'vistas/img/productos/default/anonymous.png', 118, 0, 100, 0, '2023-06-17 14:50:50', 0),
(247, 17, '233', 'Chazo Plástico 5 dieciséis ', 'vistas/img/productos/default/anonymous.png', 1664, 0, 100, 70, '2023-06-21 20:04:10', 0),
(248, 17, '234', 'Chazo Plástico 3octavos ', 'vistas/img/productos/default/anonymous.png', 64, 0, 100, 59, '2023-06-22 20:43:04', 0),
(249, 17, '235', 'Chazo Plástico 3cuartos ', 'vistas/img/productos/default/anonymous.png', 94, 0, 100, 0, '2023-06-17 14:53:47', 0),
(250, 17, '236', 'Llave Pesto 8pulgadas Truper', 'vistas/img/productos/default/anonymous.png', 2, 0, 0, 0, '2023-06-17 14:55:51', 0),
(251, 17, '237', 'Llave Pesto 6pulgadas', 'vistas/img/productos/default/anonymous.png', 3, 0, 0, 0, '2023-06-17 14:56:23', 0),
(252, 17, '238', 'Llave Pesto 8pulgadas ', 'vistas/img/productos/default/anonymous.png', 1, 0, 0, 0, '2023-06-17 14:57:05', 0),
(253, 14, '239', 'Pincel 12', 'vistas/img/productos/default/anonymous.png', 16, 0, 0, 0, '2023-06-17 14:58:10', 0),
(254, 17, '240', 'Copa 5 dieciséis x 8mm ', 'vistas/img/productos/default/anonymous.png', 24, 0, 8000, 1, '2023-06-22 20:43:04', 0),
(255, 17, '241', 'Punta Tope', 'vistas/img/productos/default/anonymous.png', 13, 0, 5000, 0, '2023-06-17 15:08:30', 0),
(256, 17, '242', 'Punta Filis ', 'vistas/img/productos/default/anonymous.png', 31, 0, 3000, 0, '2023-06-17 15:09:46', 0),
(257, 17, '243', 'Punta Filis Doble', 'vistas/img/productos/default/anonymous.png', 60, 0, 5000, 0, '2023-06-17 15:10:44', 0),
(258, 17, '244', 'Punta Filis Pala Estria', 'vistas/img/productos/default/anonymous.png', 6, 0, 5000, 0, '2023-06-17 15:12:39', 0),
(259, 17, '245', 'Punta Filis Pequeña', 'vistas/img/productos/default/anonymous.png', 64, 0, 0, 0, '2023-06-17 15:13:21', 0),
(260, 13, '246', 'Grapas 8mm', 'vistas/img/productos/default/anonymous.png', 2, 0, 10000, 0, '2023-06-17 15:14:16', 0),
(261, 13, '247', 'Grapas 10mm', 'vistas/img/productos/default/anonymous.png', 6, 0, 10000, 0, '2023-06-17 15:14:56', 0),
(262, 10, '248', 'Grapa coaxial', 'vistas/img/productos/default/anonymous.png', 23, 0, 2500, 4, '2023-06-21 19:32:00', 0),
(263, 9, '249', 'Repuesto Bisturí ', 'vistas/img/productos/default/anonymous.png', 4, 0, 3000, 1, '2023-06-20 18:44:50', 0),
(264, 13, '250', 'Nylon  12L', 'vistas/img/productos/default/anonymous.png', 8, 0, 4500, 1, '2023-06-21 21:15:34', 0),
(265, 13, '251', 'Regulador De Gas', 'vistas/img/productos/default/anonymous.png', 10, 0, 19000, 1, '2023-06-20 21:16:30', 0),
(266, 14, '252', 'Vinilo x 1treintados Ocre', 'vistas/img/productos/default/anonymous.png', 1, 0, 14000, 0, '2023-06-17 15:24:39', 0),
(268, 14, '253', 'Vinilo x 1treintados Verde Oscuro', 'vistas/img/productos/default/anonymous.png', 2, 0, 14000, 0, '2023-06-17 15:25:45', 0),
(269, 14, '254', 'Vinilo x 1treintados Blanco', 'vistas/img/productos/default/anonymous.png', 5, 0, 10000, 0, '2023-06-17 15:26:26', 0),
(270, 14, '255', 'Vinilo x 1treintados Rojo Colonial', 'vistas/img/productos/default/anonymous.png', 2, 0, 14000, 0, '2023-06-17 15:27:11', 0),
(271, 14, '256', 'Vinilo x 1treintados Verde Primavera', 'vistas/img/productos/default/anonymous.png', 3, 0, 14000, 0, '2023-06-17 15:27:50', 0),
(272, 13, '257', 'Vidrio Careta Soldar', 'vistas/img/productos/default/anonymous.png', 14, 0, 3000, 0, '2023-06-17 15:28:50', 0),
(273, 17, '258', 'Llave Fija 10', 'vistas/img/productos/default/anonymous.png', 8, 0, 4500, 0, '2023-06-18 01:44:17', 0),
(274, 17, '259', 'Llave Fija 11', 'vistas/img/productos/default/anonymous.png', 11, 0, 0, 0, '2023-06-18 01:44:52', 0),
(275, 17, '260', 'Llave Fija 12', 'vistas/img/productos/default/anonymous.png', 13, 0, 0, 0, '2023-06-18 01:46:05', 0),
(276, 17, '261', 'Llave Fija 13', 'vistas/img/productos/default/anonymous.png', 8, 0, 0, 0, '2023-06-18 01:46:29', 0),
(277, 17, '262', 'Llave Fija 15', 'vistas/img/productos/default/anonymous.png', 4, 0, 0, 0, '2023-06-17 15:32:57', 0),
(278, 17, '263', 'Llave Fija 9', 'vistas/img/productos/default/anonymous.png', 7, 0, 0, 0, '2023-06-18 01:45:18', 0),
(279, 17, '264', 'Llave Fija 16', 'vistas/img/productos/default/anonymous.png', 8, 0, 0, 0, '2023-06-17 15:34:03', 0),
(280, 15, '265', 'Llave Fija media', 'vistas/img/productos/default/anonymous.png', 2, 0, 0, 0, '2023-06-17 15:34:34', 0),
(281, 15, '266', 'Guantes Aseo M', 'vistas/img/productos/default/anonymous.png', 43, 0, 7000, 0, '2023-06-17 20:06:00', 0),
(282, 15, '267', 'Guantes Aseo L', 'vistas/img/productos/default/anonymous.png', 22, 0, 7000, 0, '2023-06-17 20:06:24', 0),
(283, 15, '268', 'Guantes Aseo XL', 'vistas/img/productos/default/anonymous.png', 19, 0, 7000, 0, '2023-06-17 20:06:50', 0),
(284, 7, '269', 'Guantes Nitrilo', 'vistas/img/productos/default/anonymous.png', 14, 0, 8000, 2, '2023-06-21 20:04:10', 0),
(285, 7, '270', 'Guantes Puntos Negro', 'vistas/img/productos/default/anonymous.png', 3, 0, 8000, 0, '2023-06-17 15:39:12', 0),
(286, 7, '271', 'Guantes pepitas', 'vistas/img/productos/default/anonymous.png', 4, 0, 8000, 0, '2023-06-17 15:39:59', 0),
(287, 9, '272', 'Guantes Carnaza', 'vistas/img/productos/default/anonymous.png', 2, 0, 9500, 0, '2023-06-17 15:40:50', 0),
(288, 10, '273', 'Probador Eléctrico', 'vistas/img/productos/default/anonymous.png', 5, 0, 5000, 0, '2023-06-18 01:19:19', 0),
(289, 17, '274', 'Soldadura Teja Metal 125g ', 'vistas/img/productos/default/anonymous.png', 18, 0, 9500, 0, '2023-06-19 15:12:01', 0),
(290, 15, '275', 'Destapa ya', 'vistas/img/productos/default/anonymous.png', 22, 0, 9000, 4, '2023-06-22 21:44:13', 0),
(291, 15, '276', 'Diablo Rojo Liquido', 'vistas/img/productos/default/anonymous.png', 14, 0, 9000, 1, '2023-06-20 19:04:17', 0),
(292, 15, '277', 'Diablo Rojo Granulado', 'vistas/img/productos/default/anonymous.png', 0, 0, 6000, 0, '2023-06-17 15:47:37', 0),
(293, 15, '278', 'Soda Caustica', 'vistas/img/productos/default/anonymous.png', 7, 0, 6000, 2, '2023-06-22 21:44:13', 0),
(294, 15, '279', 'insecticida  pequeño', 'vistas/img/productos/default/anonymous.png', 1, 0, 12000, 0, '2023-06-17 15:50:17', 0),
(295, 15, '280', 'insecticida grande', 'vistas/img/productos/default/anonymous.png', 1, 0, 26000, 0, '2023-06-17 15:50:58', 0),
(296, 9, '281', 'Palustre Madera 6', 'vistas/img/productos/default/anonymous.png', 2, 0, 0, 0, '2023-06-17 15:53:13', 0),
(297, 9, '282', 'Palustre Madera 5', 'vistas/img/productos/default/anonymous.png', 7, 0, 0, 0, '2023-06-17 15:52:57', 0),
(298, 9, '283', 'Palustre Madera 7', 'vistas/img/productos/default/anonymous.png', 6, 0, 0, 0, '2023-06-17 15:53:59', 0),
(299, 9, '284', 'Palustre Madera 8', 'vistas/img/productos/default/anonymous.png', 4, 0, 0, 0, '2023-06-17 15:54:25', 0),
(300, 9, '285', 'Palustre Madera 9', 'vistas/img/productos/default/anonymous.png', 2, 0, 0, 0, '2023-06-17 15:54:53', 0),
(301, 9, '286', 'Palustre Plástico 6', 'vistas/img/productos/default/anonymous.png', 2, 0, 0, 0, '2023-06-17 15:55:39', 0),
(302, 9, '287', 'Palustre Plástico 5', 'vistas/img/productos/default/anonymous.png', 0, 0, 0, 0, '2023-06-17 15:56:10', 0),
(304, 9, '288', 'Palustre Plástico 7', 'vistas/img/productos/default/anonymous.png', 1, 0, 0, 0, '2023-06-17 15:57:32', 0),
(305, 9, '289', 'Palustre Plástico 8', 'vistas/img/productos/default/anonymous.png', 0, 0, 0, 0, '2023-06-17 15:58:03', 0),
(306, 9, '290', 'Palustre Plástico 9', 'vistas/img/productos/default/anonymous.png', 7, 0, 0, 0, '2023-06-17 15:59:07', 0),
(307, 9, '291', 'Llana Mango Madera', 'vistas/img/productos/default/anonymous.png', 5, 0, 16000, 0, '2023-06-17 16:00:03', 0),
(308, 9, '292', 'Llana Mango Pasta', 'vistas/img/productos/default/anonymous.png', 4, 0, 16000, 0, '2023-06-17 16:00:47', 0),
(309, 9, '293', 'Llana Acero Inoxidable', 'vistas/img/productos/default/anonymous.png', 7, 0, 36000, 0, '2023-06-23 08:35:42', 0),
(310, 11, '294', 'Cinta Antideslizante 10mt', 'vistas/img/productos/default/anonymous.png', 1, 0, 0, 0, '2023-06-17 16:07:31', 0),
(311, 13, '295', 'Ata todo pequeño', 'vistas/img/productos/default/anonymous.png', 1, 0, 6000, 0, '2023-06-17 16:09:20', 0),
(312, 13, '296', 'Amarras x55cm tulgore', 'vistas/img/productos/default/anonymous.png', 120, 0, 1200, 0, '2023-06-18 00:50:32', 0),
(313, 13, '297', 'Amarras x75cm tulgore', 'vistas/img/productos/default/anonymous.png', 100, 0, 2000, 0, '2023-06-18 00:49:42', 0),
(314, 13, '298', 'Lapiz Rojo ', 'vistas/img/productos/default/anonymous.png', 12, 0, 1200, 0, '2023-06-17 16:17:43', 0),
(315, 12, '299', 'Racor Bronce Pretul', 'vistas/img/productos/default/anonymous.png', 3, 0, 15000, 0, '2023-06-17 16:18:43', 0),
(316, 9, '300', 'Pala Redonda', 'vistas/img/productos/default/anonymous.png', 1, 0, 24500, 0, '2023-06-17 16:19:40', 0),
(317, 9, '301', 'Pala cuadrada', 'vistas/img/productos/default/anonymous.png', 1, 0, 27500, 0, '2023-06-17 16:21:12', 0),
(318, 13, '302', 'Careta para Soldar', 'vistas/img/productos/default/anonymous.png', 1, 0, 168000, 0, '2023-06-17 16:21:58', 0),
(319, 17, '303', 'Juego de Raches 25p', 'vistas/img/productos/default/anonymous.png', 2, 0, 72000, 0, '2023-06-17 16:23:06', 0),
(320, 17, '304', 'Destornillador 8 puntas ', 'vistas/img/productos/default/anonymous.png', 2, 0, 34000, 0, '2023-06-17 16:25:30', 0),
(321, 10, '305', 'Caja Plástica 2x4', 'vistas/img/productos/default/anonymous.png', 64, 0, 1000, 5, '2023-06-23 10:01:46', 0),
(322, 10, '306', 'Caja Plástica 4x4', 'vistas/img/productos/default/anonymous.png', 88, 0, 1000, 0, '2023-06-17 16:27:22', 0),
(323, 10, '307', 'Caja Plástica Hexagonal', 'vistas/img/productos/default/anonymous.png', 46, 0, 1000, 0, '2023-06-17 16:28:12', 0),
(324, 12, '308', 'Cheque 2 media  Bronce', 'vistas/img/productos/default/anonymous.png', 4, 0, 160000, 0, '2023-06-17 16:29:27', 0),
(325, 12, '309', 'Cheque 1pulgada  Bronce', 'vistas/img/productos/default/anonymous.png', 3, 0, 0, 0, '2023-06-17 21:02:35', 0),
(328, 12, '312', 'Tapones Lavamanos', 'vistas/img/productos/default/anonymous.png', 24, 0, 7000, 1, '2023-06-22 21:32:17', 0),
(329, 12, '313', 'Pomo Universal', 'vistas/img/productos/default/anonymous.png', 8, 0, 7000, 3, '2023-06-23 06:29:24', 0),
(330, 12, '314', 'Manguera Sanitaria Grival Larga', 'vistas/img/productos/default/anonymous.png', 17, 0, 8000, 1, '2023-06-20 22:42:49', 0),
(331, 12, '315', 'Manguera Sanitaria Grival Corta', 'vistas/img/productos/default/anonymous.png', 23, 0, 6000, 0, '2023-06-17 16:38:40', 0),
(332, 12, '316', 'Manguera Sanitaria Corta', 'vistas/img/productos/default/anonymous.png', 32, 0, 6000, 3, '2023-06-21 21:15:34', 0),
(333, 12, '317', 'Manguera Lavamanos  Corta', 'vistas/img/productos/default/anonymous.png', 28, 0, 6000, 5, '2023-06-22 21:32:17', 0),
(334, 12, '318', 'Manguera Lavamanos Grival Corta', 'vistas/img/productos/default/anonymous.png', 0, 0, 0, 0, '2023-06-17 16:44:49', 0),
(335, 12, '319', 'Manguera Lavamanos Grival Larga', 'vistas/img/productos/default/anonymous.png', 19, 0, 8000, 1, '2023-06-20 15:58:21', 0),
(336, 10, '320', 'Tapa Ciega 4x4 Metalica', 'vistas/img/productos/default/anonymous.png', 20, 0, 0, 0, '2023-06-17 16:48:04', 0),
(337, 10, '321', 'Tapa Para Interruptor', 'vistas/img/productos/default/anonymous.png', 14, 0, 1000, 0, '2023-06-17 16:49:08', 0),
(338, 10, '3229', 'Tapa Ciega Hexagonal', 'vistas/img/productos/default/anonymous.png', 62, 0, 1000, 0, '2023-06-30 11:14:44', 0),
(339, 10, '323', 'Tapa Ciega 2x4', 'vistas/img/productos/default/anonymous.png', 100, 0, 1000, 0, '2023-06-23 08:21:57', 0),
(340, 10, '324', 'Interruptor Doble Mercuri', 'vistas/img/productos/default/anonymous.png', 2, 0, 7000, 0, '2023-06-17 16:54:29', 0),
(341, 10, '325', 'Toma GFCI Blanco Unitec', 'vistas/img/productos/default/anonymous.png', 5, 0, 36000, 0, '2023-06-17 16:56:18', 0),
(342, 10, '326', 'Toma GFCI Negro Unitec', 'vistas/img/productos/default/anonymous.png', 1, 0, 36000, 0, '2023-06-17 16:57:00', 0),
(343, 10, '327', 'Toma Levantón ', 'vistas/img/productos/default/anonymous.png', 20, 0, 5000, 1, '2023-06-23 09:43:54', 0),
(344, 10, '328', 'Interruptor Triple eco', 'vistas/img/productos/default/anonymous.png', 6, 0, 7500, 0, '2023-06-17 17:00:25', 0),
(345, 10, '329', 'Interruptor Sencillo', 'vistas/img/productos/default/anonymous.png', 4, 0, 5000, 0, '2023-06-17 17:01:36', 0),
(346, 10, '330', 'Interruptor Sobreponer huevito', 'vistas/img/productos/default/anonymous.png', 10, 0, 4500, 0, '2023-06-17 17:02:48', 0),
(347, 10, '331', 'Tomacorriente Sobreponer huevito', 'vistas/img/productos/default/anonymous.png', 36, 0, 4000, 0, '2023-06-17 17:05:33', 0),
(348, 10, '332', 'Interruptor Timbre', 'vistas/img/productos/default/anonymous.png', 6, 0, 5000, 0, '2023-06-17 17:07:28', 0),
(349, 10, '333', 'Interruptor Timbre Unitec', 'vistas/img/productos/default/anonymous.png', 8, 0, 6000, 0, '2023-06-17 17:08:07', 0),
(350, 10, '334', 'Interruptor Mixto eco', 'vistas/img/productos/default/anonymous.png', 6, 0, 7000, 0, '2023-06-17 17:09:06', 0),
(351, 10, '335', 'Interruptor Doble eco', 'vistas/img/productos/default/anonymous.png', 29, 0, 7000, 0, '2023-06-17 17:10:45', 0),
(352, 10, '336', 'Tomacorriente Unitec eco', 'vistas/img/productos/default/anonymous.png', 5, 0, 7000, 5, '2023-06-21 18:43:24', 0),
(353, 10, '337', 'Interruptor Sencillo Unitec eco', 'vistas/img/productos/default/anonymous.png', 49, 0, 6000, 4, '2023-06-23 09:43:54', 0),
(354, 10, '338', 'Interruptor Doble Unitec', 'vistas/img/productos/default/anonymous.png', 35, 0, 8000, 0, '2023-06-17 17:15:42', 0),
(355, 10, '339', 'Interruptor Triple Unitec eco', 'vistas/img/productos/default/anonymous.png', 10, 0, 8000, 0, '2023-06-17 17:16:55', 0),
(356, 10, '340', 'Interruptor Doble Unitec eco', 'vistas/img/productos/default/anonymous.png', 19, 0, 7000, 0, '2023-06-17 17:18:49', 0),
(357, 10, '341', 'Interruptor Mixto Unitec eco', 'vistas/img/productos/default/anonymous.png', 20, 0, 7000, 0, '2023-06-17 17:20:03', 0),
(358, 10, '342', 'Tapa Ciega 4x4 ', 'vistas/img/productos/default/anonymous.png', 41, 0, 1000, 0, '2023-06-17 17:26:26', 0),
(360, 10, '344', 'Toma Aéreo sin Polo pequeño', 'vistas/img/productos/default/anonymous.png', 29, 0, 3500, 0, '2023-06-17 17:28:14', 0),
(361, 10, '345', 'Toma Aéreo sin Polo 15A ', 'vistas/img/productos/default/anonymous.png', 28, 0, 5000, 0, '2023-06-17 17:31:25', 0),
(362, 10, '346', 'Toma Aéreo con Polo 15A ', 'vistas/img/productos/default/anonymous.png', 25, 0, 6000, 1, '2023-06-23 06:43:31', 0),
(363, 10, '347', 'Clavija sin Polo ', 'vistas/img/productos/default/anonymous.png', 20, 0, 5800, 5, '2023-06-23 06:43:31', 0),
(364, 10, '348', 'Clavija con Polo ', 'vistas/img/productos/default/anonymous.png', 0, 0, 0, 0, '2023-06-17 17:33:21', 0),
(365, 10, '349', 'Clavija sin Polo pequeña', 'vistas/img/productos/default/anonymous.png', 20, 0, 4500, 1, '2023-06-23 09:31:36', 0),
(366, 10, '350', 'Clavija ABS amarilla', 'vistas/img/productos/default/anonymous.png', 18, 0, 23500, 0, '2023-06-17 17:40:21', 0),
(367, 10, '351', 'Toma Aéreo Aterrizado pc amarrillo', 'vistas/img/productos/default/anonymous.png', 8, 0, 23500, 0, '2023-06-17 17:42:02', 0),
(368, 10, '352', 'Portalámparas Doble ', 'vistas/img/productos/default/anonymous.png', 11, 0, 0, 0, '2023-06-17 17:43:20', 0),
(369, 10, '353', 'Extensión Naranja 3mt', 'vistas/img/productos/default/anonymous.png', 16, 0, 14000, 0, '2023-06-17 17:44:35', 0),
(370, 10, '354', 'Extensión Naranja 8mt', 'vistas/img/productos/default/anonymous.png', 3, 0, 30000, 0, '2023-06-17 17:45:19', 0),
(371, 10, '355', 'Extensión Naranja 10mt', 'vistas/img/productos/default/anonymous.png', 2, 0, 35000, 0, '2023-06-17 17:46:14', 0),
(372, 10, '356', 'Extensión Blanca 9ft', 'vistas/img/productos/default/anonymous.png', 9, 0, 14000, 2, '2023-06-23 10:01:46', 0),
(373, 10, '357', 'Extensión Blanca 15ft', 'vistas/img/productos/default/anonymous.png', 2, 0, 16000, 0, '2023-06-17 17:48:17', 0),
(374, 10, '358', 'Regleta Multitoma 1mt', 'vistas/img/productos/default/anonymous.png', 2, 0, 14000, 1, '2023-06-23 06:29:25', 0),
(375, 10, '359', 'Regleta Multitoma 3mt', 'vistas/img/productos/default/anonymous.png', 2, 0, 24500, 0, '2023-06-17 17:50:30', 0),
(376, 10, '360', 'Plafón Plástico', 'vistas/img/productos/default/anonymous.png', 8, 0, 3500, 0, '2023-06-17 17:51:22', 0),
(377, 10, '361', 'Plafón Losa  ', 'vistas/img/productos/default/anonymous.png', 3, 0, 4500, 1, '2023-06-21 19:05:38', 0),
(378, 10, '362', 'Plafón Losa  pequeño', 'vistas/img/productos/default/anonymous.png', 5, 0, 4000, 0, '2023-06-17 17:53:19', 0),
(379, 10, '363', 'Bombillo 100w', 'vistas/img/productos/default/anonymous.png', 7, 0, 4000, 1, '2023-06-23 09:31:36', 0),
(380, 10, '364', 'Convertidor de Redondo a Plano', 'vistas/img/productos/default/anonymous.png', 19, 0, 4000, 0, '2023-06-17 17:57:20', 0),
(381, 10, '365', 'Toma en T Blanco', 'vistas/img/productos/default/anonymous.png', 13, 0, 4000, 0, '2023-06-17 17:58:58', 0),
(382, 10, '366', 'convertido de tres a dos', 'vistas/img/productos/default/anonymous.png', 42, 0, 4000, 0, '2023-06-17 17:59:54', 0),
(383, 10, '367', 'Benjamín', 'vistas/img/productos/default/anonymous.png', 12, 0, 5500, 0, '2023-06-17 18:00:40', 0),
(384, 10, '368', 'Lampara led cuadrada Incrustar 24w ', 'vistas/img/productos/default/anonymous.png', 1, 0, 26000, 0, '2023-06-17 18:02:32', 0),
(385, 10, '369', 'Lampara led cuadrada Incrustar 12w ', 'vistas/img/productos/default/anonymous.png', 2, 0, 12500, 0, '2023-06-17 18:03:08', 0),
(386, 10, '370', 'Lampara led Redonda sobreponer 30w', 'vistas/img/productos/default/anonymous.png', 43, 0, 27500, 0, '2023-06-17 18:09:11', 0),
(387, 10, '371', 'Lampara led Redonda Incrustar 6w', 'vistas/img/productos/default/anonymous.png', 1, 0, 8000, 0, '2023-06-17 18:06:45', 0),
(388, 10, '372', 'Lampara led Redonda Incrustar 3w', 'vistas/img/productos/default/anonymous.png', 1, 0, 5000, 0, '2023-06-17 18:08:07', 0),
(389, 10, '373', 'Lampara led Cuadrada incrustar 30w', 'vistas/img/productos/default/anonymous.png', 12, 0, 27500, 0, '2023-06-17 18:11:00', 0),
(390, 11, '374', 'Cuchilla de Ruby', 'vistas/img/productos/default/anonymous.png', 9, 0, 6000, 0, '2023-06-17 18:11:42', 0),
(391, 10, '375', 'Multicontacto Triple Naranja', 'vistas/img/productos/default/anonymous.png', 18, 0, 10000, 1, '2023-06-22 20:43:04', 0),
(392, 10, '376', 'Multicontacto Aterrizado de 300j', 'vistas/img/productos/default/anonymous.png', 1, 0, 37500, 0, '2023-06-17 18:17:08', 0),
(393, 10, '377', 'Bombillo Led 40w', 'vistas/img/productos/default/anonymous.png', 4, 0, 24500, 0, '2023-06-17 20:39:32', 0),
(394, 10, '378', 'Lampara led Redonda sobreponer 18w', 'vistas/img/productos/default/anonymous.png', 20, 0, 18500, 0, '2023-06-17 18:19:55', 0),
(395, 10, '379', 'Lampara led Redonda Incrustar 18w', 'vistas/img/productos/default/anonymous.png', 28, 0, 15000, 0, '2023-06-17 18:20:48', 0),
(396, 10, '380', 'Lampara led Redonda incrustar 12w', 'vistas/img/productos/default/anonymous.png', 19, 0, 12500, 0, '2023-06-17 18:21:48', 0),
(397, 10, '381', 'Lampara led Redonda sobreponer 12w', 'vistas/img/productos/default/anonymous.png', 16, 0, 12000, 0, '2023-06-17 18:22:47', 0),
(398, 10, '382', 'Protector de Voltaje', 'vistas/img/productos/default/anonymous.png', 4, 0, 0, 0, '2023-06-17 18:23:39', 0),
(399, 10, '383', 'Bombillo 20w', 'vistas/img/productos/default/anonymous.png', 0, 0, 8000, 1, '2023-06-20 22:42:49', 0),
(400, 10, '384', 'Bombillo 12w', 'vistas/img/productos/default/anonymous.png', 0, 0, 8000, 0, '2023-06-17 18:25:17', 0),
(401, 10, '385', 'Bombillo 9w', 'vistas/img/productos/default/anonymous.png', 0, 0, 6000, 0, '2023-06-17 18:25:56', 0);
INSERT INTO `productos` (`id`, `id_categoria`, `codigo`, `descripcion`, `imagen`, `stock`, `precio_compra`, `precio_venta`, `ventas`, `fecha`, `stock_t`) VALUES
(402, 10, '386', 'Lampara led Cuadrada Incrustar 18w', 'vistas/img/productos/default/anonymous.png', 14, 0, 15500, 0, '2023-06-17 18:27:38', 0),
(403, 10, '387', 'Lampara led Cuadrada sobreponer 187w', 'vistas/img/productos/default/anonymous.png', 7, 0, 17800, 0, '2023-06-17 18:31:08', 0),
(404, 13, '388', 'Pegante Afix 85m Botella', 'vistas/img/productos/default/anonymous.png', 6, 0, 0, 0, '2023-06-17 18:36:46', 0),
(405, 13, '389', 'Pegante Afix 85m Caneca', 'vistas/img/productos/default/anonymous.png', 7, 0, 25000, 0, '2023-06-18 03:57:12', 0),
(406, 14, '390', 'Esmalte Ico Rojo Bermellon', 'vistas/img/productos/default/anonymous.png', 1, 0, 78000, 0, '2023-06-17 18:42:12', 0),
(408, 14, '391', 'Esmalte Ico Blanco', 'vistas/img/productos/default/anonymous.png', 2, 0, 78000, 0, '2023-06-17 18:42:00', 0),
(409, 14, '392', 'Esmalte Ico Gris', 'vistas/img/productos/default/anonymous.png', 0, 0, 78000, 0, '2023-06-17 18:43:09', 0),
(410, 10, '393', 'Anticorrosivo Ico Gris ', 'vistas/img/productos/default/anonymous.png', 1, 0, 74000, 0, '2023-06-17 18:45:14', 0),
(411, 14, '394', 'Pintura Viniltex Verde pino', 'vistas/img/productos/default/anonymous.png', 2, 0, 0, 0, '2023-06-17 18:47:51', 0),
(412, 14, '395', 'Pintura Viniltex Verde ', 'vistas/img/productos/default/anonymous.png', 1, 0, 0, 0, '2023-06-17 18:49:08', 0),
(413, 13, '396', 'Esmalte Pintuland Trafico Verde Galon', 'vistas/img/productos/default/anonymous.png', 2, 0, 0, 0, '2023-06-17 18:50:47', 0),
(414, 14, '397', 'Esmalte Pintuland Trafico Blanc Galon', 'vistas/img/productos/default/anonymous.png', 1, 0, 0, 0, '2023-06-17 18:51:38', 0),
(415, 14, '398', 'Esmalte Sintetico Pintuland Negra x galon', 'vistas/img/productos/default/anonymous.png', 1, 0, 0, 0, '2023-06-17 18:53:20', 0),
(416, 11, '399', 'Sika Mastick Estuco Interior Galon', 'vistas/img/productos/default/anonymous.png', 5, 0, 24500, 0, '2023-06-17 18:54:45', 0),
(417, 14, '400', 'Cuñete Estuco Corona Interior', 'vistas/img/productos/default/anonymous.png', 2, 0, 0, 0, '2023-06-17 19:00:25', 0),
(418, 11, '401', 'Galón Estuco platico Corona Exterior ', 'vistas/img/productos/default/anonymous.png', 4, 0, 24000, 0, '2023-06-17 19:02:39', 0),
(419, 14, '402', 'Cuñete Pintuland tipo 1 Blanco', 'vistas/img/productos/default/anonymous.png', 2, 0, 345000, 0, '2023-06-19 13:35:19', 0),
(420, 14, '403', 'Galon Acronal 50', 'vistas/img/productos/default/anonymous.png', 5, 0, 38000, 0, '2023-06-17 19:04:57', 0),
(421, 14, '404', 'Galón Acronal 30', 'vistas/img/productos/default/anonymous.png', 3, 0, 26500, 0, '2023-06-17 19:05:49', 0),
(422, 11, '405', 'Galón PLaco K89', 'vistas/img/productos/default/anonymous.png', 1, 0, 42000, 1, '2023-06-20 21:30:02', 0),
(423, 13, '406', 'Ángulos Perforados x6mt', 'vistas/img/productos/default/anonymous.png', 80, 0, 9000, 0, '2023-06-17 19:08:18', 0),
(424, 13, '407', 'cabo de Palas', 'vistas/img/productos/default/anonymous.png', 12, 0, 9000, 0, '2023-06-17 19:34:48', 0),
(425, 10, '408', 'Tubo Eléctrico 1 pulgada', 'vistas/img/productos/default/anonymous.png', 28, 0, 11000, 0, '2023-06-17 23:16:47', 0),
(426, 9, '409', 'Porra de 6L Pretul', 'vistas/img/productos/default/anonymous.png', 1, 0, 82000, 0, '2023-06-17 19:16:13', 0),
(427, 9, '410', 'Porra de 10L Pretul', 'vistas/img/productos/default/anonymous.png', 1, 0, 110000, 0, '2023-06-17 19:15:24', 0),
(428, 9, '411', 'Porra 12L Pretul', 'vistas/img/productos/default/anonymous.png', 1, 0, 133000, 0, '2023-06-17 19:17:19', 0),
(429, 13, '412', 'Tornillos Drawall 1media', 'vistas/img/productos/default/anonymous.png', 2112, 0, 100, 388, '2023-06-23 06:29:25', 0),
(430, 12, '413', 'Llave Grifo Cromado', 'vistas/img/productos/default/anonymous.png', 7, 0, 15000, 0, '2023-06-17 19:23:37', 0),
(431, 11, '414', 'Silicona Tipo Crema Transparente', 'vistas/img/productos/default/anonymous.png', 21, 0, 7500, 1, '2023-06-21 21:15:34', 0),
(432, 13, '415', 'Lubricante CRC 5 56 x 400ml', 'vistas/img/productos/default/anonymous.png', 1, 0, 2700, 0, '2023-06-17 19:27:48', 0),
(433, 13, '416', 'Lubricante CRC 5 56 180ml', 'vistas/img/productos/default/anonymous.png', 1, 0, 18000, 0, '2023-06-17 19:29:40', 0),
(434, 12, '417', 'Pegante Celta 1 octavo', 'vistas/img/productos/default/anonymous.png', 3, 0, 57000, 0, '2023-06-17 19:31:57', 0),
(435, 12, '418', 'Pegante Celta 1 dieciséis ', 'vistas/img/productos/default/anonymous.png', 4, 0, 37000, 1, '2023-06-23 07:22:11', 0),
(436, 14, '420', 'Spray Cromado', 'vistas/img/productos/default/anonymous.png', 14, 0, 13000, 1, '2023-06-21 20:04:10', 0),
(437, 14, '419', 'spray Gris', 'vistas/img/productos/default/anonymous.png', 41, 0, 10000, 0, '2023-06-17 19:42:34', 0),
(438, 14, '421', 'spray Oro', 'vistas/img/productos/default/anonymous.png', 5, 0, 18000, 0, '2023-06-18 01:58:53', 0),
(439, 14, '422', 'Spray Amarrillo', 'vistas/img/productos/default/anonymous.png', 26, 0, 10000, 0, '2023-06-18 02:01:48', 0),
(440, 14, '423', 'Spray Rojo', 'vistas/img/productos/default/anonymous.png', 27, 0, 10000, 0, '2023-06-18 01:59:41', 0),
(441, 14, '424', 'Spray Azul', 'vistas/img/productos/default/anonymous.png', 6, 0, 10000, 0, '2023-06-17 19:44:57', 0),
(442, 14, '425', ' Spray Blanco', 'vistas/img/productos/default/anonymous.png', 7, 0, 10000, 1, '2023-06-21 19:05:38', 0),
(443, 14, '426', 'Spray Negro Mate', 'vistas/img/productos/default/anonymous.png', 8, 0, 12000, 0, '2023-06-17 19:46:18', 0),
(444, 14, '427', 'Spray Verde Bosque', 'vistas/img/productos/default/anonymous.png', 9, 0, 10000, 0, '2023-06-18 01:57:18', 0),
(446, 14, '428', 'Spray Pintuco Verde Alta Temperatura ', 'vistas/img/productos/default/anonymous.png', 7, 0, 18000, 0, '2023-06-17 19:49:48', 0),
(447, 14, '429', 'Spray Transparente ', 'vistas/img/productos/default/anonymous.png', 6, 0, 10000, 0, '2023-06-18 02:01:12', 0),
(448, 14, '430', 'Spray Dorado ', 'vistas/img/productos/default/anonymous.png', 1, 0, 10000, 0, '2023-06-17 19:53:04', 0),
(449, 14, '431', 'Spray Marron', 'vistas/img/productos/default/anonymous.png', 24, 0, 10000, 0, '2023-06-18 01:56:40', 0),
(450, 14, '432', 'Spray Plata Metalica', 'vistas/img/productos/default/anonymous.png', 6, 0, 12000, 0, '2023-06-18 02:02:14', 0),
(451, 11, '433', 'Silicona Negra', 'vistas/img/productos/default/anonymous.png', 7, 0, 19000, 0, '2023-06-17 19:58:28', 0),
(452, 11, '434', 'Silicona Blanca', 'vistas/img/productos/default/anonymous.png', 3, 0, 18000, 1, '2023-06-22 20:43:04', 0),
(453, 12, '435', 'Rana Sanitaria eco', 'vistas/img/productos/default/anonymous.png', 11, 0, 8500, 0, '2023-06-17 20:02:06', 0),
(454, 9, '436', 'Metro Lukin 3mt', 'vistas/img/productos/default/anonymous.png', 5, 0, 15000, 0, '2023-06-19 22:41:03', 0),
(455, 12, '437', 'Grifería Grival de manija ', 'vistas/img/productos/default/anonymous.png', 3, 0, 0, 0, '2023-06-17 20:08:51', 0),
(456, 12, '438', 'Grifería Grival Boton', 'vistas/img/productos/default/anonymous.png', 4, 0, 0, 0, '2023-06-17 20:10:55', 0),
(457, 12, '439', 'Flotador tanque alto Grival ', 'vistas/img/productos/default/anonymous.png', 3, 0, 42000, 0, '2023-06-17 20:12:50', 0),
(458, 12, '440', 'Extensión Lavamanos Grival ', 'vistas/img/productos/default/anonymous.png', 5, 0, 0, 0, '2023-06-17 20:14:45', 0),
(459, 12, '441', 'Acordeón Grival ', 'vistas/img/productos/default/anonymous.png', 8, 0, 0, 0, '2023-06-17 20:15:27', 0),
(460, 16, '442', 'Cerradura de Bola Vera Alcoba', 'vistas/img/productos/default/anonymous.png', 11, 0, 30000, 1, '2023-06-21 20:14:34', 0),
(461, 12, '443', 'Grifería Gerfor  Manija ', 'vistas/img/productos/default/anonymous.png', 5, 0, 0, 0, '2023-06-17 20:19:17', 0),
(462, 16, '444', 'Cerradura Bola Vera Baño', 'vistas/img/productos/default/anonymous.png', 6, 0, 30000, 0, '2023-06-17 20:20:08', 0),
(463, 12, '445', 'Tapa Sanitario Beigs', 'vistas/img/productos/default/anonymous.png', 8, 0, 32000, 0, '2023-06-17 20:21:40', 0),
(464, 12, '446', 'Tapa Sanitario Blanco', 'vistas/img/productos/default/anonymous.png', 14, 0, 32000, 1, '2023-06-20 08:56:48', 0),
(465, 12, '447', 'Llave Lavamanos Doble 4pulgadas', 'vistas/img/productos/default/anonymous.png', 3, 0, 0, 0, '2023-06-17 20:24:05', 0),
(466, 9, '448', 'Simbra', 'vistas/img/productos/default/anonymous.png', 3, 0, 12000, 0, '2023-06-18 01:49:33', 0),
(467, 13, '449', 'Amarras Para Zic', 'vistas/img/productos/default/anonymous.png', 200, 0, 500, 0, '2023-06-17 20:26:45', 0),
(468, 10, '450', 'Multicontacto Triple Aterrizado', 'vistas/img/productos/default/anonymous.png', 19, 0, 12000, 1, '2023-06-23 10:01:46', 0),
(469, 14, '451', 'Bocha 1', 'vistas/img/productos/default/anonymous.png', 0, 0, 3000, 0, '2023-06-17 20:34:49', 0),
(470, 14, '452', 'Brocha 1media', 'vistas/img/productos/default/anonymous.png', 59, 0, 3500, 1, '2023-06-23 09:31:36', 0),
(471, 14, '453', 'Brocha 2 ', 'vistas/img/productos/default/anonymous.png', 13, 0, 4500, 8, '2023-06-23 09:21:08', 0),
(472, 14, '454', 'Brocha 2 media', 'vistas/img/productos/default/anonymous.png', 24, 0, 5800, 0, '2023-06-19 23:47:43', 0),
(473, 14, '455', 'Brocha 3', 'vistas/img/productos/default/anonymous.png', 11, 0, 6800, 0, '2023-06-19 15:10:27', 0),
(474, 14, '456', 'Brocha 4', 'vistas/img/productos/default/anonymous.png', 3, 0, 10800, 0, '2023-06-19 23:35:42', 0),
(475, 14, '457', 'Brocha 5', 'vistas/img/productos/default/anonymous.png', 13, 0, 12000, 0, '2023-06-19 15:11:08', 0),
(476, 12, '458 ', 'Manija Sanitario', 'vistas/img/productos/default/anonymous.png', 34, 0, 6000, 0, '2023-06-18 02:06:11', 0),
(477, 12, '459', 'Ducha Eléctrica 4 niveles', 'vistas/img/productos/default/anonymous.png', 3, 0, 85000, 0, '2023-06-17 20:46:00', 0),
(478, 12, '460', 'Manguera Lavadora Salida', 'vistas/img/productos/default/anonymous.png', 6, 0, 0, 0, '2023-06-17 20:54:47', 0),
(479, 12, '461', 'Manguera Lavadora entrada', 'vistas/img/productos/default/anonymous.png', 7, 0, 0, 0, '2023-06-17 20:54:20', 0),
(480, 12, '462', 'Flotador Eléctrico', 'vistas/img/productos/default/anonymous.png', 3, 0, 38000, 0, '2023-06-18 01:55:48', 0),
(481, 12, '463', 'Válvula Llenada Unitec ', 'vistas/img/productos/default/anonymous.png', 2, 0, 23000, 0, '2023-06-17 21:04:38', 0),
(482, 10, '464', 'Minibreakers C40 Pacha', 'vistas/img/productos/default/anonymous.png', 6, 0, 28500, 0, '2023-06-17 21:06:58', 0),
(483, 13, '465', 'Tornillos Drawall 2', 'vistas/img/productos/default/anonymous.png', 1000, 0, 100, 0, '2023-06-17 21:08:13', 0),
(484, 13, '466', 'mapeflex Ms 45', 'vistas/img/productos/default/anonymous.png', 11, 0, 45000, 0, '2023-06-17 21:10:15', 0),
(485, 13, '467', 'Cinta doble Fax Grande', 'vistas/img/productos/default/anonymous.png', 6, 0, 6000, 1, '2023-06-20 21:35:19', 0),
(486, 13, '468', 'Disco Flap 80', 'vistas/img/productos/default/anonymous.png', 20, 0, 5000, 0, '2023-06-17 21:13:49', 0),
(487, 12, '469', 'Canastilla Lavaplatos completa', 'vistas/img/productos/default/anonymous.png', 4, 0, 12000, 0, '2023-06-17 21:15:22', 0),
(488, 13, '470', 'Gafas Transparente ', 'vistas/img/productos/default/anonymous.png', 18, 0, 7000, 4, '2023-06-20 08:56:48', 0),
(489, 14, '471', 'Anticorrosivo Agreco Rojo Galon', 'vistas/img/productos/default/anonymous.png', 2, 0, 72000, 0, '2023-06-17 21:18:43', 0),
(490, 14, '472', 'Esmalte Sintética de alto Desempeño Negro ', 'vistas/img/productos/default/anonymous.png', 1, 0, 0, 0, '2023-06-17 21:20:36', 0),
(491, 11, '473', 'Lija 100', 'vistas/img/productos/default/anonymous.png', 175, 0, 2000, 0, '2023-06-17 22:52:11', 0),
(492, 11, '474', 'Lija 180', 'vistas/img/productos/default/anonymous.png', 25, 0, 2000, 0, '2023-06-17 22:55:26', 0),
(493, 11, '475', 'Lija 60', 'vistas/img/productos/default/anonymous.png', 41, 0, 2000, 0, '2023-06-17 22:55:54', 0),
(495, 11, '476', 'Lija 280', 'vistas/img/productos/default/anonymous.png', 151, 0, 2000, 0, '2023-06-17 22:56:16', 0),
(496, 11, '477', 'Lija 220', 'vistas/img/productos/default/anonymous.png', 50, 0, 2000, 0, '2023-06-17 22:56:35', 0),
(497, 11, '478', 'Lija 80', 'vistas/img/productos/default/anonymous.png', 65, 0, 2000, 3, '2023-06-21 19:05:38', 0),
(499, 11, '479', 'Lija 150', 'vistas/img/productos/default/anonymous.png', 249, 0, 2000, 1, '2023-06-21 20:14:34', 0),
(500, 11, '480', 'Lija 400', 'vistas/img/productos/default/anonymous.png', 100, 0, 2000, 0, '2023-06-17 22:58:14', 0),
(501, 11, '481', 'Lija 240', 'vistas/img/productos/default/anonymous.png', 153, 0, 2000, 0, '2023-06-17 22:59:21', 0),
(502, 11, '482', 'Lija 120', 'vistas/img/productos/default/anonymous.png', 44, 0, 2000, 6, '2023-06-23 09:21:08', 0),
(503, 11, '483', 'Lija 320', 'vistas/img/productos/default/anonymous.png', 82, 0, 2000, 0, '2023-06-17 23:01:15', 0),
(504, 7, '484', 'Mineral Rojo', 'vistas/img/productos/default/anonymous.png', 24, 0, 4000, 0, '2023-06-21 19:54:27', 0),
(505, 7, '485', 'Mineral Amarillo', 'vistas/img/productos/default/anonymous.png', 13, 0, 4000, 0, '2023-06-17 23:09:39', 0),
(506, 7, '486', 'Mineral Azul', 'vistas/img/productos/default/anonymous.png', 14, 0, 4000, 0, '2023-06-17 23:10:16', 0),
(507, 7, '487', 'Mineral Blanco', 'vistas/img/productos/default/anonymous.png', 36, 0, 4000, 0, '2023-06-17 23:11:06', 0),
(508, 7, '488', 'Mineral Negro', 'vistas/img/productos/default/anonymous.png', 9, 0, 4000, 0, '2023-06-17 23:11:46', 0),
(509, 7, '489', 'Mineral Verde', 'vistas/img/productos/default/anonymous.png', 14, 0, 4000, 0, '2023-06-22 06:58:34', 0),
(510, 10, '490', 'Tubo Eléctrico  media pulgada', 'vistas/img/productos/default/anonymous.png', 9, 0, 7800, 1, '2023-06-20 19:18:25', 0),
(511, 10, '491', 'Tubo Eléctrico  3 cuartos', 'vistas/img/productos/default/anonymous.png', 5, 0, 4000, 0, '2023-06-17 23:16:02', 0),
(512, 10, '492', 'Curva Eléctrica 1 pulgada', 'vistas/img/productos/default/anonymous.png', 29, 0, 0, 0, '2023-06-17 23:27:11', 0),
(513, 10, '493', 'Curva Eléctrica 3cuartos', 'vistas/img/productos/default/anonymous.png', 13, 0, 0, 0, '2023-06-17 23:28:01', 0),
(514, 18, '494', 'Universal 1 Pulgada', 'vistas/img/productos/default/anonymous.png', 63, 0, 10000, 7, '2023-06-21 20:04:10', 0),
(515, 18, '495', 'Universal 2 pulgadas', 'vistas/img/productos/default/anonymous.png', 10, 0, 34000, 0, '2023-06-19 21:29:41', 0),
(516, 18, '496', 'universal media', 'vistas/img/productos/default/anonymous.png', 22, 0, 6000, 4, '2023-06-21 21:15:34', 0),
(517, 18, '497', 'Universal 1 y media', 'vistas/img/productos/default/anonymous.png', 18, 0, 24200, 0, '2023-06-23 08:38:05', 0),
(518, 18, '498', 'Codo 3 cuartos', 'vistas/img/productos/default/anonymous.png', 100, 0, 1300, 0, '2023-06-17 23:34:47', 0),
(519, 18, '499', 'T media ', 'vistas/img/productos/default/anonymous.png', 176, 0, 800, 0, '2023-06-19 19:04:58', 0),
(520, 19, '500', 'Codo 1 media x 45 cxc', 'vistas/img/productos/default/anonymous.png', 23, 0, 3000, 0, '2023-06-19 16:27:50', 0),
(521, 18, '501', 'Llave Paso 1 Pulgada eco', 'vistas/img/productos/default/anonymous.png', 9, 0, 6000, 1, '2023-06-22 20:43:04', 0),
(522, 12, '502', 'Válvula Llenada Grival Ref 02280001', 'vistas/img/productos/default/anonymous.png', 3, 0, 36000, 0, '2023-06-17 23:41:31', 0),
(523, 12, '503', 'Válvula Descarga Grival  Catapulta boton Ref 738000001', 'vistas/img/productos/default/anonymous.png', 7, 0, 58000, 0, '2023-06-17 23:44:47', 0),
(524, 12, '504', 'Válvula Descarga Grival  Catapulta Ref 738020001', 'vistas/img/productos/default/anonymous.png', 3, 0, 68000, 0, '2023-06-17 23:45:57', 0),
(525, 12, '505', 'Grifería Tanque Universal plus Grival Ref 022880001 ', 'vistas/img/productos/default/anonymous.png', 3, 0, 68000, 0, '2023-06-17 23:48:10', 0),
(526, 12, '506', 'Válvula Doble Descarga Grival Ref 799140001', 'vistas/img/productos/default/anonymous.png', 3, 0, 86000, 0, '2023-06-17 23:49:29', 0),
(527, 14, '507', 'Rodillo Felpa 9', 'vistas/img/productos/default/anonymous.png', 78, 0, 8000, 6, '2023-06-23 09:21:08', 0),
(528, 14, '508', 'Rodillo Felpa 6', 'vistas/img/productos/default/anonymous.png', 24, 0, 6500, 0, '2023-06-17 23:51:25', 0),
(529, 14, '509', 'Rodillo Felpa 4', 'vistas/img/productos/default/anonymous.png', 0, 0, 4500, 0, '2023-06-17 23:51:59', 0),
(530, 14, '510', 'Rodillo Antigoteo 9', 'vistas/img/productos/default/anonymous.png', 48, 0, 12500, 0, '2023-06-17 23:52:52', 0),
(531, 14, '511', 'Rodillo Epóxido 9', 'vistas/img/productos/default/anonymous.png', 12, 0, 13500, 0, '2023-06-17 23:53:54', 0),
(532, 13, '512', 'Malla Rollo 1 mt Blanca', 'vistas/img/productos/default/anonymous.png', 4, 0, 0, 0, '2023-06-17 23:57:09', 0),
(534, 13, '513', 'Malla Rollo 1 mt Negra ', 'vistas/img/productos/default/anonymous.png', 4, 0, 0, 0, '2023-06-17 23:58:02', 0),
(535, 13, '514', 'Malla Rollo 1 cincuenta cm Negra ', 'vistas/img/productos/default/anonymous.png', 1, 0, 0, 0, '2023-06-17 23:59:19', 0),
(536, 13, '515', 'Malla Rollo 1 cincuenta cm Blanca ', 'vistas/img/productos/default/anonymous.png', 2, 0, 0, 0, '2023-06-18 00:00:00', 0),
(537, 12, '516', 'Pedestal Corona Blanco', 'vistas/img/productos/default/anonymous.png', 8, 0, 0, 0, '2023-06-18 00:05:05', 0),
(538, 12, '517', 'Pedestal Corona Beigs', 'vistas/img/productos/default/anonymous.png', 4, 0, 0, 0, '2023-06-18 00:04:54', 0),
(539, 12, '518', 'Tanque 500 lt', 'vistas/img/productos/default/anonymous.png', 1, 0, 0, 0, '2023-06-18 00:05:53', 0),
(540, 12, '519', 'Tanque 1000 lt', 'vistas/img/productos/default/anonymous.png', 1, 0, 462000, 0, '2023-06-23 08:33:31', 0),
(541, 9, '520', 'Barretón Cabo Madera ', 'vistas/img/productos/default/anonymous.png', 3, 0, 45000, 0, '2023-06-18 00:09:12', 0),
(542, 9, '521', 'Barra Herragro', 'vistas/img/productos/default/anonymous.png', 2, 0, 0, 0, '2023-06-18 00:10:03', 0),
(543, 13, '522', 'Lamina Solapa', 'vistas/img/productos/default/anonymous.png', 8, 0, 25000, 1, '2023-06-22 04:17:27', 0),
(544, 17, '523', 'Hacha', 'vistas/img/productos/default/anonymous.png', 1, 0, 0, 0, '2023-06-18 00:11:32', 0),
(545, 17, '524', 'Pica', 'vistas/img/productos/default/anonymous.png', 1, 0, 0, 0, '2023-06-18 00:12:14', 0),
(546, 11, '525', 'Rayador Truper Ref 15424', 'vistas/img/productos/default/anonymous.png', 6, 0, 22500, 0, '2023-06-18 01:52:46', 0),
(547, 11, '526', 'Volteador Aluminio Truper Ref 15421', 'vistas/img/productos/default/anonymous.png', 4, 0, 18000, 0, '2023-06-18 01:53:53', 0),
(548, 12, '527', 'Lavaplatos escurridor Derecho 100cm x 50cm', 'vistas/img/productos/default/anonymous.png', 3, 0, 175000, 0, '2023-06-18 00:19:34', 0),
(549, 12, '528', 'Lavaplatos escurridor Izquierdo 100cm x 50cm', 'vistas/img/productos/default/anonymous.png', 1, 0, 175000, 0, '2023-06-18 00:20:32', 0),
(550, 12, '529', 'Lavaplatos 62cm x 48cm Andina', 'vistas/img/productos/default/anonymous.png', 2, 0, 0, 0, '2023-06-18 00:21:55', 0),
(551, 12, '530', 'Lavaplatos 50cm x 35cm Andina', 'vistas/img/productos/default/anonymous.png', 3, 0, 118000, 0, '2023-06-18 00:22:56', 0),
(552, 9, '531', 'Balde Construcción ', 'vistas/img/productos/default/anonymous.png', 60, 0, 7000, 0, '2023-06-18 00:23:52', 0),
(553, 15, '532', 'Manguera Soat Verde Rollo', 'vistas/img/productos/default/anonymous.png', 1, 0, 0, 0, '2023-06-18 00:25:22', 0),
(554, 15, '533', 'Desmanchado de Piso Botella', 'vistas/img/productos/default/anonymous.png', 13, 0, 6000, 1, '2023-06-23 09:31:36', 0),
(555, 15, '534', 'Acido Nítrico x medio Galón', 'vistas/img/productos/default/anonymous.png', 1, 0, 14000, 0, '2023-06-18 00:27:41', 0),
(556, 15, '535', 'Inmunizante x medio Galón', 'vistas/img/productos/default/anonymous.png', 4, 0, 6500, 0, '2023-06-18 00:29:05', 0),
(557, 14, '536', 'Acronal 30 x 1 cuarto', 'vistas/img/productos/default/anonymous.png', 4, 0, 6500, 0, '2023-06-18 00:30:28', 0),
(558, 14, '537', 'Acronal 50 x 1 cuarto', 'vistas/img/productos/default/anonymous.png', 8, 0, 12500, 0, '2023-06-18 00:31:15', 0),
(559, 13, '538', 'Gancho Eternit ', 'vistas/img/productos/default/anonymous.png', 111, 0, 700, 0, '2023-06-19 23:24:23', 0),
(560, 17, '539', 'Palín Toolcraft', 'vistas/img/productos/default/anonymous.png', 2, 0, 24500, 0, '2023-06-18 00:36:07', 0),
(561, 13, '540', 'Pala Redonda Toolcraft', 'vistas/img/productos/default/anonymous.png', 7, 0, 23500, 0, '2023-06-18 00:37:07', 0),
(562, 17, '541', 'Pala Redonda Truper', 'vistas/img/productos/default/anonymous.png', 10, 0, 23500, 0, '2023-06-18 00:38:12', 0),
(563, 17, '542', 'Pala cuadrada Truper', 'vistas/img/productos/default/anonymous.png', 7, 0, 23500, 0, '2023-06-18 00:39:11', 0),
(564, 17, '543', 'Azadón Herragro ', 'vistas/img/productos/default/anonymous.png', 1, 0, 42000, 0, '2023-06-18 00:40:37', 0),
(565, 9, '544', 'Platón Repello ', 'vistas/img/productos/default/anonymous.png', 5, 0, 8000, 0, '2023-06-18 00:41:20', 0),
(566, 5, '545', 'Marmolina saco', 'vistas/img/productos/default/anonymous.png', 5, 0, 17500, 0, '2023-06-18 00:42:32', 0),
(567, 9, '546', 'Waipe Carpeta x kg', 'vistas/img/productos/default/anonymous.png', 48, 0, 5000, 2, '2023-06-23 10:01:46', 0),
(568, 9, '547', 'Waipe Hilo x kg', 'vistas/img/productos/default/anonymous.png', 24, 0, 9500, 1, '2023-06-20 09:07:24', 0),
(569, 13, '548', 'Clavo para Zinc', 'vistas/img/productos/default/anonymous.png', 45, 0, 5000, 0, '2023-06-18 00:45:15', 0),
(570, 13, '549', 'Grapa Plástica media ', 'vistas/img/productos/default/anonymous.png', 67, 0, 400, 0, '2023-06-18 00:46:33', 0),
(571, 5, '550', 'Saco Yeso', 'vistas/img/productos/default/anonymous.png', 2, 0, 38500, 0, '2023-06-19 22:49:14', 0),
(572, 13, '551', 'amarras 500mm', 'vistas/img/productos/default/anonymous.png', 1, 0, 0, 0, '2023-06-18 00:51:39', 0),
(573, 13, '552', 'Vinipel Mediano', 'vistas/img/productos/default/anonymous.png', 12, 0, 25000, 0, '2023-06-19 13:34:31', 0),
(575, 13, '554', 'Vinipel Pequeño', 'vistas/img/productos/default/anonymous.png', 4, 0, 16000, 1, '2023-06-23 09:31:36', 0),
(576, 13, '553', 'Vinipel Grande', 'vistas/img/productos/default/anonymous.png', 4, 0, 36000, 1, '2023-06-20 21:30:02', 0),
(578, 12, '555', 'Pegante MC 1 dieciséis', 'vistas/img/productos/default/anonymous.png', 3, 0, 16000, 0, '2023-06-18 00:59:30', 0),
(579, 12, '556', 'Pegante MC 1 octavo', 'vistas/img/productos/default/anonymous.png', 3, 0, 0, 0, '2023-06-18 01:00:17', 0),
(580, 9, '557', 'Rebajadora 1500', 'vistas/img/productos/default/anonymous.png', 1, 0, 0, 0, '2023-06-18 01:01:00', 0),
(581, 14, '558', 'Kit Rodillo', 'vistas/img/productos/default/anonymous.png', 1, 0, 0, 0, '2023-06-18 01:01:45', 0),
(582, 13, '559', 'Caja Tapone para Oídos', 'vistas/img/productos/default/anonymous.png', 3, 0, 0, 0, '2023-06-18 01:03:23', 0),
(583, 13, '560', 'Lave fija 30mm', 'vistas/img/productos/default/anonymous.png', 1, 0, 0, 0, '2023-06-18 01:15:35', 0),
(584, 17, '561', 'Alicate 6 Drosh Corte Diagonal', 'vistas/img/productos/default/anonymous.png', 1, 0, 0, 0, '2023-06-18 01:17:18', 0),
(585, 17, '562', 'Pinza 6', 'vistas/img/productos/default/anonymous.png', 1, 0, 0, 0, '2023-06-18 01:17:58', 0),
(586, 17, '563', 'Corta Frio', 'vistas/img/productos/default/anonymous.png', 1, 0, 0, 0, '2023-06-18 01:18:36', 0),
(587, 11, '564', 'Válvula con Barilla Tanque Alto', 'vistas/img/productos/default/anonymous.png', 1, 0, 0, 0, '2023-06-18 01:20:37', 0),
(588, 9, '565', 'Segueta  uduke eco', 'vistas/img/productos/default/anonymous.png', 6, 0, 0, 1, '2023-06-21 19:50:30', 0),
(589, 12, '566', 'Llave Lavamanos Premium en Cascada', 'vistas/img/productos/default/anonymous.png', 2, 0, 205000, 0, '2023-06-18 01:23:17', 0),
(590, 14, '567', 'Botella Tiner ', 'vistas/img/productos/default/anonymous.png', 5, 0, 7000, 3, '2023-06-20 21:30:02', 0),
(591, 14, '568', 'Caneca Tiner', 'vistas/img/productos/default/anonymous.png', 4, 0, 5000, 4, '2023-06-23 09:31:36', 0),
(592, 14, '569', 'Galón Tiner ', 'vistas/img/productos/default/anonymous.png', 3, 0, 32000, 0, '2023-06-18 01:26:29', 0),
(593, 12, '570', 'Válvula Tanque Yarden', 'vistas/img/productos/default/anonymous.png', 10, 0, 0, 0, '2023-06-18 01:27:45', 0),
(594, 15, '571', 'Acido Muriático x medio galón', 'vistas/img/productos/default/anonymous.png', 1, 0, 14000, 0, '2023-06-18 01:29:19', 0),
(595, 18, '572', 'Unión Presión 1y media', 'vistas/img/productos/default/anonymous.png', 24, 0, 0, 0, '2023-06-18 01:30:23', 0),
(596, 15, '573', 'Cloro Granulado x media', 'vistas/img/productos/default/anonymous.png', 20, 0, 7000, 9, '2023-06-23 09:21:08', 0),
(597, 15, '574', 'Cloro Pasta', 'vistas/img/productos/default/anonymous.png', 18, 0, 2500, 0, '2023-06-18 01:34:21', 0),
(598, 19, '575', 'Buje 4x2', 'vistas/img/productos/default/anonymous.png', 7, 0, 0, 0, '2023-06-19 16:20:23', 0),
(599, 18, '576', 'Buje 2x 1y un cuarto', 'vistas/img/productos/default/anonymous.png', 6, 0, 0, 0, '2023-06-18 01:36:36', 0),
(600, 18, '577', 'Buje 1 media x 1', 'vistas/img/productos/default/anonymous.png', 12, 0, 3000, 0, '2023-06-19 21:22:28', 0),
(601, 18, '578', 'T 1 y cuarto', 'vistas/img/productos/default/anonymous.png', 13, 0, 0, 0, '2023-06-19 19:08:38', 0),
(602, 19, '579', 'Codo 1y media cxc', 'vistas/img/productos/default/anonymous.png', 1, 0, 0, 0, '2023-06-18 01:40:00', 0),
(603, 18, '580', 'Buje 2 x 3 cuarto', 'vistas/img/productos/default/anonymous.png', 11, 0, 0, 0, '2023-06-18 01:40:52', 0),
(604, 18, '581', 'Codo 1 y 1 cuarto', 'vistas/img/productos/default/anonymous.png', 6, 0, 0, 0, '2023-06-18 01:42:18', 0),
(605, 17, '582', 'llave Fija 8', 'vistas/img/productos/default/anonymous.png', 5, 0, 0, 0, '2023-06-18 01:47:57', 0),
(606, 17, '583', 'Llave Fija 6', 'vistas/img/productos/default/anonymous.png', 13, 0, 0, 0, '2023-06-18 01:48:36', 0),
(607, 12, '584', 'Valvula de Llenado Aqua', 'vistas/img/productos/default/anonymous.png', 0, 0, 0, 3, '2023-06-23 06:29:25', 0),
(608, 14, '585', 'spray Gris Maquina', 'vistas/img/productos/default/anonymous.png', 4, 0, 10000, 0, '2023-06-18 02:03:10', 0),
(609, 14, '586', 'spray Negro Brillante', 'vistas/img/productos/default/anonymous.png', 4, 0, 10000, 0, '2023-06-18 02:04:03', 0),
(610, 14, '587', 'spray Azul Metalico', 'vistas/img/productos/default/anonymous.png', 2, 0, 10000, 0, '2023-06-18 02:04:46', 0),
(611, 14, '588 ', 'spray Anticorrosivo Rojo', 'vistas/img/productos/default/anonymous.png', 6, 0, 12000, 0, '2023-06-18 02:05:49', 0),
(612, 17, '589', 'Grata Trenzada Toolcraft', 'vistas/img/productos/default/anonymous.png', 3, 0, 16000, 0, '2023-06-18 03:44:18', 0),
(613, 9, '590', 'Nivel Amarillo 20cm', 'vistas/img/productos/default/anonymous.png', 2, 0, 17000, 0, '2023-06-18 03:46:42', 0),
(614, 12, '591', 'Pozuelo Bronce 3pulgadas', 'vistas/img/productos/default/anonymous.png', 2, 0, 14000, 0, '2023-06-18 03:50:29', 0),
(615, 13, '592', 'For Mon', 'vistas/img/productos/default/anonymous.png', 5, 0, 15500, 0, '2023-06-18 03:51:38', 0),
(616, 17, '593', 'Llave Universal para Tuercas ', 'vistas/img/productos/default/anonymous.png', 3, 0, 36000, 0, '2023-06-18 03:53:30', 0),
(617, 17, '594', 'Serrucho 16 pulgadas Pretul', 'vistas/img/productos/default/anonymous.png', 2, 0, 0, 0, '2023-06-18 03:54:32', 0),
(618, 17, '595', 'Serrucho 18 pulgadas Pretul', 'vistas/img/productos/default/anonymous.png', 2, 0, 0, 0, '2023-06-18 03:55:16', 0),
(619, 12, '596', 'Rejilla de Ventilación 15x15', 'vistas/img/productos/default/anonymous.png', 2, 0, 8500, 0, '2023-06-18 03:58:34', 0),
(620, 12, '597', 'Rejilla de Ventilación 20x20', 'vistas/img/productos/default/anonymous.png', 5, 0, 11500, 2, '2023-06-23 07:22:11', 0),
(621, 12, '598', 'Botón Cuadrado Avanti Corona ', 'vistas/img/productos/default/anonymous.png', 3, 0, 0, 0, '2023-06-19 12:48:48', 0),
(622, 12, '599', 'Botón Redondo Corona Cromado', 'vistas/img/productos/default/anonymous.png', 3, 0, 0, 0, '2023-06-19 12:49:57', 0),
(623, 15, '600', 'Filtro Agua Truper Water ', 'vistas/img/productos/default/anonymous.png', 3, 0, 27000, 0, '2023-06-19 12:50:54', 0),
(624, 15, '601', 'Conector Rápido Manguera accesorio Gris Truper 3cuartos', 'vistas/img/productos/default/anonymous.png', 3, 0, 0, 0, '2023-06-19 12:52:35', 0),
(625, 15, '602', 'Conector Rápido Manguera accesorio Negro Truper 3cuartos', 'vistas/img/productos/default/anonymous.png', 4, 0, 0, 0, '2023-06-19 12:53:17', 0),
(626, 17, '603', 'Pinza Punta Redonda 5pulgadas', 'vistas/img/productos/default/anonymous.png', 2, 0, 11500, 0, '2023-06-19 12:54:22', 0),
(627, 17, '604', 'Pinza Punta Aguja 6pulgadas', 'vistas/img/productos/default/anonymous.png', 4, 0, 11500, 0, '2023-06-19 12:55:27', 0),
(628, 17, '605', 'Pinza Corte Diagonal 4pulgadas', 'vistas/img/productos/default/anonymous.png', 2, 0, 0, 0, '2023-06-19 12:57:00', 0),
(629, 17, '606', 'Pinza de Punta Corte Diagonal 5pulgadas', 'vistas/img/productos/default/anonymous.png', 2, 0, 0, 0, '2023-06-19 12:58:15', 0),
(630, 17, '607', 'Hombre Solo Pretul 10 pulgadas', 'vistas/img/productos/default/anonymous.png', 2, 0, 0, 0, '2023-06-19 12:59:25', 0),
(631, 17, '608', 'Hombre Solo Pretul 7 pulgadas', 'vistas/img/productos/default/anonymous.png', 2, 0, 0, 0, '2023-06-19 13:00:11', 0),
(632, 17, '609', 'Pinza 6 Dosh', 'vistas/img/productos/default/anonymous.png', 4, 0, 0, 0, '2023-06-19 13:01:13', 0),
(633, 17, '610', 'Llave Pesto Dosh 6pulgadas', 'vistas/img/productos/default/anonymous.png', 5, 0, 0, 0, '2023-06-19 13:02:49', 0),
(634, 17, '611', 'Pie de Rey', 'vistas/img/productos/default/anonymous.png', 2, 0, 0, 0, '2023-06-19 13:03:19', 0),
(635, 11, '612', 'Serrucho para Yeso', 'vistas/img/productos/default/anonymous.png', 2, 0, 0, 0, '2023-06-19 13:04:20', 0),
(636, 13, '613', 'Corta Vidrio 6 Cuchillas Truper', 'vistas/img/productos/default/anonymous.png', 1, 0, 18500, 0, '2023-06-19 13:05:31', 0),
(637, 13, '614', 'Corta Vidrio 6 Cuchillas Carburo Truper', 'vistas/img/productos/default/anonymous.png', 4, 0, 22800, 0, '2023-06-19 13:06:26', 0),
(638, 15, '615', 'Tijera Para Podar Pretul', 'vistas/img/productos/default/anonymous.png', 4, 0, 0, 0, '2023-06-19 13:07:20', 0),
(639, 17, '616', 'Juego Grata 3 Piezas Brochelin', 'vistas/img/productos/default/anonymous.png', 3, 0, 0, 0, '2023-06-19 13:08:48', 0),
(640, 16, '617', 'Candado Combinación Acero 50mm ', 'vistas/img/productos/default/anonymous.png', 6, 0, 0, 0, '2023-06-19 13:10:08', 0),
(641, 16, '618', 'Candado Maletero 3digitos Horizontal  ', 'vistas/img/productos/default/anonymous.png', 6, 0, 0, 0, '2023-06-19 13:11:16', 0),
(642, 16, '619', 'Candado Maletero 3digitos Vertical ', 'vistas/img/productos/default/anonymous.png', 6, 0, 0, 0, '2023-06-19 13:11:53', 0),
(643, 17, '620', 'Grata 2 tres cuartos Truper', 'vistas/img/productos/default/anonymous.png', 1, 0, 0, 0, '2023-06-19 13:13:18', 0),
(644, 17, '621', 'Segueta Pretul', 'vistas/img/productos/default/anonymous.png', 2, 0, 0, 0, '2023-06-19 13:14:04', 0),
(645, 10, '622', 'Probador Eléctrico Fulgore', 'vistas/img/productos/default/anonymous.png', 5, 0, 0, 0, '2023-06-19 13:15:40', 0),
(646, 17, '623', 'Llave Paso 3 Pulgadas con Rosca', 'vistas/img/productos/default/anonymous.png', 2, 0, 0, 0, '2023-06-19 13:18:20', 0),
(647, 18, '624', 'Llave Paso 2 y media Pulgadas', 'vistas/img/productos/default/anonymous.png', 2, 0, 0, 0, '2023-06-19 13:18:58', 0),
(648, 18, '625', 'Llave Paso 1 y media Pulgadas', 'vistas/img/productos/default/anonymous.png', 4, 0, 0, 0, '2023-06-19 13:19:55', 0),
(649, 18, '626', 'Llave Paso 2 Pulgadas con Rosca', 'vistas/img/productos/default/anonymous.png', 1, 0, 0, 0, '2023-06-19 13:20:55', 0),
(650, 18, '627', 'Llave Paso 2 Pulgadas', 'vistas/img/productos/default/anonymous.png', 4, 0, 0, 0, '2023-06-19 13:22:20', 0),
(651, 13, '628', 'Cáncamos Expansión  M16', 'vistas/img/productos/default/anonymous.png', 11, 0, 0, 0, '2023-06-19 13:23:30', 0),
(652, 13, '629', 'Cáncamos de Expansión M10 abiertos', 'vistas/img/productos/default/anonymous.png', 14, 0, 0, 0, '2023-06-19 13:24:47', 0),
(653, 13, '630', 'Cáncamos de Expansión M10 cerrado', 'vistas/img/productos/default/anonymous.png', 21, 0, 0, 0, '2023-06-19 13:25:31', 0),
(654, 12, '631', 'Y Lavadora Bronce', 'vistas/img/productos/default/anonymous.png', 6, 0, 0, 0, '2023-06-19 13:26:36', 0),
(655, 13, '632', 'Caja Herramienta 13pulgadas', 'vistas/img/productos/default/anonymous.png', 1, 0, 0, 0, '2023-06-19 13:27:27', 0),
(656, 12, '633', 'Abrazadera 5 Pulgadas', 'vistas/img/productos/default/anonymous.png', 72, 0, 0, 0, '2023-06-19 13:29:53', 0),
(657, 12, '634', 'Abrazadera 2 Pulgadas', 'vistas/img/productos/default/anonymous.png', 48, 0, 0, 0, '2023-06-19 13:30:27', 0),
(658, 5, '635', 'Cemento Blanco x Saco', 'vistas/img/productos/default/anonymous.png', 1, 0, 0, 2, '2023-06-23 09:31:36', 0),
(659, 13, '636', 'Cinta Asfáltica x Metros 20cm', 'vistas/img/productos/default/anonymous.png', 1, 0, 10000, 4, '2023-06-23 09:43:54', 0),
(660, 14, '637', 'Balde Pintuland Tipo1 Blanco', 'vistas/img/productos/default/anonymous.png', 2, 0, 195000, 1, '2023-06-21 18:43:24', 0),
(661, 10, '638', 'Curva Eléctrica media pulgada', 'vistas/img/productos/default/anonymous.png', 36, 0, 0, 0, '2023-06-19 13:37:59', 0),
(662, 10, '639', 'Terminal Eléctrica 1pulgada', 'vistas/img/productos/default/anonymous.png', 46, 0, 0, 0, '2023-06-19 13:39:04', 0),
(663, 10, '640', 'Terminal Eléctrica media pulgada', 'vistas/img/productos/default/anonymous.png', 9, 0, 0, 0, '2023-06-19 13:39:47', 0),
(664, 17, '641', 'Perro para Cable 3 dieciséis x5mm', 'vistas/img/productos/default/anonymous.png', 12, 0, 0, 0, '2023-06-19 13:42:30', 0),
(665, 17, '642', 'Perro para Cable 1 octavo x 3mm', 'vistas/img/productos/default/anonymous.png', 12, 0, 0, 0, '2023-06-19 13:43:35', 0),
(666, 17, '643', 'Perro para Cable 1 y media x 6mm', 'vistas/img/productos/default/anonymous.png', 12, 0, 0, 0, '2023-06-19 13:44:30', 0),
(667, 12, '644', 'Grapa Tubo Doble ala 3cuartos', 'vistas/img/productos/default/anonymous.png', 177, 0, 0, 0, '2023-06-19 23:33:35', 0),
(668, 12, '645', 'Grapa Tubo Doble ala 1 pulgada', 'vistas/img/productos/default/anonymous.png', 5, 0, 0, 0, '2023-06-19 23:23:45', 0),
(669, 12, '646', 'Grapa Tubo Doble ala Media pulgada', 'vistas/img/productos/default/anonymous.png', 3, 0, 0, 0, '2023-06-19 23:34:47', 0),
(670, 12, '647', 'Grapa Tubo Doble ala 1 y media pulgada', 'vistas/img/productos/default/anonymous.png', 47, 0, 0, 0, '2023-06-19 13:49:16', 0),
(671, 12, '648', 'Grapa Tubo Doble ala 1 y cuarto pulgada', 'vistas/img/productos/default/anonymous.png', 69, 0, 0, 0, '2023-06-19 13:49:58', 0),
(672, 13, '649', 'Pegadi eco', 'vistas/img/productos/default/anonymous.png', 3, 0, 1500, 0, '2023-06-19 13:50:50', 0),
(673, 13, '650', 'Rueda Alambre Dulce', 'vistas/img/productos/default/anonymous.png', 104, 0, 1500, 0, '2023-06-19 13:51:38', 0),
(674, 9, '651', 'Flexómetro 5mt Pretul ', 'vistas/img/productos/default/anonymous.png', 1, 0, 11500, 1, '2023-06-22 21:10:43', 0),
(675, 17, '652', 'Chazo Expansión 5 dieciséis x3', 'vistas/img/productos/default/anonymous.png', 7, 0, 0, 0, '2023-06-19 13:54:25', 0),
(676, 17, '653', 'Chazo Expansión 5 dieciséis x2', 'vistas/img/productos/default/anonymous.png', 3, 0, 0, 6, '2023-06-22 21:44:13', 0),
(677, 11, '654', 'Tubo Cafe Cortinero X mt', 'vistas/img/productos/default/anonymous.png', 3, 0, 12000, 0, '2023-06-19 13:56:49', 0),
(678, 11, '655', 'Tubo Cafe Cortinero ', 'vistas/img/productos/default/anonymous.png', 10, 0, 0, 0, '2023-06-19 17:40:32', 0),
(679, 11, '656', 'Tubo Dorado Cortinero ', 'vistas/img/productos/default/anonymous.png', 1, 0, 0, 1, '2023-06-20 18:44:50', 0),
(680, 11, '657', 'Tubo Dorado Cortinero x mt', 'vistas/img/productos/default/anonymous.png', 0, 0, 12000, 0, '2023-06-19 13:58:07', 0),
(681, 16, '658', 'Bisagras 3x1Pulgada', 'vistas/img/productos/default/anonymous.png', 2, 0, 0, 3, '2023-06-22 20:43:04', 0),
(683, 16, '659', 'Bisagras  x Trio Blanca', 'vistas/img/productos/default/anonymous.png', 5, 0, 8000, 0, '2023-06-19 14:01:12', 0),
(684, 16, '660', 'Portacandados 4 pulgadas Negro', 'vistas/img/productos/default/anonymous.png', 4, 0, 0, 0, '2023-06-19 14:02:18', 0),
(685, 13, '661', 'Disco para Pulir 9 x 1octavo ', 'vistas/img/productos/default/anonymous.png', 8, 0, 0, 0, '2023-06-19 14:03:46', 0),
(686, 13, '662', 'Disco Corte Metal 7 ', 'vistas/img/productos/default/anonymous.png', 3, 0, 0, 2, '2023-06-23 07:22:10', 0),
(687, 13, '663', 'Disco Pulir 7 Dewalf', 'vistas/img/productos/default/anonymous.png', 4, 0, 0, 0, '2023-06-19 14:06:55', 0),
(688, 16, '664', 'Portacandados 3 pulgadas Negro', 'vistas/img/productos/default/anonymous.png', 9, 0, 0, 0, '2023-06-19 14:07:41', 0),
(689, 16, '665', 'Bisagras 4 x 4 Dorado', 'vistas/img/productos/default/anonymous.png', 9, 0, 0, 0, '2023-06-19 14:08:34', 0),
(690, 16, '666', 'Bisagras 3x1Pulgada Blanca x pares', 'vistas/img/productos/default/anonymous.png', 6, 0, 0, 0, '2023-06-19 14:10:34', 0),
(691, 16, '667', 'Bisagras 4 Pulgadas Cromada', 'vistas/img/productos/default/anonymous.png', 4, 0, 0, 2, '2023-06-22 21:10:43', 0),
(692, 16, '668', 'Bisagras 4 Omega  x Trio Blanca', 'vistas/img/productos/default/anonymous.png', 2, 0, 0, 0, '2023-06-19 14:12:30', 0),
(693, 16, '669', 'Herraje Vera', 'vistas/img/productos/default/anonymous.png', 17, 0, 8000, 4, '2023-06-20 18:44:50', 0),
(694, 16, '670', 'Herraje Vera', 'vistas/img/productos/default/anonymous.png', 12, 0, 14500, 0, '2023-06-19 14:14:45', 0),
(695, 16, '671', 'Herraje Vera', 'vistas/img/productos/default/anonymous.png', 10, 0, 14000, 0, '2023-06-19 14:14:28', 0),
(696, 15, '678', 'Candado Seguridad 30mm', 'vistas/img/productos/default/anonymous.png', 1, 0, 0, 0, '2023-06-19 14:16:08', 0),
(697, 16, '672', 'Candado 60mm', 'vistas/img/productos/default/anonymous.png', 2, 0, 0, 0, '2023-06-19 14:56:03', 0),
(698, 16, '673', 'Candado 30mm eco', 'vistas/img/productos/default/anonymous.png', 3, 0, 0, 1, '2023-06-20 15:58:21', 0),
(699, 17, '674', 'Destornillador USA', 'vistas/img/productos/default/anonymous.png', 18, 0, 0, 0, '2023-06-19 14:22:56', 0),
(700, 17, '675', 'Destornillador Golpe Pala 3 dieciseis x 4', 'vistas/img/productos/default/anonymous.png', 8, 0, 0, 0, '2023-06-19 14:24:01', 0),
(701, 16, '676', 'Destornillador Golpe Pala 1cuarto x 4', 'vistas/img/productos/default/anonymous.png', 5, 0, 0, 0, '2023-06-19 14:24:46', 0),
(702, 17, '677', 'Destornillador Golpe Pala 1cuarto x 6', 'vistas/img/productos/default/anonymous.png', 3, 0, 0, 0, '2023-06-19 14:25:22', 0),
(703, 17, '679', 'Destornillador Golpe Estría 3 dieciseis x4', 'vistas/img/productos/default/anonymous.png', 1, 0, 0, 0, '2023-06-19 14:26:30', 0),
(704, 17, '680', 'Destornillador Golpe Estría Pequeño', 'vistas/img/productos/default/anonymous.png', 2, 0, 0, 0, '2023-06-19 14:27:14', 0),
(705, 17, '681', 'Destornillador Golpe Estría 1 cuarto x6', 'vistas/img/productos/default/anonymous.png', 7, 0, 0, 0, '2023-06-19 14:27:57', 0),
(706, 17, '682', 'Destornillador Amarillo Estría 3 dieciseis x6', 'vistas/img/productos/default/anonymous.png', 3, 0, 0, 0, '2023-06-19 14:29:21', 0),
(707, 17, '683', 'Destornillador Amarillo Estría 5 dieciseis x6', 'vistas/img/productos/default/anonymous.png', 1, 0, 0, 0, '2023-06-19 14:29:58', 0),
(708, 17, '684', 'Destornillador Amarillo Estría 1 cuarto x6', 'vistas/img/productos/default/anonymous.png', 10, 0, 0, 0, '2023-06-19 14:30:46', 0),
(709, 17, '685', 'Destornillador Amarillo Pala 1 cuarto x4', 'vistas/img/productos/default/anonymous.png', 10, 0, 0, 0, '2023-06-19 14:36:27', 0),
(710, 17, '686', 'Destornillador Amarillo Pala 3 dieciseis x4', 'vistas/img/productos/default/anonymous.png', 19, 0, 0, 0, '2023-06-19 14:32:35', 0),
(711, 17, '687', 'Destornillador Amarillo Pala 1 cuarto x6', 'vistas/img/productos/default/anonymous.png', 2, 0, 0, 0, '2023-06-19 14:33:24', 0),
(712, 17, '688', 'Destornillador Amarillo Pala 3 dieciseis x8', 'vistas/img/productos/default/anonymous.png', 1, 0, 0, 0, '2023-06-19 14:35:09', 0),
(713, 18, '689', 'Destornillador Pretul Pala 4pulgadas', 'vistas/img/productos/default/anonymous.png', 4, 0, 12000, 0, '2023-06-20 19:54:56', 0),
(714, 17, '970', 'Destornillador Truper estria 4pulgadas ', 'vistas/img/productos/default/anonymous.png', 4, 0, 12000, 0, '2023-06-20 19:52:42', 0),
(715, 16, '971', 'Bisagra Parche x par', 'vistas/img/productos/default/anonymous.png', 23, 0, 7000, 5, '2023-06-22 21:32:17', 0),
(716, 12, '972', 'Pegante PVC ', 'vistas/img/productos/default/anonymous.png', 29, 0, 2000, 0, '2023-06-19 14:40:44', 0),
(717, 12, '973', 'Pegante PVC ', 'vistas/img/productos/default/anonymous.png', 9, 0, 3000, 0, '2023-06-19 14:41:52', 0),
(718, 12, '974', 'Pegante PVC un 69 eco', 'vistas/img/productos/default/anonymous.png', 9, 0, 0, 1, '2023-06-22 04:59:20', 0),
(719, 12, '975', 'Pegante PVC 1 treintados eco', 'vistas/img/productos/default/anonymous.png', 11, 0, 0, 2, '2023-06-23 07:38:23', 0),
(720, 12, '976', 'Pegante PVC 1 dieciseis eco', 'vistas/img/productos/default/anonymous.png', 7, 0, 17000, 0, '2023-06-19 14:45:07', 0),
(721, 16, '977', 'Candado Llave Seguridad 20mm ', 'vistas/img/productos/default/anonymous.png', 59, 0, 0, 0, '2023-06-22 06:29:19', 0),
(722, 16, '978', 'Candado Llave Seguridad 30mm ', 'vistas/img/productos/default/anonymous.png', 11, 0, 0, 0, '2023-06-19 14:47:41', 0),
(723, 16, '979', 'Candado Llave Seguridad 40mm ', 'vistas/img/productos/default/anonymous.png', 21, 0, 0, 0, '2023-06-19 14:48:32', 0),
(724, 16, '690', 'Candado Llave Seguridad 60mm ', 'vistas/img/productos/default/anonymous.png', 6, 0, 0, 0, '2023-06-19 14:50:18', 0),
(725, 16, '691', 'Candado  Anticizalla  70mm ', 'vistas/img/productos/default/anonymous.png', 7, 0, 36000, 0, '2023-06-19 14:52:28', 0),
(726, 16, '692', 'Candado  Anticizalla  60mm ', 'vistas/img/productos/default/anonymous.png', 1, 0, 32000, 0, '2023-06-19 14:53:14', 0),
(727, 16, '693', 'Candado Extra Largo 70mm Truper', 'vistas/img/productos/default/anonymous.png', 2, 0, 0, 0, '2023-06-19 14:55:11', 0),
(728, 16, '694', 'Candado Extra Largo 73mm Truper', 'vistas/img/productos/default/anonymous.png', 2, 0, 0, 0, '2023-06-19 14:54:58', 0),
(729, 16, '695', 'Candado 50mm eco', 'vistas/img/productos/default/anonymous.png', 1, 0, 0, 0, '2023-06-19 14:57:11', 0),
(730, 13, '696', 'Disco Corte Madera 4 y media', 'vistas/img/productos/default/anonymous.png', 9, 0, 0, 0, '2023-06-19 14:58:06', 0),
(731, 13, '697', 'Disco Corte Madera  7 octavos 80 Dientes', 'vistas/img/productos/default/anonymous.png', 1, 0, 0, 0, '2023-06-19 15:00:09', 0),
(732, 12, '698', 'Disco Corte Madera  7  ', 'vistas/img/productos/default/anonymous.png', 3, 0, 0, 1, '2023-06-23 07:22:10', 0),
(733, 10, '699', 'Tomacorriente eco', 'vistas/img/productos/default/anonymous.png', 28, 0, 7000, 1, '2023-06-22 04:17:27', 0),
(736, 13, '700', 'Gafas Oscura', 'vistas/img/productos/default/anonymous.png', 9, 0, 7000, 0, '2023-06-19 15:08:12', 0),
(737, 14, '701', 'Brocha 1 ', 'vistas/img/productos/default/anonymous.png', 18, 0, 3000, 3, '2023-06-23 09:43:54', 0),
(738, 17, '702', 'Masilla Teja Metal 250gr', 'vistas/img/productos/default/anonymous.png', 5, 0, 0, 0, '2023-06-19 15:13:42', 0),
(739, 17, '703', 'Masilla Teja Metal un 64 ', 'vistas/img/productos/default/anonymous.png', 11, 0, 0, 0, '2023-06-19 15:14:57', 0),
(740, 17, '704', 'Soldalist 250gr', 'vistas/img/productos/default/anonymous.png', 10, 0, 0, 0, '2023-06-19 15:15:50', 0),
(741, 17, '705', 'Soldalist un 64gr', 'vistas/img/productos/default/anonymous.png', 9, 0, 0, 0, '2023-06-19 15:16:49', 0),
(742, 14, '706', 'Cuarto Pintuland tipo 1', 'vistas/img/productos/default/anonymous.png', 2, 0, 22000, 0, '2023-06-19 15:18:40', 0),
(743, 11, '707', 'Cuarto Sika Mastick', 'vistas/img/productos/default/anonymous.png', 4, 0, 14000, 0, '2023-06-19 15:19:37', 0),
(744, 18, '708', 'Granada ', 'vistas/img/productos/default/anonymous.png', 2, 0, 14000, 0, '2023-06-19 15:21:34', 0),
(745, 18, '709', 'Unión 3pulgadas Presión ', 'vistas/img/productos/default/anonymous.png', 4, 0, 0, 0, '2023-06-19 15:23:00', 0),
(746, 16, '710', 'Unión 4pulgadas Presión ', 'vistas/img/productos/default/anonymous.png', 1, 0, 0, 0, '2023-06-19 15:23:28', 0),
(748, 18, '712', 'T 2 y media Presion ', 'vistas/img/productos/default/anonymous.png', 3, 0, 0, 0, '2023-06-19 15:25:22', 0),
(749, 18, '713', 'T 2 Presion ', 'vistas/img/productos/default/anonymous.png', 25, 0, 0, 0, '2023-06-19 15:26:23', 0),
(750, 18, '714', 'Codo  2 pulgadas x 45', 'vistas/img/productos/default/anonymous.png', 16, 0, 0, 0, '2023-06-19 15:27:25', 0),
(751, 18, '715', 'Codo  2 y media pulgadas x 45', 'vistas/img/productos/default/anonymous.png', 2, 0, 0, 0, '2023-06-19 15:28:14', 0),
(752, 18, '716', 'Codo 2 y media pulgada ', 'vistas/img/productos/default/anonymous.png', 1, 0, 0, 0, '2023-06-19 15:29:12', 0),
(753, 19, '717', 'Y Sanitaria 3x2', 'vistas/img/productos/default/anonymous.png', 1, 0, 0, 0, '2023-06-19 15:30:05', 0),
(754, 18, '718', 'Universal 2 y media pulgadas', 'vistas/img/productos/default/anonymous.png', 3, 0, 0, 0, '2023-06-19 15:31:00', 0),
(755, 18, '719', 'Codo  1 y media pulgadas x 45', 'vistas/img/productos/default/anonymous.png', 4, 0, 0, 0, '2023-06-19 15:32:22', 0),
(756, 18, '720', 'Macho 2 pulgadas', 'vistas/img/productos/default/anonymous.png', 16, 0, 0, 0, '2023-06-19 18:41:17', 0),
(757, 19, '721', 'Rejilla Anti Olor Lujo Negra', 'vistas/img/productos/default/anonymous.png', 11, 0, 40000, 0, '2023-06-19 15:34:16', 0),
(758, 18, '722', 'Codo  2 pulgadas Presion', 'vistas/img/productos/default/anonymous.png', 11, 0, 0, 0, '2023-06-19 15:37:06', 0),
(759, 11, '723', 'Pie Amigo Grande', 'vistas/img/productos/default/anonymous.png', 45, 0, 0, 0, '2023-06-19 15:38:16', 0),
(760, 11, '724', 'Pie Amigo Mediano', 'vistas/img/productos/default/anonymous.png', 24, 0, 0, 1, '2023-06-23 06:43:31', 0),
(761, 11, '725', 'Pie Amigo Pequeño', 'vistas/img/productos/default/anonymous.png', 12, 0, 0, 0, '2023-06-19 15:39:46', 0),
(762, 11, '726', 'Pie Amigo Grande Reforzado', 'vistas/img/productos/default/anonymous.png', 10, 0, 0, 0, '2023-06-19 15:40:31', 0),
(763, 11, '727', 'Pie Amigo Pequeño Reforzado', 'vistas/img/productos/default/anonymous.png', 0, 0, 0, 0, '2023-06-19 15:41:12', 0),
(764, 19, '728', 'Rejilla Anti Olor Unitec Lujo', 'vistas/img/productos/default/anonymous.png', 8, 0, 35000, 0, '2023-06-19 15:42:01', 0),
(765, 18, '729', 'Unión Reparación 3cuartos  ', 'vistas/img/productos/default/anonymous.png', 37, 0, 0, 0, '2023-06-19 15:43:04', 0),
(766, 18, '730', 'Union Reparacion 1 pulgada', 'vistas/img/productos/default/anonymous.png', 15, 0, 0, 0, '2023-06-19 15:44:14', 0),
(767, 19, '731', 'Rejilla Sifon 2Pulgadas', 'vistas/img/productos/default/anonymous.png', 39, 0, 0, 0, '2023-06-19 15:45:26', 0),
(768, 19, '732', 'Rejilla Plana Anticucaracha 2Pulgadas', 'vistas/img/productos/default/anonymous.png', 21, 0, 3000, 0, '2023-06-19 15:46:42', 0),
(769, 19, '733', 'Rejilla Plana Anticucaracha 3Pulgadas', 'vistas/img/productos/default/anonymous.png', 10, 0, 6000, 0, '2023-06-19 15:47:37', 0),
(770, 19, '734', 'Rejilla Sifon 3Pulgadas', 'vistas/img/productos/default/anonymous.png', 10, 0, 0, 0, '2023-06-19 15:48:24', 0),
(771, 19, '735', 'Rejilla Plana Rayada 4Pulgadas', 'vistas/img/productos/default/anonymous.png', 10, 0, 0, 1, '2023-06-23 07:22:10', 0),
(772, 19, '736', 'Rejilla Plana Anticucaracha 4Pulgadas', 'vistas/img/productos/default/anonymous.png', 18, 0, 0, 0, '2023-06-19 15:50:09', 0),
(773, 19, '737', 'Rejilla Con Sosco 4 Pulgadas', 'vistas/img/productos/default/anonymous.png', 5, 0, 0, 0, '2023-06-19 15:51:46', 0),
(774, 19, '738', 'Rejilla Con Sosco 3 Pulgadas', 'vistas/img/productos/default/anonymous.png', 11, 0, 0, 0, '2023-06-19 15:52:26', 0),
(775, 19, '739', 'Rejilla Plana Rayada 3Pulgadas', 'vistas/img/productos/default/anonymous.png', 18, 0, 0, 0, '2023-06-19 15:53:23', 0),
(776, 19, '740', 'Rejilla Con Sosco 2 Pulgadas', 'vistas/img/productos/default/anonymous.png', 1, 0, 0, 0, '2023-06-19 15:53:57', 0),
(777, 10, '741', 'Caja Sobreponer 4x4', 'vistas/img/productos/default/anonymous.png', 9, 0, 0, 0, '2023-06-19 15:56:21', 0),
(778, 10, '742', 'Caja Sobreponer 2x4', 'vistas/img/productos/default/anonymous.png', 17, 0, 4000, 1, '2023-06-21 21:15:33', 0),
(779, 10, '743', 'Breakers 50A Pacha', 'vistas/img/productos/default/anonymous.png', 6, 0, 28500, 0, '2023-06-19 15:59:38', 0),
(780, 11, '744', 'Cinta Filo Metalica Drawall 50cm x 30mt', 'vistas/img/productos/default/anonymous.png', 7, 0, 52000, 0, '2023-06-19 16:02:33', 0),
(781, 11, '745', 'Cinta Papel Drawall', 'vistas/img/productos/default/anonymous.png', 2, 0, 28500, 0, '2023-06-19 16:03:32', 0),
(782, 13, '746', 'Disco Turbo Diamantado 9 Cemento Marmol', 'vistas/img/productos/default/anonymous.png', 2, 0, 32000, 0, '2023-06-19 16:04:37', 0),
(784, 13, '747', 'Disco Turbo Diamantado 10 madera 80 Dientes', 'vistas/img/productos/default/anonymous.png', 2, 0, 32600, 0, '2023-06-19 16:06:53', 0),
(785, 13, '748', 'Disco Turbo Diamantado 10 madera 60 Dientes', 'vistas/img/productos/default/anonymous.png', 3, 0, 32600, 0, '2023-06-19 16:07:44', 0),
(786, 13, '749', 'Amarras Plasticas x pq 55cm', 'vistas/img/productos/default/anonymous.png', 1, 0, 18000, 0, '2023-06-19 16:10:01', 0),
(787, 13, '750', 'Cinta Asfáltica x Rollo 20cm', 'vistas/img/productos/default/anonymous.png', 2, 0, 0, 0, '2023-06-19 16:11:22', 0),
(788, 19, '751', 'Tapon de Prueba 4 pulgadas', 'vistas/img/productos/default/anonymous.png', 50, 0, 0, 0, '2023-06-19 16:54:48', 0),
(789, 19, '752', 'Tapon de Prueba 3 pulgadas', 'vistas/img/productos/default/anonymous.png', 42, 0, 0, 0, '2023-06-19 16:55:12', 0),
(790, 19, '753', 'Tapon de Prueba 1y media pulgadas', 'vistas/img/productos/default/anonymous.png', 43, 0, 2000, 0, '2023-06-19 16:15:10', 0),
(791, 19, '754', 'Tapon de Prueba 2 pulgadas', 'vistas/img/productos/default/anonymous.png', 40, 0, 2000, 0, '2023-06-23 08:36:15', 0),
(792, 19, '755', 'Tapon de Prueba 6 pulgadas', 'vistas/img/productos/default/anonymous.png', 13, 0, 0, 0, '2023-06-19 16:16:44', 0),
(793, 19, '756', 'Rejilla Con Sosco Plastico 4 x 3Pulgadas', 'vistas/img/productos/default/anonymous.png', 4, 0, 0, 0, '2023-06-19 16:18:41', 0),
(794, 19, '757', 'Rejilla Anti Olor Plastico 4 x 3Pulgadas', 'vistas/img/productos/default/anonymous.png', 3, 0, 0, 0, '2023-06-19 16:19:35', 0),
(795, 19, '758', 'Buje 4 x 3', 'vistas/img/productos/default/anonymous.png', 26, 0, 0, 0, '2023-06-23 08:46:51', 0),
(797, 19, '760', 'Buje 3x2', 'vistas/img/productos/default/anonymous.png', 17, 0, 0, 0, '2023-06-19 16:22:53', 0),
(798, 19, '759', 'Buje 6x4', 'vistas/img/productos/default/anonymous.png', 1, 0, 0, 0, '2023-06-19 16:23:50', 0);
INSERT INTO `productos` (`id`, `id_categoria`, `codigo`, `descripcion`, `imagen`, `stock`, `precio_compra`, `precio_venta`, `ventas`, `fecha`, `stock_t`) VALUES
(799, 19, '761', 'Buje 3x1 y media', 'vistas/img/productos/default/anonymous.png', 10, 0, 0, 0, '2023-06-19 16:24:36', 0),
(800, 19, '762', 'Buje 2 x1 y media', 'vistas/img/productos/default/anonymous.png', 27, 0, 0, 0, '2023-06-19 16:25:20', 0),
(801, 19, '763', 'Union Reparacion 4 pulgada', 'vistas/img/productos/default/anonymous.png', 4, 0, 0, 0, '2023-06-19 16:26:16', 0),
(802, 19, '764', 'Union Reparacion 3pulgada', 'vistas/img/productos/default/anonymous.png', 4, 0, 0, 0, '2023-06-19 16:26:49', 0),
(803, 19, '765', 'Codo  1 y media pulgadas cxe', 'vistas/img/productos/default/anonymous.png', 38, 0, 0, 0, '2023-06-19 16:31:12', 0),
(804, 19, '766', 'Codo  1 y media pulgadas x 45 cxe', 'vistas/img/productos/default/anonymous.png', 18, 0, 0, 0, '2023-06-19 16:31:55', 0),
(805, 19, '767', 'Codo  2 pulgadas cxc', 'vistas/img/productos/default/anonymous.png', 49, 0, 0, 0, '2023-06-19 16:32:47', 0),
(806, 19, '768', 'Codo  2 pulgadas cxe', 'vistas/img/productos/default/anonymous.png', 16, 0, 0, 0, '2023-06-19 16:33:33', 0),
(807, 19, '769', 'Codo  2 pulgadas x45 cxc', 'vistas/img/productos/default/anonymous.png', 26, 0, 0, 0, '2023-06-19 16:34:23', 0),
(808, 19, '770', 'Codo  2 pulgadas x45 cxe', 'vistas/img/productos/default/anonymous.png', 33, 0, 0, 1, '2023-06-22 20:43:04', 0),
(809, 19, '771', 'Codo  6 pulgadas cxc', 'vistas/img/productos/default/anonymous.png', 10, 0, 0, 0, '2023-06-19 17:12:43', 0),
(810, 19, '772', 'Codo  6 pulgadas x45 cxc', 'vistas/img/productos/default/anonymous.png', 19, 0, 0, 0, '2023-06-19 17:13:51', 0),
(811, 19, '773', 'Codo  3 pulgadas cxe', 'vistas/img/productos/default/anonymous.png', 20, 0, 0, 0, '2023-06-19 16:39:21', 0),
(812, 19, '774', 'Codo  3 pulgadas cxc', 'vistas/img/productos/default/anonymous.png', 15, 0, 0, 0, '2023-06-19 16:40:02', 0),
(813, 19, '775', 'Codo  3 pulgadas x45 cxe', 'vistas/img/productos/default/anonymous.png', 20, 0, 0, 0, '2023-06-19 16:40:36', 0),
(814, 19, '776', 'Codo  3 pulgadas x45 cxc', 'vistas/img/productos/default/anonymous.png', 12, 0, 0, 0, '2023-06-23 08:42:13', 0),
(815, 19, '777', 'Codo  4 pulgadas cxe', 'vistas/img/productos/default/anonymous.png', 19, 0, 0, 0, '2023-06-19 16:41:49', 0),
(816, 19, '778', 'Codo  4 pulgadas cxc', 'vistas/img/productos/default/anonymous.png', 38, 0, 0, 0, '2023-06-23 08:42:33', 0),
(817, 19, '779', 'Codo 4 pulgadas x45 cxe', 'vistas/img/productos/default/anonymous.png', 3, 0, 0, 0, '2023-06-19 16:42:52', 0),
(818, 19, '780', 'Codo  4 pulgadas x45 cxc', 'vistas/img/productos/default/anonymous.png', 5, 0, 0, 1, '2023-06-20 21:30:02', 0),
(819, 19, '781', 'T con Reduccion 4x2', 'vistas/img/productos/default/anonymous.png', 6, 0, 0, 0, '2023-06-19 17:33:59', 0),
(820, 19, '782', 'T con Reduccion 4x3', 'vistas/img/productos/default/anonymous.png', 8, 0, 0, 0, '2023-06-19 16:50:14', 0),
(821, 19, '783', 'T con Reduccion 3x2', 'vistas/img/productos/default/anonymous.png', 9, 0, 0, 0, '2023-06-19 16:50:44', 0),
(822, 19, '784', 'Y con Reduccion 4x2', 'vistas/img/productos/default/anonymous.png', 11, 0, 0, 0, '2023-06-19 17:34:42', 0),
(823, 19, '785', 'Y con Reduccion 4x3', 'vistas/img/productos/default/anonymous.png', 6, 0, 0, 0, '2023-06-19 17:36:27', 0),
(824, 19, '786', 'Y con Reduccion 3x2', 'vistas/img/productos/default/anonymous.png', 46, 0, 0, 0, '2023-06-19 17:35:33', 0),
(825, 18, '789', 'Tubo Presion media Fino', 'vistas/img/productos/default/anonymous.png', 67, 0, 17500, 7, '2023-06-23 08:32:21', 0),
(826, 18, '790', 'Tubo Presion media Linea azul', 'vistas/img/productos/default/anonymous.png', 0, 0, 0, 0, '2023-06-19 16:57:00', 0),
(827, 18, '791', 'Tubo Presion 3 cuartos', 'vistas/img/productos/default/anonymous.png', 57, 0, 21000, 4, '2023-06-23 08:35:13', 0),
(828, 18, '792', 'Tubo Presion 1 pulgada', 'vistas/img/productos/default/anonymous.png', 32, 0, 0, 2, '2023-06-23 07:38:23', 0),
(829, 18, '793', 'Tubo Presion 1 ymedia pulgada', 'vistas/img/productos/default/anonymous.png', 12, 0, 0, 0, '2023-06-19 16:59:52', 0),
(830, 18, '794', 'Tubo Presion 1y cuarto pulgada', 'vistas/img/productos/default/anonymous.png', 6, 0, 0, 0, '2023-06-19 17:00:32', 0),
(832, 18, '795', 'Tubo Presion 2 pulgada', 'vistas/img/productos/default/anonymous.png', 7, 0, 0, 0, '2023-06-19 17:02:17', 0),
(833, 18, '796', 'Union 2 Presion', 'vistas/img/productos/default/anonymous.png', 11, 0, 0, 0, '2023-06-19 17:02:58', 0),
(834, 19, '797', 'Tubo Sanitario Fino 1 y media Pulgada', 'vistas/img/productos/default/anonymous.png', 2, 0, 0, 0, '2023-06-19 17:42:14', 0),
(835, 19, '798', 'Tubo Sanitario Fino 2 Pulgada', 'vistas/img/productos/default/anonymous.png', 10, 0, 0, 0, '2023-06-19 17:42:36', 0),
(836, 19, '799', 'Tubo Sanitario Fino 3 Pulgada', 'vistas/img/productos/default/anonymous.png', 7, 0, 0, 0, '2023-06-19 17:43:05', 0),
(837, 19, '800', 'Tubo Sanitario Fino 4 Pulgada', 'vistas/img/productos/default/anonymous.png', 4, 0, 0, 1, '2023-06-23 07:38:23', 0),
(839, 19, '801', 'Tubo Sanitario 6 Pulgada', 'vistas/img/productos/default/anonymous.png', 4, 0, 0, 0, '2023-06-19 17:07:37', 0),
(840, 19, '802', 'Tubo Sanitario eco 1 y media Pulgada', 'vistas/img/productos/default/anonymous.png', 10, 0, 0, 0, '2023-06-19 17:43:56', 0),
(841, 19, '803', 'Tubo Sanitario eco 2 Pulgada', 'vistas/img/productos/default/anonymous.png', 8, 0, 0, 0, '2023-06-19 17:44:21', 0),
(842, 19, '804', 'Tubo Sanitario eco 3 Pulgada', 'vistas/img/productos/default/anonymous.png', 4, 0, 0, 0, '2023-06-19 17:09:14', 0),
(843, 19, '805', 'Tubo Sanitario eco 4 Pulgada', 'vistas/img/productos/default/anonymous.png', 4, 0, 0, 0, '2023-06-19 17:09:55', 0),
(844, 19, '806', 'Tubo Sanitario  1 y media Pulgada xmt', 'vistas/img/productos/default/anonymous.png', 9, 0, 0, 0, '2023-06-19 17:11:07', 0),
(845, 19, '807', 'Union Sanitaria 1y media Pulgada', 'vistas/img/productos/default/anonymous.png', 54, 0, 2500, 0, '2023-06-19 17:18:00', 0),
(846, 19, '808', 'Union Sanitaria 2 Pulgada', 'vistas/img/productos/default/anonymous.png', 32, 0, 3000, 4, '2023-06-22 21:10:43', 0),
(847, 19, '809', 'Union Sanitaria 3 Pulgada', 'vistas/img/productos/default/anonymous.png', 48, 0, 0, 0, '2023-06-23 08:40:47', 0),
(848, 19, '810', 'Union Sanitaria 4 Pulgada', 'vistas/img/productos/default/anonymous.png', 38, 0, 0, 0, '2023-06-23 08:41:18', 0),
(849, 19, '811', 'Union Sanitaria 6 Pulgada', 'vistas/img/productos/default/anonymous.png', 8, 0, 0, 1, '2023-06-21 19:32:00', 0),
(850, 19, '812', 'T Sanitaria 1y media Pulgada', 'vistas/img/productos/default/anonymous.png', 7, 0, 0, 0, '2023-06-19 17:21:18', 0),
(851, 19, '813', 'T Sanitaria 2 Pulgada', 'vistas/img/productos/default/anonymous.png', 10, 0, 0, 1, '2023-06-22 20:43:04', 0),
(852, 19, '814', 'T Sanitaria 3 Pulgada', 'vistas/img/productos/default/anonymous.png', 38, 0, 0, 0, '2023-06-19 17:23:17', 0),
(853, 19, '815', 'T Sanitaria 4 Pulgada', 'vistas/img/productos/default/anonymous.png', 32, 0, 13500, 0, '2023-06-23 08:49:29', 0),
(854, 19, '816', 'T Sanitaria 6 Pulgada', 'vistas/img/productos/default/anonymous.png', 7, 0, 0, 0, '2023-06-19 17:24:20', 0),
(855, 19, '817', 'Y Sanitaria 1y media Pulgada', 'vistas/img/productos/default/anonymous.png', 6, 0, 0, 0, '2023-06-19 17:39:39', 0),
(856, 19, '818', 'Y Sanitaria 2 Pulgada', 'vistas/img/productos/default/anonymous.png', 10, 0, 0, 0, '2023-06-19 17:39:16', 0),
(857, 19, '819', 'Y Sanitaria 3 Pulgada', 'vistas/img/productos/default/anonymous.png', 2, 0, 0, 0, '2023-06-19 17:38:40', 0),
(858, 19, '820', 'Y Sanitaria 4 Pulgada', 'vistas/img/productos/default/anonymous.png', 13, 0, 0, 0, '2023-06-19 17:38:13', 0),
(859, 19, '821', 'Y Sanitaria 6 Pulgada', 'vistas/img/productos/default/anonymous.png', 0, 0, 0, 0, '2023-06-19 17:28:03', 0),
(860, 19, '822', 'Sifon Anti Olor Curvo 1 y media', 'vistas/img/productos/default/anonymous.png', 15, 0, 0, 0, '2023-06-19 17:29:45', 0),
(861, 19, '823', 'Sifn Anti Olor 1 y media Pulgada', 'vistas/img/productos/default/anonymous.png', 8, 0, 0, 0, '2023-06-19 17:30:42', 0),
(862, 19, '824', 'Sifn Anti Olor 2 Pulgada', 'vistas/img/productos/default/anonymous.png', 0, 0, 0, 0, '2023-06-19 17:31:14', 0),
(863, 19, '825', 'Sifn Anti Olor 3 Pulgada', 'vistas/img/productos/default/anonymous.png', 10, 0, 0, 0, '2023-06-19 17:31:53', 0),
(864, 19, '826', 'Sifn Anti Olor 4 Pulgada', 'vistas/img/productos/default/anonymous.png', 5, 0, 0, 0, '2023-06-19 17:32:51', 0),
(865, 19, '827', 'Sifn Anti Olor 5 Pulgada', 'vistas/img/productos/default/anonymous.png', 0, 0, 0, 0, '2023-06-19 17:33:24', 0),
(867, 18, '828', 'T media Presion', 'vistas/img/productos/default/anonymous.png', 66, 0, 0, 10, '2023-06-23 09:43:54', 0),
(868, 18, '829', 'T 3cuartos Presion', 'vistas/img/productos/default/anonymous.png', 143, 0, 0, 32, '2023-06-21 19:32:00', 0),
(869, 18, '830', 'Tee 1 Presion', 'vistas/img/productos/default/anonymous.png', 85, 0, 0, 1, '2023-06-23 08:28:04', 0),
(870, 19, '831', 'Tubo x mt Sanitario 1y media Pulgada eco', 'vistas/img/productos/default/anonymous.png', 14, 0, 0, 0, '2023-06-19 17:55:34', 0),
(871, 19, '832', 'Tubo x mt Sanitario 2 Pulgada eco', 'vistas/img/productos/default/anonymous.png', 0, 0, 0, 0, '2023-06-19 17:56:14', 0),
(872, 19, '833', 'Tubo x mt Sanitario 1y media Pulgada Fino', 'vistas/img/productos/default/anonymous.png', 2, 0, 0, 0, '2023-06-19 17:57:21', 0),
(873, 19, '834', 'Tubo x mt Sanitario 2 Pulgada Fino', 'vistas/img/productos/default/anonymous.png', 4, 0, 0, 0, '2023-06-19 17:58:05', 0),
(874, 19, '835', 'Tubo x mt Sanitario 3 Pulgada Fino', 'vistas/img/productos/default/anonymous.png', 5, 0, 0, 0, '2023-06-19 17:58:34', 0),
(875, 18, '836', 'Tubo x mt Presion 1y media Pulgada ', 'vistas/img/productos/default/anonymous.png', 9, 0, 13200, 3, '2023-06-20 21:16:30', 0),
(876, 18, '837', 'Tubo x mt Presion 1y cuarto Pulgada ', 'vistas/img/productos/default/anonymous.png', 2, 0, 0, 0, '2023-06-19 18:00:24', 0),
(877, 18, '838', 'Tubo x mt Presion 3cuartos Pulgada ', 'vistas/img/productos/default/anonymous.png', 4, 0, 0, 0, '2023-06-19 18:01:04', 0),
(878, 18, '839', 'Tubo x mt Presion 1 Pulgada ', 'vistas/img/productos/default/anonymous.png', 6, 0, 0, 2, '2023-06-21 20:04:10', 0),
(879, 18, '840', 'Tubo x mt Presion 2 Pulgada ', 'vistas/img/productos/default/anonymous.png', 5, 0, 0, 0, '2023-06-19 18:02:14', 0),
(880, 18, '841', 'Buje 4x 2y media ', 'vistas/img/productos/default/anonymous.png', 1, 0, 0, 0, '2023-06-19 18:04:12', 0),
(881, 18, '842', 'Tapon con Rosca 1ycuarto', 'vistas/img/productos/default/anonymous.png', 1, 0, 0, 0, '2023-06-19 18:05:47', 0),
(882, 18, '843', 'Buje con Rosca 2x 1y media ', 'vistas/img/productos/default/anonymous.png', 3, 0, 0, 0, '2023-06-19 18:06:33', 0),
(883, 18, '844', 'Tee Presion 1 y cuarto', 'vistas/img/productos/default/anonymous.png', 18, 0, 0, 0, '2023-06-23 08:26:16', 0),
(884, 18, '845', 'Hembra 1 y cuarto ', 'vistas/img/productos/default/anonymous.png', 27, 0, 0, 0, '2023-06-19 18:45:24', 0),
(885, 18, '846', 'Codo 1y media ', 'vistas/img/productos/default/anonymous.png', 1, 0, 0, 0, '2023-06-19 18:09:39', 0),
(887, 18, '847', 'Collarin 3 Presion', 'vistas/img/productos/default/anonymous.png', 13, 0, 0, 0, '2023-06-19 18:11:57', 0),
(888, 18, '848', 'Union Reparacion Media Presion', 'vistas/img/productos/default/anonymous.png', 22, 0, 0, 0, '2023-06-19 18:12:45', 0),
(889, 18, '849', 'Buje 1 y cuarto x media', 'vistas/img/productos/default/anonymous.png', 45, 0, 0, 1, '2023-06-22 04:48:25', 0),
(890, 18, '850', 'Buje 2 x media ', 'vistas/img/productos/default/anonymous.png', 133, 0, 0, 3, '2023-06-20 21:16:30', 0),
(891, 18, '851', 'Codo media Presion', 'vistas/img/productos/default/anonymous.png', 190, 0, 700, 39, '2023-06-23 10:01:46', 0),
(892, 18, '852', 'Union Reparacion 2 Presion', 'vistas/img/productos/default/anonymous.png', 3, 0, 0, 0, '2023-06-19 18:21:13', 0),
(893, 18, '853', 'Codo 3cuartos Presion', 'vistas/img/productos/default/anonymous.png', 112, 0, 1300, 8, '2023-06-20 15:58:21', 0),
(894, 18, '854', 'Codo 1pulgada Presion', 'vistas/img/productos/default/anonymous.png', 36, 0, 1500, 7, '2023-06-23 09:31:36', 0),
(895, 18, '855', 'Codo 1 y cuarto Presion', 'vistas/img/productos/default/anonymous.png', 8, 0, 0, 0, '2023-06-19 18:24:07', 0),
(896, 18, '856', 'Codo 1 y media Presion', 'vistas/img/productos/default/anonymous.png', 16, 0, 0, 2, '2023-06-20 19:04:17', 0),
(897, 18, '857', 'Codo 2 pulgadas Presion', 'vistas/img/productos/default/anonymous.png', 5, 0, 0, 1, '2023-06-21 19:32:00', 0),
(898, 18, '858', 'Niple PVC media', 'vistas/img/productos/default/anonymous.png', 15, 0, 0, 0, '2023-06-19 18:26:53', 0),
(899, 18, '859', 'Niple PVC 3cuartos', 'vistas/img/productos/default/anonymous.png', 14, 0, 0, 0, '2023-06-19 18:27:35', 0),
(900, 18, '860', 'Niple PVC 1 pulgada', 'vistas/img/productos/default/anonymous.png', 9, 0, 0, 0, '2023-06-19 18:28:08', 0),
(901, 18, '861', 'Codo x45 Presion media', 'vistas/img/productos/default/anonymous.png', 74, 0, 0, 0, '2023-06-19 18:29:04', 0),
(902, 18, '862', 'Codo x45 Presion 3 cuartos', 'vistas/img/productos/default/anonymous.png', 36, 0, 0, 0, '2023-06-19 18:29:51', 0),
(903, 18, '863', 'Codo x45 Presion 1 Pulgada', 'vistas/img/productos/default/anonymous.png', 19, 0, 0, 0, '2023-06-19 18:30:29', 0),
(904, 18, '864', 'Codo x45 Presion 1 y cuarto Pulgada', 'vistas/img/productos/default/anonymous.png', 24, 0, 0, 0, '2023-06-19 18:31:15', 0),
(905, 18, '865', 'Codo x45 Presion 1 y media Pulgada', 'vistas/img/productos/default/anonymous.png', 16, 0, 0, 0, '2023-06-19 18:32:01', 0),
(906, 18, '866', 'Codo x45 Presion 2 Pulgadas', 'vistas/img/productos/default/anonymous.png', 6, 0, 0, 0, '2023-06-19 18:32:41', 0),
(907, 18, '867', 'Union Niple Media', 'vistas/img/productos/default/anonymous.png', 4, 0, 0, 0, '2023-06-19 18:33:38', 0),
(908, 18, '868', 'Union Niple 3 cuartos', 'vistas/img/productos/default/anonymous.png', 0, 0, 0, 0, '2023-06-19 18:34:20', 0),
(909, 18, '869', 'Union Niple 1 Pulgada', 'vistas/img/productos/default/anonymous.png', 14, 0, 0, 0, '2023-06-19 18:35:01', 0),
(910, 18, '870', 'Union Presion media', 'vistas/img/productos/default/anonymous.png', 202, 0, 700, 32, '2023-06-23 10:01:46', 0),
(911, 18, '871', 'Union Presion 3 cuartos', 'vistas/img/productos/default/anonymous.png', 194, 0, 1300, 0, '2023-06-19 18:37:04', 0),
(912, 16, '872', 'Union Presion 1Pulgada', 'vistas/img/productos/default/anonymous.png', 102, 0, 2300, 9, '2023-06-23 07:38:23', 0),
(913, 18, '873', 'Union Presion 1 y media Pulgada', 'vistas/img/productos/default/anonymous.png', 7, 0, 0, 1, '2023-06-20 19:04:17', 0),
(914, 18, '874', 'Union Presion 1 y cuarto Pulgada', 'vistas/img/productos/default/anonymous.png', 16, 0, 0, 0, '2023-06-19 18:38:48', 0),
(915, 18, '875', 'Union Presion 2 Pulgada', 'vistas/img/productos/default/anonymous.png', 25, 0, 0, 0, '2023-06-23 08:36:55', 0),
(916, 18, '876', 'Macho media pulgadas', 'vistas/img/productos/default/anonymous.png', 162, 0, 800, 13, '2023-06-23 08:22:22', 0),
(917, 18, '877', 'Macho 3 cuartos pulgadas', 'vistas/img/productos/default/anonymous.png', 80, 0, 0, 0, '2023-06-19 18:42:43', 0),
(918, 18, '878', 'Macho 1 y cuartos pulgadas', 'vistas/img/productos/default/anonymous.png', 25, 0, 0, 0, '2023-06-19 18:43:22', 0),
(919, 18, '879', 'Macho 1 pulgadas', 'vistas/img/productos/default/anonymous.png', 72, 0, 0, 7, '2023-06-21 20:04:10', 0),
(920, 18, '880', 'Macho 1 y media pulgadas', 'vistas/img/productos/default/anonymous.png', 13, 0, 0, 0, '2023-06-19 18:44:29', 0),
(921, 18, '711', 'Hembra 2 Presion', 'vistas/img/productos/default/anonymous.png', 19, 0, 0, 0, '2023-06-19 18:46:45', 0),
(922, 18, '881', 'Hembra media  Presion', 'vistas/img/productos/default/anonymous.png', 539, 0, 0, 6, '2023-06-23 08:22:52', 0),
(923, 18, '882', 'Hembra 1 y media  Presion', 'vistas/img/productos/default/anonymous.png', 1, 0, 5500, 0, '2023-06-19 18:49:07', 0),
(925, 18, '883', 'Hembra 1 Presion', 'vistas/img/productos/default/anonymous.png', 73, 0, 0, 3, '2023-06-23 08:23:35', 0),
(927, 18, '884', 'Hembra 3 cuartos Presion', 'vistas/img/productos/default/anonymous.png', 146, 0, 0, 0, '2023-06-19 18:52:30', 0),
(928, 18, '885', 'Tapo Liso media', 'vistas/img/productos/default/anonymous.png', 139, 0, 800, 4, '2023-06-22 04:59:20', 0),
(929, 18, '886', 'Tapon Liso 1 pulgda', 'vistas/img/productos/default/anonymous.png', 67, 0, 0, 0, '2023-06-23 08:29:01', 0),
(930, 18, '887', 'Tapo Liso 3 cuartos', 'vistas/img/productos/default/anonymous.png', 75, 0, 0, 0, '2023-06-19 18:54:48', 0),
(931, 18, '888', 'Tapo Liso 1 y cuarto', 'vistas/img/productos/default/anonymous.png', 0, 0, 0, 0, '2023-06-19 18:55:45', 0),
(932, 18, '889', 'Tapon Liso 1y media pulgadas', 'vistas/img/productos/default/anonymous.png', 7, 0, 0, 0, '2023-06-19 18:56:26', 0),
(933, 18, '890', 'Tapon con Rosca 1', 'vistas/img/productos/default/anonymous.png', 11, 0, 0, 0, '2023-06-19 18:58:48', 0),
(934, 18, '891', 'Tapon con Rosca 1 y media ', 'vistas/img/productos/default/anonymous.png', 1, 0, 0, 0, '2023-06-19 19:02:15', 0),
(935, 18, '892', 'Tapo con Rosca media', 'vistas/img/productos/default/anonymous.png', 118, 0, 0, 1, '2023-06-20 18:44:50', 0),
(936, 18, '893', 'Tapo con Rosca 3 cuartos', 'vistas/img/productos/default/anonymous.png', 44, 0, 0, 0, '2023-06-19 19:01:51', 0),
(937, 18, '894', 'Tapo con Rosca 2', 'vistas/img/productos/default/anonymous.png', 3, 0, 0, 0, '2023-06-19 19:03:04', 0),
(938, 18, '895', 'T 2 Presion ', 'vistas/img/productos/default/anonymous.png', 7, 0, 0, 0, '2023-06-19 19:11:21', 0),
(939, 18, '896', 'PEF manguera a manguera', 'vistas/img/productos/default/anonymous.png', 0, 0, 0, 0, '2023-06-19 19:15:03', 0),
(940, 18, '897', 'PEF Macho', 'vistas/img/productos/default/anonymous.png', 16, 0, 0, 3, '2023-06-22 04:48:25', 0),
(941, 18, '898', 'PEF Hembra', 'vistas/img/productos/default/anonymous.png', 12, 0, 0, 0, '2023-06-19 19:15:47', 0),
(942, 18, '899', 'Tapon Macho  media PVC', 'vistas/img/productos/default/anonymous.png', 32, 0, 0, 2, '2023-06-20 19:04:17', 0),
(943, 18, '900', 'Codo con Rosca  media ', 'vistas/img/productos/default/anonymous.png', 26, 0, 0, 1, '2023-06-21 19:05:38', 0),
(944, 18, '901', 'Codo con Rosca  3 cuartos', 'vistas/img/productos/default/anonymous.png', 17, 0, 0, 0, '2023-06-19 19:18:42', 0),
(945, 18, '343', 'Buje 1 y cuarto x 1 Presion', 'vistas/img/productos/default/anonymous.png', 25, 0, 2000, 0, '2023-06-19 21:12:52', 0),
(946, 18, '175', 'Buje 3cuartos x media presion ', 'vistas/img/productos/default/anonymous.png', 58, 0, 1400, 2, '2023-06-22 04:48:25', 0),
(947, 18, '787', 'Buje 1 y cuarto x media presion', 'vistas/img/productos/default/anonymous.png', 129, 0, 1800, 1, '2023-06-22 07:25:34', 0),
(948, 18, '788', 'Buje 1 x 3cuartos Presion', 'vistas/img/productos/default/anonymous.png', 41, 0, 1500, 0, '2023-06-19 21:18:21', 0),
(949, 18, '902', 'buje 2 x 1 Presion', 'vistas/img/productos/default/anonymous.png', 20, 0, 4000, 0, '2023-06-19 21:23:52', 0),
(950, 18, '903', 'Buje 2 x1 y media Presion', 'vistas/img/productos/default/anonymous.png', 24, 0, 5500, 0, '2023-06-19 21:25:33', 0),
(951, 18, '904', 'Universal 3cuartos', 'vistas/img/productos/default/anonymous.png', 12, 0, 7500, 1, '2023-06-23 06:29:25', 0),
(952, 18, '905', 'Universal 1y un cuarto', 'vistas/img/productos/default/anonymous.png', 11, 0, 16000, 0, '2023-06-19 21:41:10', 0),
(953, 18, '906', 'Buje 1 y  cuarto x 3cuartos', 'vistas/img/productos/default/anonymous.png', 8, 0, 3800, 0, '2023-06-19 21:43:26', 0),
(954, 18, '907', 'Buje 1 media x 3cuartos', 'vistas/img/productos/default/anonymous.png', 12, 0, 3800, 0, '2023-06-19 21:44:40', 0),
(955, 18, '908', 'Buje 1 media x 1 y un cuarto', 'vistas/img/productos/default/anonymous.png', 7, 0, 0, 0, '2023-06-19 21:48:00', 0),
(956, 17, '909', 'Chazo Expansión 3octavos x 2', 'vistas/img/productos/default/anonymous.png', 23, 0, 0, 0, '2023-06-19 21:52:16', 0),
(957, 17, '910', 'Chazo Expansión 1cuarto x 3', 'vistas/img/productos/default/anonymous.png', 73, 0, 0, 6, '2023-06-23 06:29:25', 0),
(958, 9, '911', 'Flexómetro 7mt ', 'vistas/img/productos/default/anonymous.png', 3, 0, 16000, 1, '2023-06-23 06:58:19', 0),
(959, 17, '912', 'Flexómetro 5mt Wolfox', 'vistas/img/productos/default/anonymous.png', 1, 0, 0, 0, '2023-06-19 21:56:03', 0),
(960, 9, '913', 'Soporte Doble Cortinero cafe', 'vistas/img/productos/default/anonymous.png', 17, 0, 4200, 0, '2023-06-23 08:06:23', 0),
(961, 9, '914', 'Soporte Doble Cortinero Dorado', 'vistas/img/productos/default/anonymous.png', 24, 0, 4200, 0, '2023-06-23 08:06:06', 0),
(962, 9, '915', 'Soporte Plafón Cortinero cafe', 'vistas/img/productos/default/anonymous.png', 0, 0, 0, 0, '2023-06-23 08:05:41', 0),
(964, 9, '917', 'Soporte Cortinero cafe de media', 'vistas/img/productos/default/anonymous.png', 21, 0, 1200, 0, '2023-06-23 08:04:04', 0),
(965, 9, '918', 'Soporte Cortinero Dorado de media', 'vistas/img/productos/default/anonymous.png', 12, 0, 1200, 0, '2023-06-23 08:03:47', 0),
(966, 9, '919', 'Soporte Cortinero cafe de 3cuartos', 'vistas/img/productos/default/anonymous.png', 4, 0, 1200, 0, '2023-06-23 08:03:31', 0),
(967, 9, '920', 'Soporte Cortinero Dorado de 3cuartos', 'vistas/img/productos/default/anonymous.png', 9, 0, 1200, 0, '2023-06-23 08:03:03', 0),
(968, 9, '921', 'Tapón Cortinero Cafe 1', 'vistas/img/productos/default/anonymous.png', 27, 0, 1000, 0, '2023-06-19 22:08:27', 0),
(969, 9, '922', 'Tapón Cortinero dorado 1', 'vistas/img/productos/default/anonymous.png', 18, 0, 1000, 0, '2023-06-19 22:09:11', 0),
(970, 9, '923', 'Tapón Cortinero Cafe de 3cuartos', 'vistas/img/productos/default/anonymous.png', 19, 0, 1000, 0, '2023-06-19 22:11:59', 0),
(971, 9, '924', 'Tapón Cortinero Dorado 3cuartos', 'vistas/img/productos/default/anonymous.png', 37, 0, 1000, 0, '2023-06-19 22:13:53', 0),
(972, 9, '925', 'Tapón Cortinero Cafe media', 'vistas/img/productos/default/anonymous.png', 21, 0, 700, 0, '2023-06-19 22:14:35', 0),
(973, 9, '926', 'Tapón Cortinero dorado media', 'vistas/img/productos/default/anonymous.png', 58, 0, 700, 0, '2023-06-19 22:15:28', 0),
(975, 9, '927', 'Soporte Plafón Cortinero cafe media', 'vistas/img/productos/default/anonymous.png', 50, 0, 1200, 0, '2023-06-23 08:01:13', 0),
(976, 13, '928', 'Tapones para oidos con cuerda', 'vistas/img/productos/default/anonymous.png', 12, 0, 0, 2, '2023-06-22 20:43:04', 0),
(977, 11, '929', 'Platacho Mango Madera ', 'vistas/img/productos/default/anonymous.png', 2, 0, 17000, 0, '2023-06-19 22:24:36', 0),
(978, 11, '930', 'Platacho Mango Plastico ', 'vistas/img/productos/default/anonymous.png', 1, 0, 15000, 0, '2023-06-19 22:25:30', 0),
(979, 11, '932', 'Platacho  Madera pequeño', 'vistas/img/productos/default/anonymous.png', 1, 0, 6900, 0, '2023-06-19 22:26:42', 0),
(980, 1, '933', 'Adaptador para Roto Martillo Truper', 'vistas/img/productos/default/anonymous.png', 6, 0, 0, 0, '2023-06-19 22:29:44', 0),
(981, 1, '934', 'Extencion Magnetica para Taladro 1cuarto Truper', 'vistas/img/productos/default/anonymous.png', 1, 0, 0, 0, '2023-06-19 22:31:06', 0),
(982, 12, '935', 'Válvula Tanque Alto MAX  ', 'vistas/img/productos/default/anonymous.png', 1, 0, 45000, 0, '2023-06-19 22:33:43', 0),
(983, 15, '936', 'Pistola Jardinera Platica  Pretul', 'vistas/img/productos/default/anonymous.png', 1, 0, 12000, 0, '2023-06-19 22:35:07', 0),
(984, 13, '937', 'Broca SDS 8 x 1cuarto', 'vistas/img/productos/default/anonymous.png', 2, 0, 0, 0, '2023-06-19 22:36:12', 0),
(985, 13, '938', 'Broca  SDS 8 x 3octavos', 'vistas/img/productos/default/anonymous.png', 2, 0, 0, 0, '2023-06-19 22:37:14', 0),
(986, 13, '939', 'Broca  SDS 6 x 3octavos', 'vistas/img/productos/default/anonymous.png', 2, 0, 0, 0, '2023-06-19 22:38:02', 0),
(987, 13, '940', 'Broca  SDS 6 x 1cuarto', 'vistas/img/productos/default/anonymous.png', 1, 0, 0, 1, '2023-06-22 04:09:21', 0),
(988, 9, '941', 'Flexómetro 3mt Surka', 'vistas/img/productos/default/anonymous.png', 0, 0, 13000, 2, '2023-06-23 06:58:19', 0),
(989, 17, '942', 'Cizalla Toolcraft 36', 'vistas/img/productos/default/anonymous.png', 1, 0, 0, 0, '2023-06-19 22:43:18', 0),
(990, 17, '943', 'Cizalla Wolfox 24', 'vistas/img/productos/default/anonymous.png', 0, 0, 0, 1, '2023-06-23 10:01:46', 0),
(991, 17, '944', 'Cizalla Wolfox 30', 'vistas/img/productos/default/anonymous.png', 1, 0, 0, 0, '2023-06-19 22:45:13', 0),
(993, 17, '945', 'Cizalla Wolfox 18', 'vistas/img/productos/default/anonymous.png', 1, 0, 0, 0, '2023-06-19 22:46:37', 0),
(994, 11, '946', 'Galon Super Mastik', 'vistas/img/productos/default/anonymous.png', 1, 0, 25000, 0, '2023-06-19 22:48:56', 0),
(995, 5, '947', 'Saco Estuco Corana x Medio', 'vistas/img/productos/default/anonymous.png', 0, 0, 19000, 1, '2023-06-22 20:43:04', 0),
(996, 11, '948', 'SikaFlex Negra', 'vistas/img/productos/default/anonymous.png', 10, 0, 42000, 1, '2023-06-23 06:29:25', 0),
(997, 11, '949', 'SikaFlex Blanca', 'vistas/img/productos/default/anonymous.png', 11, 0, 42000, 0, '2023-06-19 22:52:47', 0),
(998, 11, '950', 'SikaFlex Gris', 'vistas/img/productos/default/anonymous.png', 11, 0, 42000, 0, '2023-06-19 22:53:36', 0),
(999, 11, '951', 'Sikasil Transparente', 'vistas/img/productos/default/anonymous.png', 12, 0, 22000, 0, '2023-06-19 22:54:36', 0),
(1000, 11, '952', 'Bulto Sika 101 PLUS', 'vistas/img/productos/default/anonymous.png', 3, 0, 0, 0, '2023-06-19 22:56:11', 0),
(1001, 11, '953', 'Bulto Sika Mortero x 10kg', 'vistas/img/productos/default/anonymous.png', 2, 0, 0, 0, '2023-06-19 23:00:55', 0),
(1003, 1, '954', 'Pinza 8 pulgadasx', 'vistas/img/productos/default/anonymous.png', 15, 5000, 7000, 0, '2023-06-26 09:37:38', 0),
(1004, 13, '955', 'Grapa Plastica Tubo 1', 'vistas/img/productos/default/anonymous.png', 35, 0, 0, 0, '2023-06-19 23:16:09', 0),
(1005, 13, '956', 'Grapa Plastica Tubo 3cuartos', 'vistas/img/productos/default/anonymous.png', 83, 0, 0, 0, '2023-06-19 23:16:54', 0),
(1006, 13, '957', 'Broquero Truper Media', 'vistas/img/productos/default/anonymous.png', 1, 0, 0, 0, '2023-06-19 23:19:34', 0),
(1007, 13, '958', 'Grapa Plastica Tubo 3octavos', 'vistas/img/productos/default/anonymous.png', 27, 0, 0, 0, '2023-06-19 23:20:58', 0),
(1008, 13, '959', 'Grapa Plastica Tubo media ', 'vistas/img/productos/default/anonymous.png', 0, 0, 0, 2, '2023-06-20 21:16:30', 0),
(1009, 11, '960', 'Sika Set adiptivo Concreto 2 kg', 'vistas/img/productos/default/anonymous.png', 2, 0, 0, 0, '2023-06-19 23:22:50', 0),
(1010, 16, '961', 'Escudo Dorado ', 'vistas/img/productos/default/anonymous.png', 1, 0, 0, 0, '2023-06-19 23:26:58', 0),
(1011, 12, '962', 'Grapa Metalica Tubo 1', 'vistas/img/productos/default/anonymous.png', 12, 0, 0, 0, '2023-06-19 23:29:25', 0),
(1012, 13, '963', 'Grapa Metalica Tubo 3cuartos', 'vistas/img/productos/default/anonymous.png', 48, 0, 0, 0, '2023-06-19 23:30:34', 0),
(1013, 13, '964', 'Amarras Negra 25mm', 'vistas/img/productos/default/anonymous.png', 0, 0, 0, 2, '2023-06-21 19:32:00', 0),
(1014, 13, '965', 'Amarras Negra 50mm', 'vistas/img/productos/default/anonymous.png', 1, 0, 17000, 0, '2023-06-19 23:39:11', 0),
(1015, 13, '966', 'Amarras Negra 15mm', 'vistas/img/productos/default/anonymous.png', 6, 0, 10, 1, '2023-06-22 21:10:43', 0),
(1016, 13, '967', 'Amarras Blanca 15mm', 'vistas/img/productos/default/anonymous.png', 13, 0, 0, 0, '2023-06-19 23:42:53', 0),
(1017, 13, '968', 'Amarras Blanca 25mm', 'vistas/img/productos/default/anonymous.png', 3, 0, 0, 1, '2023-06-22 21:32:17', 0),
(1018, 13, '969', 'Amarras Blanca 20mm', 'vistas/img/productos/default/anonymous.png', 11, 0, 0, 0, '2023-06-19 23:44:26', 0),
(1019, 13, '980', 'Amarras Blanca 30mm', 'vistas/img/productos/default/anonymous.png', 24, 0, 0, 0, '2023-06-19 23:45:37', 0),
(1020, 13, '981', 'Cautil Wolfox', 'vistas/img/productos/default/anonymous.png', 2, 0, 0, 0, '2023-06-19 23:47:19', 0),
(1021, 12, '982', 'Llave Tubo 10 pulgadas', 'vistas/img/productos/default/anonymous.png', 1, 0, 0, 0, '2023-06-19 23:50:08', 0),
(1022, 12, '983', 'Llave tubo 24 pulgadas', 'vistas/img/productos/default/anonymous.png', 1, 0, 0, 0, '2023-06-19 23:50:48', 0),
(1023, 16, '984', 'Alicate diabo 5 pulgadas', 'vistas/img/productos/default/anonymous.png', 2, 0, 0, 0, '2023-06-19 23:52:01', 0),
(1024, 16, '985', 'Remachadora Toolcraft', 'vistas/img/productos/default/anonymous.png', 3, 0, 0, 0, '2023-06-19 23:52:55', 0),
(1025, 17, '986', 'Remachadora Pretul', 'vistas/img/productos/default/anonymous.png', 6, 0, 0, 0, '2023-06-19 23:53:56', 0),
(1027, 17, '987', 'Tenaza 8 pulgadas', 'vistas/img/productos/default/anonymous.png', 3, 0, 0, 0, '2023-06-19 23:55:42', 0),
(1028, 17, '988', 'Pinza 8 pulgadas', 'vistas/img/productos/default/anonymous.png', 2, 0, 0, 1, '2023-06-23 10:01:46', 0),
(1029, 17, '989', 'Tenaza 6 pulgadas', 'vistas/img/productos/default/anonymous.png', 5, 0, 0, 0, '2023-06-19 23:57:06', 0),
(1030, 17, '990', 'Llave Pesto 8pulgadas Truper', 'vistas/img/productos/default/anonymous.png', 3, 0, 0, 0, '2023-06-19 23:58:08', 0),
(1031, 20, '991', 'Llave Allen Estandar', 'vistas/img/productos/default/anonymous.png', 3, 0, 12000, 0, '2023-06-19 23:59:48', 0),
(1032, 20, '992', 'Llave Allen Milimetrica', 'vistas/img/productos/default/anonymous.png', 2, 0, 12000, 0, '2023-06-20 00:00:33', 0),
(1033, 17, '993', 'Juego 2 Destornilladores Pretul 1y media x 38mm', 'vistas/img/productos/default/anonymous.png', 2, 0, 12000, 0, '2023-06-20 00:02:09', 0),
(1034, 10, '994', 'Pinza Pela Cable Wolfox', 'vistas/img/productos/default/anonymous.png', 2, 0, 26000, 0, '2023-06-20 00:03:22', 0),
(1035, 17, '995', 'Hombre Solo Wolfox 10 pulgadas', 'vistas/img/productos/default/anonymous.png', 1, 0, 0, 0, '2023-06-20 00:04:08', 0),
(1036, 10, '996', 'Destornillador Pretul Pala ', 'vistas/img/productos/default/anonymous.png', 2, 0, 12000, 1, '2023-06-22 21:32:17', 0),
(1037, 10, '997', 'Destornillador Pretul Estria ', 'vistas/img/productos/default/anonymous.png', 2, 0, 12000, 0, '2023-06-20 00:06:50', 0),
(1038, 12, '998', 'Griferia Tanque Alto 26cm Grival', 'vistas/img/productos/default/anonymous.png', 2, 0, 0, 0, '2023-06-20 00:08:32', 0),
(1039, 12, '999', 'Griferia laguna mas boton Grival', 'vistas/img/productos/default/anonymous.png', 1, 0, 0, 1, '2023-06-21 21:27:25', 0),
(1041, 12, '1000', 'Sifon Doble grival', 'vistas/img/productos/default/anonymous.png', 1, 0, 0, 0, '2023-06-20 00:11:43', 0),
(1042, 12, '1001', 'Sifon Flexible Grival', 'vistas/img/productos/default/anonymous.png', 4, 0, 0, 1, '2023-06-21 19:05:38', 0),
(1043, 12, '1002', 'Ducha Eléctrica 4 niveles', 'vistas/img/productos/default/anonymous.png', 2, 0, 0, 0, '2023-06-20 00:13:01', 0),
(1044, 12, '1003', 'Ducha Eléctrica 3 niveles', 'vistas/img/productos/default/anonymous.png', 2, 0, 0, 0, '2023-06-20 00:13:47', 0),
(1045, 11, '1004', 'Valvula Descarga nuki Grival 26cm', 'vistas/img/productos/default/anonymous.png', 4, 0, 0, 0, '2023-06-20 00:14:52', 0),
(1046, 12, '1005', 'Valvula Tanque ab asto Grival', 'vistas/img/productos/default/anonymous.png', 2, 0, 0, 0, '2023-06-20 00:15:57', 0),
(1047, 12, '1006', 'Nogal Griferia Individual Grival', 'vistas/img/productos/default/anonymous.png', 2, 0, 58000, 0, '2023-06-20 00:17:04', 0),
(1048, 12, '1007', 'Accesoria lavamanos Grival', 'vistas/img/productos/default/anonymous.png', 1, 0, 56000, 1, '2023-06-22 21:44:13', 0),
(1049, 12, '1008', 'Disco Dewal 7 sesenta t cuatro x 14', 'vistas/img/productos/default/anonymous.png', 2, 0, 0, 0, '2023-06-20 00:19:51', 0),
(1050, 12, '1009', 'Baño Corona laguna Beigs con lavamanos', 'vistas/img/productos/default/anonymous.png', 1, 0, 0, 0, '2023-06-20 00:21:10', 0),
(1051, 12, '1010', 'Baño Corona laguna Blanco con lavamanos', 'vistas/img/productos/default/anonymous.png', 1, 0, 0, 0, '2023-06-20 00:21:41', 0),
(1052, 12, '1011', 'Baño Happy Rojo con lavamanos', 'vistas/img/productos/default/anonymous.png', 1, 0, 465000, 0, '2023-06-20 00:22:38', 0),
(1053, 12, '1012', 'Push Lavamano lujo Negro ', 'vistas/img/productos/default/anonymous.png', 3, 0, 0, 0, '2023-06-20 00:24:23', 0),
(1054, 12, '1013', 'Lavaplatos 53cm x 43cm ', 'vistas/img/productos/default/anonymous.png', 1, 0, 0, 0, '2023-06-20 00:25:31', 0),
(1055, 12, '1014', 'Rejilla Lavamanos eco', 'vistas/img/productos/default/anonymous.png', 0, 0, 0, 1, '2023-06-23 09:21:08', 0),
(1056, 12, '1015', 'Llave Lujo Lavamanos Paso Rapido', 'vistas/img/productos/default/anonymous.png', 2, 0, 48000, 0, '2023-06-20 00:27:50', 0),
(1057, 12, '1016', 'Mesclador Fregadero YE003 Yarden', 'vistas/img/productos/default/anonymous.png', 1, 0, 0, 0, '2023-06-20 00:29:16', 0),
(1058, 12, '1017', 'Mesclador Fregadero YE004 Yarden', 'vistas/img/productos/default/anonymous.png', 1, 0, 60000, 0, '2023-06-20 00:30:06', 0),
(1059, 12, '1018', 'Llave Lavaplatos Flexible Lujo Gris Unitec', 'vistas/img/productos/default/anonymous.png', 2, 0, 98000, 0, '2023-06-20 00:32:10', 0),
(1060, 12, '1019', 'Llave Lavaplato Sencilla Unitec', 'vistas/img/productos/default/anonymous.png', 0, 0, 0, 1, '2023-06-22 21:10:43', 0),
(1061, 12, '1020', 'Llave Lavaplatos en Arco Unitec', 'vistas/img/productos/default/anonymous.png', 1, 0, 138000, 0, '2023-06-20 00:37:11', 0),
(1062, 12, '1021', 'Llave Lavamanos Premium en Cascada', 'vistas/img/productos/default/anonymous.png', 1, 0, 205000, 0, '2023-06-20 00:37:45', 0),
(1063, 12, '1022', 'Llave Lavaplatos Negra Para Meson Unitec', 'vistas/img/productos/default/anonymous.png', 1, 0, 125800, 0, '2023-06-20 00:36:38', 0),
(1064, 12, '1023', 'Llave Lavaplatos Monocontro Negra Unitec', 'vistas/img/productos/default/anonymous.png', 1, 0, 158000, 0, '2023-06-20 00:39:05', 0),
(1065, 12, '1024', 'Llave Lavamanos Pomo Sencillo Unitec', 'vistas/img/productos/default/anonymous.png', 0, 0, 0, 1, '2023-06-22 21:32:17', 0),
(1066, 12, '1025', 'Llave Registro Paso Rapido', 'vistas/img/productos/default/anonymous.png', 1, 0, 0, 2, '2023-06-21 21:27:25', 0),
(1067, 12, '1026', 'Llave Registro Paso Mariposa', 'vistas/img/productos/default/anonymous.png', 2, 0, 0, 1, '2023-06-20 21:16:30', 0),
(1068, 12, '1027', 'Llave Registro Paso Pomo', 'vistas/img/productos/default/anonymous.png', 5, 0, 0, 1, '2023-06-21 20:04:10', 0),
(1069, 12, '1028', 'Llave Grifo Cromado', 'vistas/img/productos/default/anonymous.png', 13, 0, 16000, 2, '2023-06-22 20:43:04', 0),
(1070, 12, '1029', 'Llave Grifo Platica', 'vistas/img/productos/default/anonymous.png', 7, 0, 8000, 1, '2023-06-20 21:30:02', 0),
(1071, 12, '1030', 'Llave Grifo Paso Rapido', 'vistas/img/productos/default/anonymous.png', 5, 0, 18000, 1, '2023-06-21 20:14:34', 0),
(1072, 12, '1031', 'Llave Esfera Jardinera ', 'vistas/img/productos/default/anonymous.png', 16, 0, 18500, 2, '2023-06-22 21:32:17', 0),
(1073, 12, '1032', 'Llave Paso Metalica  esfera Soldable con Rosca media', 'vistas/img/productos/default/anonymous.png', 9, 0, 21000, 0, '2023-06-20 00:53:53', 0),
(1074, 12, '1033', 'Cheque Vertical media ', 'vistas/img/productos/default/anonymous.png', 3, 0, 28000, 0, '2023-06-20 00:55:04', 0),
(1075, 12, '1034', 'Push Lavamanos Negro Unitec', 'vistas/img/productos/default/anonymous.png', 5, 0, 32000, 0, '2023-06-20 00:56:15', 0),
(1076, 12, '1035', 'Sifon Lavamos Doble Platica Blanco', 'vistas/img/productos/default/anonymous.png', 3, 0, 32000, 0, '2023-06-20 00:57:07', 0),
(1077, 12, '1036', 'Acordion lavamanos Yarden', 'vistas/img/productos/default/anonymous.png', 7, 0, 17000, 0, '2023-06-20 00:57:42', 0),
(1078, 12, '1037', 'Sifon Cromando', 'vistas/img/productos/default/anonymous.png', 2, 0, 16000, 4, '2023-06-22 20:43:04', 0),
(1079, 12, '1038', 'Sifon lavamanos de Push', 'vistas/img/productos/default/anonymous.png', 5, 0, 25000, 0, '2023-06-20 00:59:08', 0),
(1080, 12, '1039', 'Tubo Largo Cromado Ducha', 'vistas/img/productos/default/anonymous.png', 5, 0, 13000, 0, '2023-06-20 00:59:48', 0),
(1081, 12, '1040', 'Tubo Ducha Cromado Corto', 'vistas/img/productos/default/anonymous.png', 14, 0, 7000, 0, '2023-06-20 01:00:42', 0),
(1082, 12, '1041', 'Valvula salida Plasgrifo', 'vistas/img/productos/default/anonymous.png', 4, 0, 19500, 0, '2023-06-20 01:01:33', 0),
(1083, 12, '1042', 'Arbol De entrada eco Plasgrifo', 'vistas/img/productos/default/anonymous.png', 5, 0, 13000, 0, '2023-06-20 01:02:14', 0),
(1084, 12, '1043', 'Canastilla Lavaplatos Plasgrifo', 'vistas/img/productos/default/anonymous.png', 6, 0, 12000, 2, '2023-06-22 20:43:04', 0),
(1085, 12, '1044', 'Herrague Sanitario Grueso', 'vistas/img/productos/default/anonymous.png', 26, 0, 5000, 0, '2023-06-20 01:03:45', 0),
(1086, 12, '1045', 'Herrague Sanitario Delgado', 'vistas/img/productos/default/anonymous.png', 11, 0, 3000, 0, '2023-06-20 01:04:29', 0),
(1087, 12, '1046', 'Buje Caucho 2 x 1 y media Lavamano', 'vistas/img/productos/default/anonymous.png', 12, 0, 0, 1, '2023-06-22 04:09:21', 0),
(1088, 12, '1047', 'Buje Caucho 2 x 1 y media Lavaplato', 'vistas/img/productos/default/anonymous.png', 8, 0, 4500, 0, '2023-06-20 01:05:54', 0),
(1089, 12, '1048', 'Buje Caucho  1 y media Lavaplato', 'vistas/img/productos/default/anonymous.png', 14, 0, 0, 0, '2023-06-20 01:06:57', 0),
(1090, 12, '1049', 'Union Tanque Sanitario  empaque ', 'vistas/img/productos/default/anonymous.png', 9, 0, 4000, 0, '2023-06-20 01:07:48', 0),
(1091, 12, '1050', 'Empaque  3cuartos Caucho ', 'vistas/img/productos/default/anonymous.png', 100, 0, 700, 0, '2023-06-20 01:09:23', 0),
(1092, 12, '1051', 'Posuelo Plastico Plasgrifo 1y media', 'vistas/img/productos/default/anonymous.png', 7, 0, 2500, 1, '2023-06-20 19:04:17', 0),
(1093, 12, '1052', 'Posuelo Plastico Plasgrifo 2 pulgadas', 'vistas/img/productos/default/anonymous.png', 9, 0, 3000, 0, '2023-06-20 01:11:02', 0),
(1094, 12, '1053', 'Pozuelo Bronce Combinada 1y media ', 'vistas/img/productos/default/anonymous.png', 8, 0, 10000, 0, '2023-06-20 01:12:03', 0),
(1095, 11, '1054', 'Pozuelo Bronce Combinada 2 pulgadas', 'vistas/img/productos/default/anonymous.png', 3, 0, 12000, 0, '2023-06-20 01:12:33', 0),
(1096, 12, '1055', 'Pozuelo Bronce Combinada 3pulgadas', 'vistas/img/productos/default/anonymous.png', 2, 0, 14000, 0, '2023-06-20 01:13:12', 0),
(1097, 12, '1056', 'Llave Bolo Azul Rosca eco 3cuarto', 'vistas/img/productos/default/anonymous.png', 19, 0, 14500, 0, '2023-06-20 01:14:27', 0),
(1098, 12, '1057', 'Llave con Rosca Fina 3cuartos', 'vistas/img/productos/default/anonymous.png', 2, 0, 16500, 0, '2023-06-20 01:15:40', 0),
(1099, 12, '1058', 'Llave Lisa eco 3cuartos', 'vistas/img/productos/default/anonymous.png', 6, 0, 0, 0, '2023-06-20 01:16:43', 0),
(1100, 12, '1059', 'Llave Lisa Fina 3cuartos', 'vistas/img/productos/default/anonymous.png', 23, 0, 15500, 0, '2023-06-20 01:17:28', 0),
(1101, 12, '1060', 'Manguera Lavamanos Cromada', 'vistas/img/productos/default/anonymous.png', 8, 0, 15000, 0, '2023-06-20 01:18:26', 0),
(1102, 12, '1061', 'Ducha  negra Unitec Redonda 8pulgadas', 'vistas/img/productos/default/anonymous.png', 4, 0, 62000, 0, '2023-06-20 01:19:50', 0),
(1103, 12, '1062', 'Ducha  negra 6pulgadas', 'vistas/img/productos/default/anonymous.png', 2, 0, 45000, 0, '2023-06-20 01:20:34', 0),
(1104, 12, '1063', 'Ducha Cromada Cuadrada Unitec 6p sola', 'vistas/img/productos/default/anonymous.png', 5, 0, 36000, 0, '2023-06-20 01:22:13', 0),
(1105, 12, '1064', 'Ducha Cromada Cuadrada Unitec 8p', 'vistas/img/productos/default/anonymous.png', 1, 0, 45000, 0, '2023-06-20 01:23:16', 0),
(1106, 11, '1065', 'Ducha Cromada Redonda 8p sola', 'vistas/img/productos/default/anonymous.png', 5, 0, 36000, 0, '2023-06-20 01:24:20', 0),
(1107, 12, '1066', 'Ducha Cromada  6p ', 'vistas/img/productos/default/anonymous.png', 2, 0, 36000, 0, '2023-06-20 01:25:06', 0),
(1108, 12, '1067', 'Set Regadera Tipo Lluvia Unitec Negra', 'vistas/img/productos/default/anonymous.png', 4, 0, 0, 0, '2023-06-20 01:26:31', 0),
(1109, 12, '1068', 'Regadera Tipo Lluvia Unitec Cromada', 'vistas/img/productos/default/anonymous.png', 1, 0, 0, 0, '2023-06-20 01:27:04', 0),
(1110, 12, '1069', 'Set Regadera Sencilla Unitec Negra', 'vistas/img/productos/default/anonymous.png', 6, 0, 25000, 0, '2023-06-20 01:28:03', 0),
(1111, 12, '1070', 'Buje Caucho 2 ', 'vistas/img/productos/default/anonymous.png', 16, 0, 4000, 1, '2023-06-20 21:16:30', 0),
(1112, 12, '1071', 'Agua stop Plasgrifo', 'vistas/img/productos/default/anonymous.png', 5, 0, 8000, 0, '2023-06-20 01:29:55', 0),
(1113, 12, '1072', 'Flanche 1pulgada', 'vistas/img/productos/default/anonymous.png', 9, 0, 7000, 1, '2023-06-20 21:16:30', 0),
(1114, 12, '1073', 'Set de Baño Accesorios', 'vistas/img/productos/default/anonymous.png', 3, 0, 56000, 0, '2023-06-20 01:31:23', 0),
(1115, 12, '1074', 'Cheque Cortina de media Grival', 'vistas/img/productos/default/anonymous.png', 12, 0, 24000, 0, '2023-06-22 06:46:47', 0),
(1116, 12, '1075', 'Cheque Cortina 3cuartos Grival', 'vistas/img/productos/default/anonymous.png', 4, 0, 33000, 0, '2023-06-20 01:34:28', 0),
(1117, 12, '1076', 'Valvula salida Sencilla Plasgrifo', 'vistas/img/productos/default/anonymous.png', 1, 0, 0, 0, '2023-06-20 01:35:51', 0),
(1118, 12, '1077', 'Valvula salida Doble Plasgrifo', 'vistas/img/productos/default/anonymous.png', 9, 0, 7000, 1, '2023-06-21 18:43:24', 0),
(1119, 12, '1078', 'Agua stop Tipo Grival', 'vistas/img/productos/default/anonymous.png', 2, 0, 8500, 0, '2023-06-20 01:37:04', 0),
(1120, 12, '1079', 'Flanche  media ', 'vistas/img/productos/default/anonymous.png', 6, 0, 6000, 0, '2023-06-20 01:38:15', 0),
(1121, 12, '1080', 'Llave Lavamanos Mesclador Grival Ref 411193331', 'vistas/img/productos/default/anonymous.png', 5, 0, 88000, 0, '2023-06-20 01:40:05', 0),
(1122, 12, '1081', 'Asesoría Sanitario Grival Completo Ref 80631333', 'vistas/img/productos/default/anonymous.png', 2, 0, 0, 0, '2023-06-20 01:41:23', 0),
(1123, 12, '1082', 'Asesoria Lavaplatos Grival Completo Ref 931303331', 'vistas/img/productos/default/anonymous.png', 6, 0, 35000, 0, '2023-06-20 01:42:40', 0),
(1124, 12, '1083', 'Sifon Lavaplatos Completo Grival', 'vistas/img/productos/default/anonymous.png', 4, 0, 24500, 0, '2023-06-20 01:43:47', 0),
(1125, 12, '1084', 'Llave Lavamanos Sencilla Grival Creceta Ref 415293331', 'vistas/img/productos/default/anonymous.png', 3, 0, 72000, 0, '2023-06-20 01:45:29', 0),
(1126, 12, '1085', 'Llave Lavaplato Sencilla Grival Ref 545200001', 'vistas/img/productos/default/anonymous.png', 2, 0, 56000, 0, '2023-06-20 01:46:35', 0),
(1127, 12, '1086', 'Llave Lavamanos Paso Rapido Cromado', 'vistas/img/productos/default/anonymous.png', 1, 0, 26000, 0, '2023-06-20 01:47:28', 0),
(1128, 12, '1087', 'Sifon Lavamanos plasgrifo eco', 'vistas/img/productos/default/anonymous.png', 1, 0, 17000, 0, '2023-06-20 01:48:36', 0),
(1129, 12, '1088', 'Asesoria Sanitario Completo Plasgrifo', 'vistas/img/productos/default/anonymous.png', 3, 0, 28000, 3, '2023-06-21 19:05:38', 0),
(1130, 12, '1089', 'Desague Lavamanso', 'vistas/img/productos/default/anonymous.png', 2, 0, 0, 0, '2023-06-20 01:50:24', 0),
(1131, 12, '1090', 'Llave lavamanos Grival Acople Ref 1003331', 'vistas/img/productos/default/anonymous.png', 6, 0, 0, 0, '2023-06-20 01:51:21', 0),
(1132, 12, '1091', 'Llave Lavaplatos Paso Rapido Grival Sencillas Ref 415303331', 'vistas/img/productos/default/anonymous.png', 3, 0, 0, 0, '2023-06-20 01:52:29', 0),
(1133, 13, '1092', 'Cañamo Cafe', 'vistas/img/productos/default/anonymous.png', 44, 0, 15, 0, '2023-06-20 01:53:07', 0),
(1134, 12, '1093', 'Tornillo Sanitario Plastico', 'vistas/img/productos/default/anonymous.png', 28, 0, 0, 1, '2023-06-23 09:31:36', 0),
(1135, 12, '1094', 'Estencion Lavamanos ', 'vistas/img/productos/default/anonymous.png', 16, 0, 6000, 0, '2023-06-20 01:54:47', 0),
(1136, 12, '1095', 'Estencion Lavaplatos', 'vistas/img/productos/default/anonymous.png', 11, 0, 6000, 0, '2023-06-20 01:55:27', 0),
(1138, 12, '1096', 'Agua stop Tipo Grival', 'vistas/img/productos/default/anonymous.png', 11, 0, 9000, 0, '2023-06-20 01:57:16', 0),
(1139, 12, '1097', 'Agua stop  Grival', 'vistas/img/productos/default/anonymous.png', 1, 0, 13500, 3, '2023-06-21 19:05:38', 0),
(1140, 12, '1098', 'Soporte Lavamanos United', 'vistas/img/productos/default/anonymous.png', 67, 0, 4500, 0, '2023-06-20 01:58:39', 0),
(1141, 12, '1099', 'Asesoria Sanitario Genfor Ref 101054', 'vistas/img/productos/default/anonymous.png', 1, 0, 35000, 0, '2023-06-20 01:59:50', 0),
(1142, 12, '1100', 'Empaque  1pulgada Caucho ', 'vistas/img/productos/default/anonymous.png', 100, 0, 1000, 0, '2023-06-20 02:00:37', 0),
(1143, 7, '1101', 'Soldadura PVC 1 treinta dos', 'vistas/img/productos/default/anonymous.png', 10, 0, 0, 1, '2023-06-22 04:09:21', 0),
(1144, 12, '1102', 'Soldadura PVC Pavco Trasparenta 1 sesenta y cuatro ', 'vistas/img/productos/default/anonymous.png', 4, 0, 0, 0, '2023-06-20 02:04:10', 0),
(1145, 12, '1103', 'Soldadura PVC KLW plus Azul 1 sesenta y cuatro ', 'vistas/img/productos/default/anonymous.png', 12, 0, 0, 0, '2023-06-20 02:05:04', 0),
(1146, 12, '1104', 'Soldadura PVC Pavco Trasparenta 1 128', 'vistas/img/productos/default/anonymous.png', 8, 0, 0, 0, '2023-06-20 02:05:53', 0),
(1148, 14, '1105', 'Brocha 2 media', 'vistas/img/productos/default/anonymous.png', 7, 0, 0, 5, '2023-06-23 10:01:46', 0),
(1149, 14, '1106', 'Brocha 3', 'vistas/img/productos/default/anonymous.png', 11, 0, 0, 1, '2023-06-21 19:05:38', 0),
(1150, 14, '1107', 'Brocha 1 y media', 'vistas/img/productos/default/anonymous.png', 21, 0, 0, 0, '2023-06-20 02:08:19', 0),
(1151, 14, '1108', 'Brocha 4', 'vistas/img/productos/default/anonymous.png', 12, 0, 0, 0, '2023-06-20 02:08:58', 0),
(1152, 12, '1109', 'Valvula Plastica Tanque Alto Grival media Ref 80640001', 'vistas/img/productos/default/anonymous.png', 1, 0, 0, 0, '2023-06-20 02:10:20', 0),
(1153, 12, '1110', 'Mesclador Pomo Flexible Unitec', 'vistas/img/productos/default/anonymous.png', 5, 0, 68000, 1, '2023-06-23 09:21:08', 0),
(1154, 12, '1111', 'Copa Frezada Toolcraft', 'vistas/img/productos/default/anonymous.png', 3, 0, 16000, 0, '2023-06-20 02:13:01', 0),
(1155, 12, '1112', 'Set Regadera Sencilla eco', 'vistas/img/productos/default/anonymous.png', 0, 0, 14000, 2, '2023-06-22 21:10:43', 0),
(1156, 12, '1113', 'Llave Lavamanos Paso Rapido Genfor Ref 101500', 'vistas/img/productos/default/anonymous.png', 9, 0, 28000, 0, '2023-06-20 02:15:16', 0),
(1157, 12, '1114', 'Rejilla Lavaplatos ', 'vistas/img/productos/default/anonymous.png', 12, 0, 6000, 1, '2023-06-23 06:43:31', 0),
(1158, 12, '1115', 'Llave Mariposa Cromada eco', 'vistas/img/productos/default/anonymous.png', 7, 0, 23000, 0, '2023-06-20 02:16:36', 0),
(1159, 12, '1116', 'Llave lavamano Pomo', 'vistas/img/productos/default/anonymous.png', 4, 0, 22000, 2, '2023-06-20 15:58:21', 0),
(1160, 11, '1117', 'Llave Lavamanos Paso Rapido Blanca', 'vistas/img/productos/default/anonymous.png', 2, 0, 0, 0, '2023-06-20 02:17:58', 0),
(1161, 12, '1118', 'Valvula tanque Alto media', 'vistas/img/productos/default/anonymous.png', 2, 0, 0, 0, '2023-06-20 02:18:41', 0),
(1162, 12, '1119', 'Llave Lavamanos Mesclador Pomo eco', 'vistas/img/productos/default/anonymous.png', 1, 0, 58000, 0, '2023-06-20 02:19:30', 0),
(1163, 12, '1120', 'Llave Lavamanos Mesclador Paso Rapido', 'vistas/img/productos/default/anonymous.png', 1, 0, 58000, 1, '2023-06-22 21:32:17', 0),
(1164, 12, '1121', 'Boton Sanitario Doble Descarga', 'vistas/img/productos/default/anonymous.png', 1, 0, 28000, 0, '2023-06-20 02:21:14', 0),
(1165, 12, '1122', 'Boton Sanitario Dual Corona Ref 024070001', 'vistas/img/productos/default/anonymous.png', 2, 0, 32500, 0, '2023-06-20 02:22:30', 0),
(1166, 12, '1123', 'Boton Sanitario Ahorrador ', 'vistas/img/productos/default/anonymous.png', 1, 0, 15000, 0, '2023-06-20 02:23:20', 0),
(1167, 12, '1124', 'Manija Sanitaria Recta ', 'vistas/img/productos/default/anonymous.png', 6, 0, 8500, 0, '2023-06-20 02:23:48', 0),
(1168, 12, '1125', 'Soporte Papel Sanitario Completo', 'vistas/img/productos/default/anonymous.png', 2, 0, 0, 0, '2023-06-20 02:24:43', 0),
(1169, 12, '1126', 'Mesclador Yarde 4p', 'vistas/img/productos/default/anonymous.png', 4, 0, 0, 0, '2023-06-20 02:25:42', 0),
(1170, 12, '1127', 'Llave Lavamanos Lujo Palanca Unitec', 'vistas/img/productos/default/anonymous.png', 7, 0, 48000, 0, '2023-06-20 02:27:10', 0),
(1171, 12, '1128', 'Mesclador ABS Regadera Yarden YE0037', 'vistas/img/productos/default/anonymous.png', 2, 0, 0, 0, '2023-06-20 02:28:23', 0),
(1172, 9, '1129', 'Llana Lisa Mango Amarillo', 'vistas/img/productos/default/anonymous.png', 1, 0, 0, 0, '2023-06-20 02:29:05', 0),
(1173, 9, '1130', 'Llana Dentada  Mango Amarrillo', 'vistas/img/productos/default/anonymous.png', 3, 0, 0, 0, '2023-06-20 02:29:54', 0),
(1174, 9, '1131', 'Llana Dentada  Mango Madera', 'vistas/img/productos/default/anonymous.png', 1, 0, 0, 0, '2023-06-20 02:30:21', 0),
(1175, 11, '1132', 'Silicona Blanca Tubo Toolcraft', 'vistas/img/productos/default/anonymous.png', 3, 0, 0, 1, '2023-06-22 04:09:21', 0),
(1176, 11, '1133', 'Silicona Blanca Gorden', 'vistas/img/productos/default/anonymous.png', 1, 0, 0, 0, '2023-06-20 02:31:49', 0),
(1177, 11, '1134', 'Silicona Negra', 'vistas/img/productos/default/anonymous.png', 12, 0, 0, 0, '2023-06-20 02:32:11', 0),
(1178, 11, '1135', 'mapeflex Ms 45 Gris', 'vistas/img/productos/default/anonymous.png', 5, 0, 0, 0, '2023-06-20 02:32:43', 0),
(1179, 11, '1136', 'mapeflex Ms 45 Blanca', 'vistas/img/productos/default/anonymous.png', 5, 0, 0, 0, '2023-06-20 02:33:12', 0),
(1180, 11, '1137', 'SikaFlex Gris', 'vistas/img/productos/default/anonymous.png', 3, 0, 0, 1, '2023-06-20 08:56:48', 0),
(1181, 11, '1138', 'Sikasil Transparente', 'vistas/img/productos/default/anonymous.png', 1, 0, 0, 0, '2023-06-20 02:35:48', 0),
(1182, 11, '1139', 'Silicona Sika Transparente', 'vistas/img/productos/default/anonymous.png', 7, 0, 0, 0, '2023-06-20 02:36:36', 0),
(1183, 11, '1140', 'Silicona Negra Sika', 'vistas/img/productos/default/anonymous.png', 10, 0, 0, 1, '2023-06-20 21:30:02', 0),
(1184, 11, '1141', 'Silicona Blanca Sika', 'vistas/img/productos/default/anonymous.png', 1, 0, 0, 0, '2023-06-20 02:37:42', 0),
(1185, 11, '1142', 'Sika 1 Galon', 'vistas/img/productos/default/anonymous.png', 2, 0, 0, 0, '2023-06-20 02:38:09', 0),
(1186, 11, '1143', 'Sika Set adiptivo Concreto Galon 5kg', 'vistas/img/productos/default/anonymous.png', 1, 0, 0, 0, '2023-06-20 02:40:15', 0),
(1187, 10, '1144', 'Sika Dur 32 Premier', 'vistas/img/productos/default/anonymous.png', 1, 0, 0, 0, '2023-06-20 02:41:08', 0),
(1188, 11, '1145', 'Sika fill 100 super x galon', 'vistas/img/productos/default/anonymous.png', 1, 0, 0, 0, '2023-06-20 02:42:05', 0);
INSERT INTO `productos` (`id`, `id_categoria`, `codigo`, `descripcion`, `imagen`, `stock`, `precio_compra`, `precio_venta`, `ventas`, `fecha`, `stock_t`) VALUES
(1189, 13, '1146', 'Lubricante CRC 5 56 x 400ml', 'vistas/img/productos/default/anonymous.png', 2, 0, 0, 0, '2023-06-20 02:42:50', 0),
(1190, 11, '1147', 'Silicona Grande', 'vistas/img/productos/default/anonymous.png', 1, 0, 0, 0, '2023-06-20 02:43:29', 0),
(1191, 13, '1148', 'Lubricante w40', 'vistas/img/productos/default/anonymous.png', 3, 0, 0, 0, '2023-06-20 02:44:03', 0),
(1192, 14, '1149', 'Rodillo Felpa 3', 'vistas/img/productos/default/anonymous.png', 8, 0, 0, 0, '2023-06-20 02:45:51', 0),
(1193, 14, '1150', 'Rodillo Felpa 4', 'vistas/img/productos/default/anonymous.png', 5, 0, 0, 0, '2023-06-20 02:46:17', 0),
(1194, 14, '1151', 'Rodillo Felpa 6', 'vistas/img/productos/default/anonymous.png', 12, 0, 0, 0, '2023-06-20 02:46:37', 0),
(1195, 14, '1152', 'Rodillo Felpa 9', 'vistas/img/productos/default/anonymous.png', 3, 0, 0, 8, '2023-06-23 10:01:46', 0),
(1196, 14, '1153', 'Rodillo Antigoteo 9', 'vistas/img/productos/default/anonymous.png', 9, 0, 0, 1, '2023-06-22 21:32:17', 0),
(1197, 14, '1154', 'Rodillo Antigoteo 2', 'vistas/img/productos/default/anonymous.png', 2, 0, 0, 0, '2023-06-20 02:48:52', 0),
(1198, 14, '1155', 'Rodillo Espuma 9', 'vistas/img/productos/default/anonymous.png', 2, 0, 0, 0, '2023-06-20 02:49:29', 0),
(1199, 14, '1156', 'Rodillo Espuma 4', 'vistas/img/productos/default/anonymous.png', 4, 0, 0, 0, '2023-06-20 02:50:01', 0),
(1201, 14, '1157', 'Rodillo Felpa Antigoteo 9', 'vistas/img/productos/default/anonymous.png', 4, 0, 0, 1, '2023-06-23 06:58:19', 0),
(1202, 12, '1158', 'Y Lavadora ', 'vistas/img/productos/default/anonymous.png', 1, 0, 0, 0, '2023-06-20 02:52:49', 0),
(1203, 12, '1159', 'Sifon Manguera Pretul', 'vistas/img/productos/default/anonymous.png', 1, 0, 0, 0, '2023-06-20 02:53:28', 0),
(1204, 12, '1160', 'Llave Lavaplatos Monocontro en arco Ref 16162513', 'vistas/img/productos/default/anonymous.png', 5, 0, 0, 0, '2023-06-20 02:54:37', 0),
(1205, 12, '1161', 'Llave Lavamanos Premium Negra Cuadrada', 'vistas/img/productos/default/anonymous.png', 1, 0, 0, 0, '2023-06-20 02:55:35', 0),
(1206, 13, '1162', 'Cinta doble Fax Grande', 'vistas/img/productos/default/anonymous.png', 9, 0, 0, 1, '2023-06-22 21:44:13', 0),
(1207, 13, '1163', 'Cinta doble Fax Pequeña', 'vistas/img/productos/default/anonymous.png', 1, 0, 0, 0, '2023-06-20 02:56:43', 0),
(1208, 12, '1164', 'Flotador tanque alto  ', 'vistas/img/productos/default/anonymous.png', 2, 0, 0, 0, '2023-06-20 02:57:19', 0),
(1209, 13, '1165', 'Pasador 4 pulgadas', 'vistas/img/productos/default/anonymous.png', 1, 0, 0, 0, '2023-06-20 02:58:02', 0),
(1210, 13, '1166', 'Pasador 3 pulgadas', 'vistas/img/productos/default/anonymous.png', 1, 0, 0, 0, '2023-06-20 02:58:30', 0),
(1211, 11, '1167', 'Silicona Crema Dientes Gris', 'vistas/img/productos/default/anonymous.png', 0, 0, 0, 1, '2023-06-20 15:58:21', 0),
(1212, 13, '1168', 'Super Epoxi 2 en 1', 'vistas/img/productos/default/anonymous.png', 1, 0, 0, 0, '2023-06-20 03:00:00', 0),
(1213, 12, '1169', 'Mesclador 8 Pulgadas Yarden ', 'vistas/img/productos/default/anonymous.png', 4, 0, 65000, 0, '2023-06-20 03:01:03', 0),
(1214, 12, '1170', 'Regadera Yarden 2 y media', 'vistas/img/productos/default/anonymous.png', 9, 0, 0, 1, '2023-06-21 18:43:24', 0),
(1215, 12, '1171', 'Mesclador ABS Lavamanos 4 Pulgadas', 'vistas/img/productos/default/anonymous.png', 2, 0, 0, 0, '2023-06-20 03:02:25', 0),
(1216, 12, '1172', 'Mesclador Fregadero 8 pulgadas Yarden', 'vistas/img/productos/default/anonymous.png', 5, 0, 0, 1, '2023-06-21 21:15:34', 0),
(1217, 12, '1173', 'Mesclador Flexible Lavaplatos 8 pulgadas Yarden', 'vistas/img/productos/default/anonymous.png', 2, 0, 68000, 1, '2023-06-21 18:43:24', 0),
(1218, 12, '1174', 'Llave Lavaplatos Flexible Pared Mercury', 'vistas/img/productos/default/anonymous.png', 7, 0, 0, 0, '2023-06-20 03:05:27', 0),
(1219, 12, '1175', 'Llave Lavaplastos negra Meson Unitec', 'vistas/img/productos/default/anonymous.png', 4, 0, 0, 0, '2023-06-20 03:07:07', 0),
(1221, 12, '1176', 'Llave Lavaplatos Monocontrol en arco ', 'vistas/img/productos/default/anonymous.png', 3, 0, 0, 1, '2023-06-22 21:32:17', 0),
(1222, 12, '1177', 'Llave Cruceta Cromada Unitec', 'vistas/img/productos/default/anonymous.png', 1, 0, 0, 0, '2023-06-20 03:10:22', 0),
(1223, 5, '1178', 'Saco Cemento Gris', 'vistas/img/productos/default/anonymous.png', 11, 0, 30000, 0, '2023-06-20 03:11:28', 0),
(1224, 5, '1179', 'Saco Centento Blanco', 'vistas/img/productos/default/anonymous.png', 8, 0, 42000, 0, '2023-06-20 03:12:21', 0),
(1225, 5, '1180', 'Saco Pegacor', 'vistas/img/productos/default/anonymous.png', 4, 0, 38500, 7, '2023-06-23 07:42:45', 0),
(1226, 5, '1181', 'Saco Pegalisto', 'vistas/img/productos/default/anonymous.png', 13, 0, 22000, 0, '2023-06-20 03:14:34', 0),
(1227, 5, '1182', 'Saco Estuco Corana ', 'vistas/img/productos/default/anonymous.png', 0, 0, 0, 1, '2023-06-21 21:27:25', 0),
(1228, 16, '1183', 'Cerradura sobreponer vera', 'vistas/img/productos/default/anonymous.png', 3, 0, 95000, 0, '2023-06-20 03:15:57', 0),
(1229, 16, '1184', 'Cerradura de Bola Vera Alcoba', 'vistas/img/productos/default/anonymous.png', 1, 0, 0, 2, '2023-06-20 22:42:49', 0),
(1230, 16, '1185', 'Chapa Reja  derecha vera', 'vistas/img/productos/default/anonymous.png', 0, 0, 0, 6, '2023-06-21 21:27:25', 0),
(1231, 13, '1186', 'Cepillo Grata Trenzada', 'vistas/img/productos/default/anonymous.png', 5, 0, 0, 0, '2023-06-20 03:20:26', 0),
(1232, 16, '1187', 'Cerrojo Seguridad Vera Doble', 'vistas/img/productos/default/anonymous.png', 5, 0, 0, 0, '2023-06-20 03:21:49', 0),
(1233, 9, '1188', 'Cepilla Grata Industrial Trenzado 4p', 'vistas/img/productos/default/anonymous.png', 1, 0, 0, 0, '2023-06-20 03:22:56', 0),
(1234, 9, '1189', 'Cepilla Grata Industrial Trenzado 5p', 'vistas/img/productos/default/anonymous.png', 1, 0, 0, 0, '2023-06-20 03:23:22', 0),
(1235, 13, '1190', 'Disco Flap 80', 'vistas/img/productos/default/anonymous.png', 22, 0, 0, 2, '2023-06-23 09:21:08', 0),
(1236, 13, '1191', 'Disco Flap 120', 'vistas/img/productos/default/anonymous.png', 10, 0, 0, 0, '2023-06-20 03:25:07', 0),
(1237, 13, '1192', 'Disco Corte Metal 7  Dewall', 'vistas/img/productos/default/anonymous.png', 17, 0, 0, 1, '2023-06-20 08:56:48', 0),
(1238, 13, '1193', 'Disco para Pulir 4 y media Dewal', 'vistas/img/productos/default/anonymous.png', 13, 0, 0, 0, '2023-06-20 03:26:55', 0),
(1239, 13, '1194', 'Disco Corte Metal 4 y medio Dewall', 'vistas/img/productos/default/anonymous.png', 67, 0, 5000, 11, '2023-06-23 07:38:23', 0),
(1240, 13, '1195', 'Juego Copa Sierra Circulas Toolcraft', 'vistas/img/productos/default/anonymous.png', 2, 0, 0, 1, '2023-06-20 22:42:49', 0),
(1241, 9, '1196', 'plomada', 'vistas/img/productos/default/anonymous.png', 1, 0, 0, 0, '2023-06-20 03:29:35', 0),
(1242, 13, '1197', 'Disco Turbo Diamantado 7octavos ', 'vistas/img/productos/default/anonymous.png', 1, 0, 0, 0, '2023-06-20 03:30:56', 0),
(1243, 13, '1198', 'Disco Diamantado Wolfox 7 x 7octavos', 'vistas/img/productos/default/anonymous.png', 3, 0, 0, 0, '2023-06-20 03:32:33', 0),
(1244, 13, '1199', 'Disco Continuo Ceramica 7x 1cuarto', 'vistas/img/productos/default/anonymous.png', 4, 0, 0, 0, '2023-06-20 03:33:43', 0),
(1245, 13, '1200', 'Disco Corte Diamantado 4 x media', 'vistas/img/productos/default/anonymous.png', 11, 0, 0, 0, '2023-06-20 03:35:46', 0),
(1246, 13, '1201', 'Impermeabilizantes Spray Gris', 'vistas/img/productos/default/anonymous.png', 2, 0, 0, 0, '2023-06-20 03:37:09', 0),
(1247, 12, '1202', 'Impermeabilizantes Spray Negro', 'vistas/img/productos/default/anonymous.png', 1, 0, 0, 0, '2023-06-20 03:37:37', 0),
(1248, 13, '1203', 'Impermeabilizantes Spray Trasparente', 'vistas/img/productos/default/anonymous.png', 2, 0, 0, 0, '2023-06-20 03:38:08', 0),
(1251, 13, '1204', 'Spray Alta Temperatura oro', 'vistas/img/productos/default/anonymous.png', 3, 0, 18000, 1, '2023-06-22 21:10:43', 0),
(1252, 13, '1205', 'Spray Alta Temperatura Negro Brillante', 'vistas/img/productos/default/anonymous.png', 2, 0, 18000, 0, '2023-06-20 03:41:45', 0),
(1253, 13, '1206', 'Spray Alta Temperatura Negro Mate', 'vistas/img/productos/default/anonymous.png', 1, 0, 18000, 0, '2023-06-20 03:42:23', 0),
(1254, 13, '1207', 'Limpiador 6 oz', 'vistas/img/productos/default/anonymous.png', 3, 0, 0, 0, '2023-06-20 03:44:36', 0),
(1255, 13, '1208', 'Limpiador 1 cuarto Celta', 'vistas/img/productos/default/anonymous.png', 1, 0, 0, 0, '2023-06-20 03:45:25', 0),
(1256, 13, '1209', 'Limpiador 1 treinta y dos', 'vistas/img/productos/default/anonymous.png', 13, 0, 0, 0, '2023-06-20 03:46:12', 0),
(1257, 13, '1210', 'Pegante Celta 1 octavo', 'vistas/img/productos/default/anonymous.png', 3, 0, 0, 0, '2023-06-20 03:46:59', 0),
(1258, 12, '1211', 'Pegante Celta 1 dieciséis ', 'vistas/img/productos/default/anonymous.png', 0, 0, 0, 1, '2023-06-22 07:25:34', 0),
(1259, 12, '1212', 'Pegante Celta 1 dieciséis Azul', 'vistas/img/productos/default/anonymous.png', 1, 0, 0, 0, '2023-06-20 03:48:08', 0),
(1260, 12, '1213', 'Pegante 1 treinta y dos KLW', 'vistas/img/productos/default/anonymous.png', 3, 0, 0, 2, '2023-06-23 09:43:54', 0),
(1261, 12, '1214', 'Pegante 1 sesenta y cuatro KLW', 'vistas/img/productos/default/anonymous.png', 3, 0, 0, 4, '2023-06-23 09:21:08', 0),
(1262, 11, '1215', 'Pegante 1 ventiocho KLW', 'vistas/img/productos/default/anonymous.png', 2, 0, 0, 2, '2023-06-23 06:29:25', 0),
(1263, 12, '1216', 'Pegante 1 ventiocho Pavco', 'vistas/img/productos/default/anonymous.png', 8, 0, 0, 1, '2023-06-21 21:15:33', 0),
(1264, 12, '1217', 'Pegante 1 sesenta y cuatro Pavco', 'vistas/img/productos/default/anonymous.png', 15, 0, 0, 0, '2023-06-20 03:52:24', 0),
(1265, 11, '1218', 'Invecryl cuarto', 'vistas/img/productos/default/anonymous.png', 3, 0, 0, 0, '2023-06-20 03:53:05', 0),
(1266, 12, '1219', 'Brilla Metal', 'vistas/img/productos/default/anonymous.png', 7, 0, 0, 0, '2023-06-20 03:53:32', 0),
(1267, 11, '1220', 'Estuco Platico Pintuco 300g', 'vistas/img/productos/default/anonymous.png', 13, 0, 0, 0, '2023-06-20 03:55:01', 0),
(1268, 13, '1221', 'Ata todo pequeño', 'vistas/img/productos/default/anonymous.png', 14, 0, 6000, 0, '2023-06-21 19:42:46', 0),
(1269, 11, '1222', 'Sika 1 Liquido 1kg', 'vistas/img/productos/default/anonymous.png', 2, 0, 0, 0, '2023-06-20 03:56:53', 0),
(1270, 11, '1223', 'Emulcion Asfaltica Sika 1kg', 'vistas/img/productos/default/anonymous.png', 2, 0, 0, 0, '2023-06-20 03:58:13', 0),
(1271, 11, '1224', 'Sika Mastick Estuco cuarto', 'vistas/img/productos/default/anonymous.png', 5, 0, 0, 1, '2023-06-20 21:30:02', 0),
(1272, 11, '1225', 'Acronal 50 x 1 cuarto', 'vistas/img/productos/default/anonymous.png', 1, 0, 0, 0, '2023-06-20 03:59:35', 0),
(1273, 11, '1226', 'Acronal 50 x Galon', 'vistas/img/productos/default/anonymous.png', 1, 0, 0, 0, '2023-06-20 04:00:01', 0),
(1274, 11, '1227', ' Acronal 30 x cuarto', 'vistas/img/productos/default/anonymous.png', 6, 0, 0, 0, '2023-06-20 04:00:57', 0),
(1275, 11, '1228', 'Acronal 30 x Galon', 'vistas/img/productos/default/anonymous.png', 5, 0, 0, 0, '2023-06-20 04:01:34', 0),
(1276, 11, '1229', 'Sika Mortero x 2kg Blanco', 'vistas/img/productos/default/anonymous.png', 4, 0, 0, 0, '2023-06-20 04:02:20', 0),
(1277, 11, '1230', 'Sika Mortero x 2kg Gris', 'vistas/img/productos/default/anonymous.png', 0, 0, 0, 2, '2023-06-21 18:43:24', 0),
(1278, 11, '1231', 'Estuco Plastico Corona x Galon', 'vistas/img/productos/default/anonymous.png', 2, 0, 0, 1, '2023-06-22 21:10:43', 0),
(1279, 11, '1232', 'Spray 3en 1 135ml', 'vistas/img/productos/default/anonymous.png', 2, 0, 0, 0, '2023-06-20 04:04:59', 0),
(1280, 13, '1233', '3en 1 70cc', 'vistas/img/productos/default/anonymous.png', 6, 0, 0, 0, '2023-06-20 04:05:57', 0),
(1281, 13, '1234', '3 en 1 30cc', 'vistas/img/productos/default/anonymous.png', 1, 0, 0, 0, '2023-06-20 04:06:32', 0),
(1282, 13, '1235', '3 en 1 20cc', 'vistas/img/productos/default/anonymous.png', 16, 0, 0, 1, '2023-06-22 21:10:43', 0),
(1283, 12, '12368', 'Niple Galvanizado', 'vistas/img/productos/default/anonymous.png', 2, 0, 8000, 1, '2023-06-30 11:10:15', 0),
(1284, 13, '1236', 'Lona Verde x mt', 'vistas/img/productos/default/anonymous.png', 10, 0, 2600, 10, '2023-06-20 21:16:30', 0),
(1285, 13, '12361', 'Plastico Negro x mt', 'vistas/img/productos/default/anonymous.png', 131, 0, 5800, 49, '2023-06-30 11:11:05', 0),
(1286, 13, '12369', 'Chuspa Basura', 'vistas/img/productos/default/anonymous.png', 145, 0, 500, 5, '2023-06-30 11:13:13', 0),
(1287, 5, '1237', 'Cemento Blanco x 1 Kg', 'vistas/img/productos/default/anonymous.png', 16, 0, 2500, 4, '2023-06-21 20:04:10', 0),
(1288, 5, '1238', 'Cemento Blanco x 2 Kg', 'vistas/img/productos/default/anonymous.png', 9, 0, 5000, 5, '2023-06-23 09:43:54', 0),
(1289, 5, '1239', 'cemento gris x 1 kg', 'vistas/img/productos/default/anonymous.png', 49, 0, 1500, 2, '2023-06-22 04:17:27', 0),
(1290, 5, '1240', 'cemento gris x 2 kg', 'vistas/img/productos/default/anonymous.png', 7, 0, 3000, 19, '2023-06-23 09:31:36', 0),
(1291, 5, '1241', 'Yeso moldura x 1 kg', 'vistas/img/productos/default/anonymous.png', 6, 0, 2500, 0, '2023-06-20 19:29:59', 0),
(1292, 5, '1242', 'Yeso moldura x 2 kg', 'vistas/img/productos/default/anonymous.png', 4, 0, 2500, 6, '2023-06-23 09:21:08', 0),
(1293, 5, '1243', 'pegacor x 1 kg', 'vistas/img/productos/default/anonymous.png', 6, 0, 2500, 18, '2023-06-23 09:21:08', 0),
(1294, 5, '1244', 'Estuco x 1 kg', 'vistas/img/productos/default/anonymous.png', 24, 0, 2500, 3, '2023-06-23 09:31:36', 0),
(1295, 5, '1245', 'Estuco x 2 kg', 'vistas/img/productos/default/anonymous.png', 16, 0, 5000, 2, '2023-06-23 09:21:08', 0),
(1296, 13, '1247', 'Escalera Truper 7p', 'vistas/img/productos/default/anonymous.png', 0, 0, 535000, 1, '2023-06-22 20:43:04', 0),
(1297, 17, '1246', 'Barra pata Cabra 3 cuartos x 60cm ', 'vistas/img/productos/default/anonymous.png', 1, 0, 35000, 0, '2023-06-20 19:40:07', 0),
(1298, 17, '1248', 'Barra pata Cabra 3 cuartos x 75cm ', 'vistas/img/productos/default/anonymous.png', 1, 0, 43000, 0, '2023-06-20 19:40:58', 0),
(1299, 13, '1249', 'Espuma Expansiva 300ml', 'vistas/img/productos/default/anonymous.png', 6, 0, 28500, 0, '2023-06-20 19:41:54', 0),
(1300, 13, '1250', 'adaptador articulado Magnetico para puntas ', 'vistas/img/productos/default/anonymous.png', 1, 0, 22500, 0, '2023-06-20 19:43:40', 0),
(1301, 13, '1251', 'Cinta Ductos', 'vistas/img/productos/default/anonymous.png', 6, 0, 0, 0, '2023-06-20 19:44:43', 0),
(1302, 9, '1252', 'Destornillador Truper Pala 8pulgadas ', 'vistas/img/productos/default/anonymous.png', 2, 0, 13000, 1, '2023-06-22 21:32:17', 0),
(1303, 9, '1253', 'Destornillador Truper Estria 8pulgadas ', 'vistas/img/productos/default/anonymous.png', 3, 0, 13000, 0, '2023-06-20 19:51:13', 0),
(1304, 13, '1254', 'Tapa Bocas para Polvo', 'vistas/img/productos/default/anonymous.png', 50, 0, 1200, 0, '2023-06-20 19:59:25', 0),
(1305, 13, '1255', 'Juego 16 segueta para caladoras T', 'vistas/img/productos/default/anonymous.png', 1, 0, 37500, 0, '2023-06-20 20:03:48', 0),
(1306, 13, '1258', 'Escalera Truper 5p', 'vistas/img/productos/default/anonymous.png', 0, 0, 330000, 1, '2023-06-22 20:43:04', 0),
(1307, 14, '1257', 'Charola Plastica para Rodillo 14p', 'vistas/img/productos/default/anonymous.png', 11, 0, 12000, 1, '2023-06-23 10:01:46', 0),
(1308, 12, '1256', 'Manguera Nivel 1cuarto x mt  chipa1', 'vistas/img/productos/default/anonymous.png', 100, 0, 0, 0, '2023-06-20 20:12:21', 0),
(1309, 12, '1259', 'Manguera Nivel 5 dieciseis x mt  chipa1', 'vistas/img/productos/default/anonymous.png', 100, 0, 0, 0, '2023-06-20 20:13:10', 0),
(1310, 15, '1260', 'rastrillo jardinero 12 dientes', 'vistas/img/productos/default/anonymous.png', 2, 0, 23500, 0, '2023-06-20 20:14:23', 0),
(1311, 13, '1261', 'Destornillador punta Filin 1cuarto x 4', 'vistas/img/productos/default/anonymous.png', 3, 0, 10000, 0, '2023-06-20 20:15:45', 0),
(1312, 10, '1262', 'Juego 13 llaves Bristol', 'vistas/img/productos/default/anonymous.png', 4, 0, 19000, 0, '2023-06-20 20:17:02', 0),
(1313, 12, '1263', 'Llave tubo 14 pulgadas pretul', 'vistas/img/productos/default/anonymous.png', 2, 0, 38500, 0, '2023-06-20 20:18:29', 0),
(1314, 11, '1264', 'Llave tubo 18 pulgadas pretul', 'vistas/img/productos/default/anonymous.png', 2, 0, 65000, 0, '2023-06-20 20:20:02', 0),
(1315, 13, '1265', 'Mini Alicate corta frio 4p Pretul', 'vistas/img/productos/default/anonymous.png', 5, 0, 12000, 1, '2023-06-20 21:30:02', 0),
(1316, 13, '1270', 'Cautil 60w Pretul', 'vistas/img/productos/default/anonymous.png', 4, 0, 22500, 0, '2023-06-20 20:23:36', 0),
(1317, 16, '1271', 'cerradura Mueble Hermex', 'vistas/img/productos/default/anonymous.png', 6, 0, 10000, 0, '2023-06-20 20:25:08', 0),
(1318, 13, '1266', 'Linterna Plastica Recargable 120 lumines Pretul', 'vistas/img/productos/default/anonymous.png', 1, 0, 29700, 0, '2023-06-20 20:26:33', 0),
(1319, 13, '1267', 'Linterna Minera Pretul', 'vistas/img/productos/default/anonymous.png', 2, 0, 20000, 0, '2023-06-20 20:27:49', 0),
(1320, 13, '1268', 'escuadras 2x2', 'vistas/img/productos/default/anonymous.png', 24, 0, 0, 0, '2023-06-20 20:28:56', 0),
(1321, 10, '1269', 'Cable Duplex xmt', 'vistas/img/productos/default/anonymous.png', 90, 0, 0, 10, '2023-06-23 10:01:46', 0),
(1322, 13, '1272', 'polisombra', 'vistas/img/productos/default/anonymous.png', 50, 0, 8500, 0, '2023-06-20 21:37:53', 0),
(1323, 14, '12733', 'Galon ico vinilo ', 'vistas/img/productos/default/anonymous.png', 3, 0, 0, 2, '2023-06-30 11:10:32', 0),
(1324, 14, '1273', 'Esmalte x cuartos', 'vistas/img/productos/default/anonymous.png', 46, 0, 0, 4, '2023-06-23 09:43:54', 0),
(1325, 12, '1274', 'ducha cromada cuadrada 8p uduke', 'vistas/img/productos/default/anonymous.png', 6, 0, 0, 0, '2023-06-21 19:40:09', 0),
(1326, 13, '1275', 'tendedero ropa', 'vistas/img/productos/default/anonymous.png', 8, 0, 7000, 0, '2023-06-21 19:42:09', 0),
(1327, 13, '1276', 'tapa bocas negro', 'vistas/img/productos/default/anonymous.png', 39, 0, 0, 1, '2023-06-21 20:04:10', 0),
(1328, 13, '1280', 'pasador barra 2p', 'vistas/img/productos/default/anonymous.png', 10, 0, 0, 2, '2023-06-23 06:29:25', 0),
(1329, 13, '1277', 'pasador barra 3p', 'vistas/img/productos/default/anonymous.png', 12, 0, 0, 0, '2023-06-21 19:47:53', 0),
(1330, 13, '1278', 'pasador barra 4p', 'vistas/img/productos/default/anonymous.png', 12, 0, 0, 0, '2023-06-21 19:48:24', 0),
(1331, 13, '1279', 'pasador barra 1 y media x 2', 'vistas/img/productos/default/anonymous.png', 6, 0, 0, 0, '2023-06-21 19:49:21', 0),
(1332, 9, '1281', 'segueta osblack', 'vistas/img/productos/default/anonymous.png', 6, 0, 0, 0, '2023-06-21 19:51:33', 0),
(1333, 13, '1282', 'corta frio 8p amarillo', 'vistas/img/productos/default/anonymous.png', 12, 0, 0, 0, '2023-06-21 19:54:07', 0),
(1334, 12, '1283', 'Lavaplatos 50cm x 35cm acero inoxi', 'vistas/img/productos/default/anonymous.png', 3, 0, 95000, 0, '2023-06-21 20:05:24', 0),
(1335, 13, '1284', 'pie amigo 6x8', 'vistas/img/productos/default/anonymous.png', 5, 0, 7000, 0, '2023-06-21 20:08:02', 0),
(1336, 13, '1285', 'Pistola Calafateo  eco', 'vistas/img/productos/default/anonymous.png', 12, 0, 16000, 0, '2023-06-21 20:11:44', 0),
(1337, 9, '1286', 'Martillo Cabo Madera 27cm', 'vistas/img/productos/default/anonymous.png', 5, 0, 19000, 1, '2023-06-22 21:10:43', 0),
(1338, 13, '1287', 'Chazo plastico 3 dieciseis', 'vistas/img/productos/default/anonymous.png', 200, 0, 70, 0, '2023-06-21 20:19:44', 0),
(1339, 11, '1288', 'Espatula 1 y media ', 'vistas/img/productos/default/anonymous.png', 12, 0, 3800, 0, '2023-06-21 20:21:25', 0),
(1340, 11, '1289', 'Espatula 4', 'vistas/img/productos/default/anonymous.png', 12, 0, 4800, 0, '2023-06-21 20:23:00', 0),
(1341, 12, '1290', 'Espatula 5', 'vistas/img/productos/default/anonymous.png', 12, 0, 5500, 0, '2023-06-21 20:23:41', 0),
(1342, 12, '1291', 'manija sanitaria escualizable', 'vistas/img/productos/default/anonymous.png', 1, 0, 7000, 1, '2023-06-23 09:31:36', 0),
(1343, 13, '1292', 'Llave lavamanos agata cromo', 'vistas/img/productos/default/anonymous.png', 12, 0, 22000, 0, '2023-06-21 20:32:29', 0),
(1344, 12, '1293', 'Llave lavamanos diamante cromo', 'vistas/img/productos/default/anonymous.png', 12, 0, 22000, 0, '2023-06-21 20:33:36', 0),
(1345, 12, '1294', 'Llave en L ', 'vistas/img/productos/default/anonymous.png', 4, 0, 22500, 0, '2023-06-21 20:34:55', 0),
(1346, 13, '1295', 'disco turbo 4 y media  muro', 'vistas/img/productos/default/anonymous.png', 10, 0, 12000, 0, '2023-06-21 20:41:59', 0),
(1347, 13, '1296', 'Disco corte segm 7p', 'vistas/img/productos/default/anonymous.png', 6, 0, 24500, 0, '2023-06-21 20:40:00', 0),
(1348, 14, '1297', 'Clavo acero x unidad', 'vistas/img/productos/default/anonymous.png', 22, 0, 100, 78, '2023-06-22 20:43:04', 0),
(1349, 13, '1298', 'Malla 1 cincuenta cm Negra x mt', 'vistas/img/productos/default/anonymous.png', 45, 0, 12000, 5, '2023-06-22 21:32:17', 0),
(1350, 12, '1299', 'baño ecoclean', 'vistas/img/productos/default/anonymous.png', 1, 0, 630000, 0, '2023-06-22 05:32:53', 0),
(1351, 12, '1300', 'manguera verde x mt', 'vistas/img/productos/default/anonymous.png', 50, 0, 1700, 20, '2023-06-21 20:14:34', 0),
(1352, 5, '1301', 'fragua Gris', 'vistas/img/productos/default/anonymous.png', 18, 0, 10000, 0, '2023-06-22 07:03:07', 0),
(1353, 5, '1302', 'fragua beig', 'vistas/img/productos/default/anonymous.png', 24, 0, 10000, 0, '2023-06-22 07:01:17', 0),
(1354, 5, '1303', 'fragua blanca', 'vistas/img/productos/default/anonymous.png', 19, 0, 10000, 0, '2023-06-22 07:02:11', 0),
(1355, 5, '1304', 'fragua tabaco', 'vistas/img/productos/default/anonymous.png', 9, 0, 10000, 0, '2023-06-22 07:02:49', 0),
(1356, 5, '1305', 'fragua negra', 'vistas/img/productos/default/anonymous.png', 1, 0, 10000, 0, '2023-06-22 07:04:59', 0),
(1357, 5, '1306', 'fragua beig Corona', 'vistas/img/productos/default/anonymous.png', 9, 0, 16500, 0, '2023-06-22 07:05:41', 0),
(1358, 5, '1307', 'fragua blanca Corona', 'vistas/img/productos/default/anonymous.png', 15, 0, 16500, 0, '2023-06-22 07:06:22', 0),
(1359, 5, '1308', 'fragua negra Corona', 'vistas/img/productos/default/anonymous.png', 5, 0, 16500, 0, '2023-06-22 07:07:02', 0),
(1360, 5, '1309', 'fragua Gris Corona', 'vistas/img/productos/default/anonymous.png', 12, 0, 16500, 0, '2023-06-22 07:07:47', 0),
(1361, 5, '1310', 'fragua tabaco Corona', 'vistas/img/productos/default/anonymous.png', 5, 0, 16500, 0, '2023-06-22 07:10:09', 0),
(1362, 10, '13209', 'interruptor sencillo unitec', 'vistas/img/productos/default/anonymous.png', 14, 0, 7000, 0, '2023-06-30 11:14:00', 0),
(1363, 9, '1311', 'flexometro toolcraft 5mt', 'vistas/img/productos/default/anonymous.png', 5, 0, 19500, 1, '2023-06-23 06:58:19', 0),
(1364, 12, '322', 'llave paso media', 'vistas/img/productos/default/anonymous.png', 14, 0, 6000, 1, '2023-06-23 07:22:11', 0),
(1365, 12, '1312', 'tubo 4p x mt', 'vistas/img/productos/default/anonymous.png', 4, 0, 19000, 2, '2023-06-23 07:38:23', 0),
(1366, 12, '1313', 'Tee galvanizada media', 'vistas/img/productos/default/anonymous.png', 3, 0, 4000, 3, '2023-06-23 07:42:45', 0),
(1367, 12, '1314', 'ducha cuadrada 8p mercury', 'vistas/img/productos/default/anonymous.png', 6, 0, 35000, 0, '2023-06-23 07:45:15', 0),
(1368, 13, '1315', 'bistury mercury', 'vistas/img/productos/default/anonymous.png', 12, 0, 7000, 0, '2023-06-23 07:47:17', 0),
(1369, 10, '1316', 'canaleta plastica 12 x 18', 'vistas/img/productos/default/anonymous.png', 23, 0, 6000, 1, '2023-06-23 10:01:46', 0),
(1370, 10, '1317', 'canaleta plastica 20 x 10', 'vistas/img/productos/default/anonymous.png', 15, 0, 8500, 0, '2023-06-23 07:50:12', 0),
(1371, 10, '1318', 'canaleta plastica 24 x 14', 'vistas/img/productos/default/anonymous.png', 15, 0, 9200, 0, '2023-06-23 07:51:58', 0),
(1373, 15, '1319', 'escobas suaves', 'vistas/img/productos/default/anonymous.png', 12, 0, 8000, 1, '2023-06-23 09:21:08', 0),
(1374, 15, '1320', 'escoba zulia', 'vistas/img/productos/default/anonymous.png', 12, 0, 9000, 0, '2023-06-23 07:57:27', 0),
(1375, 13, '1321', 'soporte cortina 1p cafe', 'vistas/img/productos/default/anonymous.png', 50, 0, 1200, 0, '2023-06-23 08:07:43', 0),
(1376, 12, '1322', 'Valvula llenado universal plus', 'vistas/img/productos/default/anonymous.png', 6, 0, 24500, 0, '2023-06-23 08:10:19', 0),
(1377, 13, '1323', 'soporte cortina 1p dorado', 'vistas/img/productos/default/anonymous.png', 50, 0, 1200, 0, '2023-06-23 08:11:14', 0),
(1378, 12, '1324', 'soporte barra papel higienico', 'vistas/img/productos/default/anonymous.png', 6, 0, 23000, 0, '2023-06-23 08:13:07', 0),
(1379, 5, '1325', 'saco cal', 'vistas/img/productos/default/anonymous.png', 11, 0, 15000, 0, '2023-06-23 08:13:57', 0),
(1380, 17, '1326', 'Set brocas con barra flexible', 'vistas/img/productos/default/anonymous.png', 2, 0, 42000, 0, '2023-06-23 08:20:38', 0),
(1381, 12, '1327', 'Llave lavaplatos flexibles mercury', 'vistas/img/productos/default/anonymous.png', 5, 0, 45000, 1, '2023-06-23 09:43:54', 0),
(1382, 12, '1328', 'sifon 2p con tapa', 'vistas/img/productos/default/anonymous.png', 6, 0, 0, 0, '2023-06-23 08:46:12', 0),
(1383, 14, '1329', 'pintura every rojo', 'vistas/img/productos/default/anonymous.png', 4, 0, 74000, 0, '2023-06-23 08:52:51', 0),
(1384, 14, '1330', 'pintura every caoba', 'vistas/img/productos/default/anonymous.png', 4, 0, 74000, 0, '2023-06-23 08:54:01', 0),
(1385, 14, '1331', 'cuarto pintura every blanco', 'vistas/img/productos/default/anonymous.png', 9, 0, 0, 0, '2023-06-23 08:58:51', 0),
(1388, 1, '9545', 'Pinza 8 pulgadasx', 'vistas/img/productos/default/anonymous.png', 15, 5000, 7000, 0, '2023-07-09 06:23:08', 20);

-- --------------------------------------------------------

--
-- Estructura de tabla para la tabla `usuarios`
--

CREATE TABLE IF NOT EXISTS `usuarios` (
  `id` int(11) NOT NULL AUTO_INCREMENT,
  `nombre` text NOT NULL,
  `usuario` text NOT NULL,
  `password` text NOT NULL,
  `perfil` text NOT NULL,
  `foto` text NOT NULL,
  `estado` int(11) NOT NULL,
  `ultimo_login` datetime NOT NULL,
  `fecha` timestamp NOT NULL DEFAULT current_timestamp() ON UPDATE current_timestamp(),
  PRIMARY KEY (`id`)
) ENGINE=InnoDB  DEFAULT CHARSET=utf8 COLLATE=utf8_spanish_ci AUTO_INCREMENT=3 ;

--
-- Volcado de datos para la tabla `usuarios`
--

INSERT INTO `usuarios` (`id`, `nombre`, `usuario`, `password`, `perfil`, `foto`, `estado`, `ultimo_login`, `fecha`) VALUES
(1, 'Pretel', 'admin', '$2a$07$asxx54ahjppf45sd87a5auml289EC.htk84RLZPhUvkDP9b/AUK7a', 'Administrador', 'vistas/img/usuarios/admin/637.png', 1, '2023-07-09 08:26:59', '2023-07-09 13:26:59'),
(2, 'veronica', 'vero', '$2a$07$asxx54ahjppf45sd87a5auC0gIzf9hpaHKz7WixC1CkYYGeGuWI26', 'Especial', '', 1, '2023-07-09 08:27:32', '2023-07-09 13:27:32');

-- --------------------------------------------------------

--
-- Estructura de tabla para la tabla `ventas`
--

CREATE TABLE IF NOT EXISTS `ventas` (
  `id` int(11) NOT NULL AUTO_INCREMENT,
  `codigo` int(11) NOT NULL,
  `id_cliente` int(11) NOT NULL,
  `id_vendedor` int(11) NOT NULL,
  `productos` text NOT NULL,
  `impuesto` float NOT NULL,
  `neto` float NOT NULL,
  `total` float NOT NULL,
  `metodo_pago` text NOT NULL,
  `fecha` timestamp NOT NULL DEFAULT current_timestamp() ON UPDATE current_timestamp(),
  PRIMARY KEY (`id`)
) ENGINE=InnoDB  DEFAULT CHARSET=utf8 COLLATE=utf8_spanish_ci AUTO_INCREMENT=426 ;

--
-- Volcado de datos para la tabla `ventas`
--

INSERT INTO `ventas` (`id`, `codigo`, `id_cliente`, `id_vendedor`, `productos`, `impuesto`, `neto`, `total`, `metodo_pago`, `fecha`) VALUES
(1, 10001, 18, 2, '[{"id":"226","descripcion":"Pintura Every Barniz","cantidad":"1","stock":"2","precio":"74000","total":"20000"},{"id":"1180","descripcion":"SikaFlex Gris","cantidad":"1","stock":"3","precio":"0","total":"37000"},{"id":"590","descripcion":"Botella Tiner ","cantidad":"2","stock":"6","precio":"7000","total":"14000"},{"id":"62","descripcion":"Cinta Enmascarar 1pulgada","cantidad":"1","stock":"3","precio":"7000","total":"7000"},{"id":"93","descripcion":"Bisturí Globa","cantidad":"1","stock":"2","precio":"8000","total":"6000"},{"id":"1148","descripcion":"Brocha 2 media","cantidad":"2","stock":"10","precio":"0","total":"11600"},{"id":"596","descripcion":"Cloro Granulado x media","cantidad":"1","stock":"28","precio":"7000","total":"7000"},{"id":"464","descripcion":"Tapa Sanitario Blanco","cantidad":"1","stock":"14","precio":"32000","total":"29000"},{"id":"1237","descripcion":"Disco Corte Metal 7  Dewall","cantidad":"1","stock":"17","precio":"0","total":"18000"},{"id":"200","descripcion":"Balde Estuco Interior","cantidad":"1","stock":"1","precio":"48000","total":"42000"},{"id":"91","descripcion":"Bisturí Pretul ","cantidad":"1","stock":"6","precio":"12000","total":"10000"},{"id":"488","descripcion":"Gafas Transparente ","cantidad":"4","stock":"18","precio":"7000","total":"20000"},{"id":"471","descripcion":"Brocha 2 ","cantidad":"1","stock":"20","precio":"4500","total":"6000"}]', 0, 227600, 227600, 'Efectivo', '2023-06-20 08:56:48'),
(2, 10002, 18, 2, '[{"id":"568","descripcion":"Waipe Hilo x kg","cantidad":"1","stock":"24","precio":"9500","total":"8000"},{"id":"34","descripcion":"Espátula acero Inoxidable 4","cantidad":"1","stock":"3","precio":"18000","total":"18000"},{"id":"1078","descripcion":"Sifon Cromando","cantidad":"1","stock":"5","precio":"16000","total":"16000"}]', 0, 42000, 42000, 'Efectivo', '2023-06-20 09:07:24'),
(3, 10003, 18, 2, '[{"id":"1283","descripcion":"Niple Galvanizado","cantidad":"1","stock":"2","precio":"8000","total":"8000"},{"id":"141","descripcion":"Cincel Pala","cantidad":"1","stock":"3","precio":"14500","total":"13000"},{"id":"262","descripcion":"Grapa coaxial","cantidad":"1","stock":"26","precio":"2500","total":"2000"},{"id":"1159","descripcion":"Llave lavamano Pomo","cantidad":"2","stock":"4","precio":"22000","total":"40000"},{"id":"1211","descripcion":"Silicona Crema Dientes Gris","cantidad":"1","stock":"0","precio":"0","total":"10000"},{"id":"335","descripcion":"Manguera Lavamanos Grival Larga","cantidad":"1","stock":"19","precio":"8000","total":"7000"},{"id":"332","descripcion":"Manguera Sanitaria Corta","cantidad":"1","stock":"34","precio":"6000","total":"6000"},{"id":"891","descripcion":"Codo media Presion","cantidad":"4","stock":"26","precio":"700","total":"2400"},{"id":"867","descripcion":"T media Presion","cantidad":"2","stock":"74","precio":"0","total":"1600"},{"id":"1261","descripcion":"Pegante 1 sesenta y cuatro KLW","cantidad":"1","stock":"6","precio":"0","total":"8000"},{"id":"868","descripcion":"T 3cuartos Presion","cantidad":"16","stock":"159","precio":"0","total":"24000"},{"id":"893","descripcion":"Codo 3cuartos Presion","cantidad":"8","stock":"112","precio":"1300","total":"12000"},{"id":"827","descripcion":"Tubo Presion 3 cuartos","cantidad":"3","stock":"28","precio":"0","total":"60000"},{"id":"698","descripcion":"Candado 30mm eco","cantidad":"1","stock":"3","precio":"0","total":"4000"}]', 0, 198000, 198000, 'Efectivo', '2023-06-20 15:58:21'),
(4, 10004, 18, 2, '[{"id":"180","descripcion":"Terminal Coaxial","cantidad":"2","stock":"296","precio":"1000","total":"2000"},{"id":"178","descripcion":"T Coaxial ","cantidad":"1","stock":"118","precio":"2000","total":"3000"},{"id":"691","descripcion":"Bisagras 4 Pulgadas Cromada","cantidad":"1","stock":"5","precio":"0","total":"11600"},{"id":"1129","descripcion":"Asesoria Sanitario Completo Plasgrifo","cantidad":"2","stock":"4","precio":"28000","total":"50000"}]', 0, 66600, 66600, 'Efectivo', '2023-06-20 16:05:13'),
(5, 10005, 18, 2, '[{"id":"1230","descripcion":"Chapa Reja  derecha vera","cantidad":"4","stock":"2","precio":"0","total":"136000"},{"id":"693","descripcion":"Herraje Vera","cantidad":"4","stock":"17","precio":"8000","total":"24000"},{"id":"910","descripcion":"Union Presion media","cantidad":"1","stock":"233","precio":"700","total":"600"},{"id":"679","descripcion":"Tubo Dorado Cortinero ","cantidad":"1","stock":"1","precio":"0","total":"50000"},{"id":"935","descripcion":"Tapo con Rosca media","cantidad":"1","stock":"118","precio":"0","total":"500"},{"id":"86","descripcion":"Broca Lamina 5 treinta y dos","cantidad":"2","stock":"4","precio":"4500","total":"12500"},{"id":"87","descripcion":"Broca Lamina 9 sesenta y cuatro","cantidad":"2","stock":"5","precio":"4000","total":"12500"},{"id":"1285","descripcion":"Plastico Negro x mt","cantidad":"15","stock":"165","precio":"5800","total":"55000"},{"id":"247","descripcion":"Chazo Plástico 5 dieciséis ","cantidad":"20","stock":"1714","precio":"100","total":"2000"},{"id":"145","descripcion":"Hoja Segueta Fina","cantidad":"1","stock":"44","precio":"5000","total":"6000"},{"id":"363","descripcion":"Clavija sin Polo ","cantidad":"1","stock":"24","precio":"5800","total":"4500"},{"id":"66","descripcion":"Cinta Aislante 3M 5m","cantidad":"1","stock":"5","precio":"7500","total":"3000"},{"id":"263","descripcion":"Repuesto Bisturí ","cantidad":"1","stock":"4","precio":"3000","total":"3000"},{"id":"1239","descripcion":"Disco Corte Metal 4 y medio Dewall","cantidad":"1","stock":"77","precio":"5000","total":"4000"}]', 0, 313600, 313600, 'Efectivo', '2023-06-20 18:44:50'),
(6, 10006, 18, 2, '[{"id":"69","descripcion":"Teflón industrial","cantidad":"1","stock":"36","precio":"3000","total":"2600"},{"id":"942","descripcion":"Tapon Macho  media PVC","cantidad":"2","stock":"32","precio":"0","total":"1400"},{"id":"516","descripcion":"universal media","cantidad":"1","stock":"25","precio":"6000","total":"6000"},{"id":"896","descripcion":"Codo 1 y media Presion","cantidad":"2","stock":"16","precio":"0","total":"12000"},{"id":"913","descripcion":"Union Presion 1 y media Pulgada","cantidad":"1","stock":"7","precio":"0","total":"2200"},{"id":"363","descripcion":"Clavija sin Polo ","cantidad":"1","stock":"23","precio":"5800","total":"4000"},{"id":"1092","descripcion":"Posuelo Plastico Plasgrifo 1y media","cantidad":"1","stock":"7","precio":"2500","total":"4000"},{"id":"588","descripcion":"Segueta Roja eco","cantidad":"1","stock":"0","precio":"0","total":"16000"},{"id":"29","descripcion":"Espátula Metálica 3","cantidad":"1","stock":"5","precio":"4800","total":"4000"},{"id":"291","descripcion":"Diablo Rojo Liquido","cantidad":"1","stock":"14","precio":"9000","total":"9000"},{"id":"293","descripcion":"Soda Caustica","cantidad":"1","stock":"8","precio":"6000","total":"6000"},{"id":"262","descripcion":"Grapa coaxial","cantidad":"1","stock":"25","precio":"2500","total":"2500"},{"id":"1078","descripcion":"Sifon Cromando","cantidad":"1","stock":"4","precio":"16000","total":"16000"},{"id":"429","descripcion":"Tornillos Drawall 1media","cantidad":"50","stock":"2450","precio":"100","total":"5000"}]', 0, 90700, 90700, 'Efectivo', '2023-06-20 19:04:17'),
(7, 10007, 18, 2, '[{"id":"69","descripcion":"Teflón industrial","cantidad":"3","stock":"33","precio":"3000","total":"9000"},{"id":"510","descripcion":"Tubo Eléctrico  media pulgada","cantidad":"1","stock":"9","precio":"7800","total":"8500"}]', 0, 17500, 17500, 'Efectivo', '2023-06-20 19:18:25'),
(8, 10008, 18, 2, '[{"id":"875","descripcion":"Tubo x mt Presion 1y media Pulgada ","cantidad":"3","stock":"9","precio":"13200","total":"39600"},{"id":"1284","descripcion":"Lona Verde x mt","cantidad":"10","stock":"10","precio":"2600","total":"23000"},{"id":"891","descripcion":"Codo media Presion","cantidad":"7","stock":"19","precio":"700","total":"4200"},{"id":"1067","descripcion":"Llave Registro Paso Mariposa","cantidad":"1","stock":"2","precio":"0","total":"9000"},{"id":"1066","descripcion":"Llave Registro Paso Rapido","cantidad":"1","stock":"2","precio":"0","total":"5000"},{"id":"1111","descripcion":"Buje Caucho 2 ","cantidad":"1","stock":"16","precio":"4000","total":"4000"},{"id":"919","descripcion":"Macho 1 pulgadas","cantidad":"3","stock":"76","precio":"0","total":"4000"},{"id":"1113","descripcion":"Flanche 1pulgada","cantidad":"1","stock":"9","precio":"7000","total":"6000"},{"id":"890","descripcion":"Buje 2 x media ","cantidad":"3","stock":"133","precio":"0","total":"5400"},{"id":"516","descripcion":"universal media","cantidad":"2","stock":"23","precio":"6000","total":"12000"},{"id":"867","descripcion":"T media Presion","cantidad":"1","stock":"73","precio":"0","total":"800"},{"id":"916","descripcion":"Macho media pulgadas","cantidad":"3","stock":"22","precio":"800","total":"2100"},{"id":"1008","descripcion":"Grapa Plastica Tubo media ","cantidad":"02","stock":"0","precio":"0","total":"3000"},{"id":"265","descripcion":"Regulador De Gas","cantidad":"1","stock":"10","precio":"19000","total":"20000"},{"id":"71","descripcion":"Teflón ","cantidad":"1","stock":"78","precio":"1000","total":"1000"},{"id":"1321","descripcion":"Cable Duplex xmt","cantidad":"2","stock":"98","precio":"0","total":"9600"}]', 0, 148700, 148700, 'Efectivo', '2023-06-20 21:16:30'),
(9, 10009, 18, 2, '[{"id":"363","descripcion":"Clavija sin Polo ","cantidad":"1","stock":"22","precio":"5800","total":"4500"},{"id":"157","descripcion":"Cerradura Manija Vera Alcoba","cantidad":"3","stock":"0","precio":"43000","total":"120000"},{"id":"221","descripcion":"Pintura Every Negro","cantidad":"1","stock":"11","precio":"74000","total":"67000"},{"id":"1183","descripcion":"Silicona Negra Sika","cantidad":"1","stock":"10","precio":"0","total":"20000"},{"id":"202","descripcion":"Cuñete Ico","cantidad":"1","stock":"0","precio":"265000","total":"258000"},{"id":"1287","descripcion":"Cemento Blanco x 1 Kg","cantidad":"1","stock":"19","precio":"2500","total":"2500"},{"id":"1271","descripcion":"Sika Mastick Estuco cuarto","cantidad":"1","stock":"5","precio":"0","total":"14000"},{"id":"576","descripcion":"Vinipel Grande","cantidad":"1","stock":"4","precio":"36000","total":"36000"},{"id":"590","descripcion":"Botella Tiner ","cantidad":"1","stock":"5","precio":"7000","total":"6000"},{"id":"422","descripcion":"Galón PLaco K89","cantidad":"1","stock":"1","precio":"42000","total":"40000"},{"id":"818","descripcion":"Codo  4 pulgadas x45 cxc","cantidad":"1","stock":"5","precio":"0","total":"12500"},{"id":"1315","descripcion":"Mini Alicate corta frio 4p Pretul","cantidad":"1","stock":"5","precio":"12000","total":"10000"},{"id":"825","descripcion":"Tubo Presion media Fino","cantidad":"1","stock":"23","precio":"17500","total":"10000"},{"id":"1070","descripcion":"Llave Grifo Platica","cantidad":"1","stock":"7","precio":"8000","total":"7000"},{"id":"43","descripcion":"Puntilla hierro 2 media","cantidad":"3","stock":"21","precio":"5000","total":"12000"}]', 0, 619500, 619500, 'Efectivo', '2023-06-20 21:30:02'),
(10, 10010, 18, 2, '[{"id":"44","descripcion":"Puntilla hierro 3","cantidad":"2","stock":"29","precio":"0","total":"8000"},{"id":"485","descripcion":"Cinta doble Fax Grande","cantidad":"1","stock":"6","precio":"6000","total":"7000"}]', 0, 15000, 15000, 'Efectivo', '2023-06-20 21:35:19'),
(11, 10011, 18, 2, '[{"id":"129","descripcion":"Grapadora Industrial","cantidad":"1","stock":"1","precio":"38000","total":"7000"},{"id":"1229","descripcion":"Cerradura de Bola Vera Alcoba","cantidad":"2","stock":"1","precio":"0","total":"59000"},{"id":"1240","descripcion":"Juego Copa Sierra Circulas Toolcraft","cantidad":"1","stock":"2","precio":"0","total":"18000"},{"id":"1225","descripcion":"Saco Pegacor","cantidad":"1","stock":"10","precio":"38500","total":"38500"},{"id":"659","descripcion":"Cinta Asfáltica x Metros 20cm","cantidad":"1","stock":"4","precio":"10000","total":"15000"},{"id":"330","descripcion":"Manguera Sanitaria Grival Larga","cantidad":"1","stock":"17","precio":"8000","total":"7000"},{"id":"1290","descripcion":"cemento gris x 2 kg","cantidad":"2","stock":"24","precio":"3000","total":"6000"},{"id":"353","descripcion":"Interruptor Sencillo Unitec eco","cantidad":"2","stock":"51","precio":"6000","total":"12000"},{"id":"715","descripcion":"Bisagra Parche x par","cantidad":"1","stock":"27","precio":"7000","total":"8000"},{"id":"41","descripcion":"Puntilla hierro 1media","cantidad":"1","stock":"5","precio":"5000","total":"4800"},{"id":"69","descripcion":"Teflón industrial","cantidad":"1","stock":"32","precio":"3000","total":"3000"},{"id":"65","descripcion":"Cinta Aislante 3M 9m","cantidad":"1","stock":"4","precio":"9000","total":"9000"},{"id":"399","descripcion":"Bombillo 20w","cantidad":"1","stock":"0","precio":"8000","total":"15000"}]', 0, 202300, 202300, 'Efectivo', '2023-06-20 22:42:49'),
(12, 10012, 18, 2, '[{"id":"660","descripcion":"Balde Pintuland Tipo1 Blanco","cantidad":"1","stock":"2","precio":"195000","total":"195000"},{"id":"1295","descripcion":"Estuco x 2 kg","cantidad":"1","stock":"17","precio":"5000","total":"5000"},{"id":"497","descripcion":"Lija 80","cantidad":"2","stock":"66","precio":"2000","total":"4000"},{"id":"1195","descripcion":"Rodillo Felpa 9","cantidad":"1","stock":"10","precio":"0","total":"8000"},{"id":"591","descripcion":"Caneca Tiner","cantidad":"1","stock":"7","precio":"5000","total":"5000"},{"id":"471","descripcion":"Brocha 2 ","cantidad":"1","stock":"19","precio":"4500","total":"5500"},{"id":"1293","descripcion":"pegacor x 1 kg","cantidad":"1","stock":"23","precio":"2500","total":"2500"},{"id":"352","descripcion":"Tomacorriente Unitec eco","cantidad":"5","stock":"5","precio":"7000","total":"35000"},{"id":"1217","descripcion":"Mesclador Flexible Lavaplatos 8 pulgadas Yarden","cantidad":"1","stock":"2","precio":"68000","total":"68000"},{"id":"84","descripcion":"Broca Lamina 5 dieciséis ","cantidad":"1","stock":"11","precio":"13000","total":"13500"},{"id":"333","descripcion":"Manguera Lavamanos  Corta","cantidad":"2","stock":"31","precio":"6000","total":"12000"},{"id":"429","descripcion":"Tornillos Drawall 1media","cantidad":"20","stock":"2430","precio":"100","total":"2000"},{"id":"1214","descripcion":"Regadera Yarden 2 y media","cantidad":"1","stock":"9","precio":"0","total":"18500"},{"id":"916","descripcion":"Macho media pulgadas","cantidad":"2","stock":"20","precio":"800","total":"1400"},{"id":"867","descripcion":"T media Presion","cantidad":"2","stock":"71","precio":"0","total":"1600"},{"id":"922","descripcion":"Hembra media  Presion","cantidad":"4","stock":"341","precio":"0","total":"2800"},{"id":"910","descripcion":"Union Presion media","cantidad":"4","stock":"229","precio":"700","total":"2400"},{"id":"1118","descripcion":"Valvula salida Doble Plasgrifo","cantidad":"1","stock":"9","precio":"7000","total":"8000"},{"id":"1277","descripcion":"Sika Mortero x 2kg Gris","cantidad":"2","stock":"0","precio":"0","total":"49000"}]', 0, 439200, 439200, 'Efectivo', '2023-06-21 18:43:24'),
(13, 10013, 18, 2, '[{"id":"41","descripcion":"Puntilla hierro 1media","cantidad":"1","stock":"4","precio":"5000","total":"4800"},{"id":"1321","descripcion":"Cable Duplex xmt","cantidad":"2","stock":"96","precio":"0","total":"7000"},{"id":"659","descripcion":"Cinta Asfáltica x Metros 20cm","cantidad":"1","stock":"3","precio":"10000","total":"10000"},{"id":"191","descripcion":"Traperos ","cantidad":"1","stock":"25","precio":"8000","total":"8000"},{"id":"71","descripcion":"Teflón ","cantidad":"1","stock":"77","precio":"1000","total":"1000"},{"id":"916","descripcion":"Macho media pulgadas","cantidad":"8","stock":"12","precio":"800","total":"6400"},{"id":"943","descripcion":"Codo con Rosca  media ","cantidad":"1","stock":"26","precio":"0","total":"1200"},{"id":"891","descripcion":"Codo media Presion","cantidad":"10","stock":"9","precio":"700","total":"7000"},{"id":"1139","descripcion":"Agua stop  Grival","cantidad":"3","stock":"1","precio":"13500","total":"35300"},{"id":"1129","descripcion":"Asesoria Sanitario Completo Plasgrifo","cantidad":"1","stock":"3","precio":"28000","total":"30000"},{"id":"1042","descripcion":"Sifon Flexible Grival","cantidad":"1","stock":"4","precio":"0","total":"22000"},{"id":"1149","descripcion":"Brocha 3","cantidad":"1","stock":"11","precio":"0","total":"6000"},{"id":"497","descripcion":"Lija 80","cantidad":"1","stock":"65","precio":"2000","total":"1500"},{"id":"377","descripcion":"Plafón Losa  ","cantidad":"1","stock":"3","precio":"4500","total":"4500"},{"id":"429","descripcion":"Tornillos Drawall 1media","cantidad":"40","stock":"2390","precio":"100","total":"4000"},{"id":"442","descripcion":" Spray Blanco","cantidad":"1","stock":"7","precio":"10000","total":"10000"}]', 0, 158700, 158700, 'Efectivo', '2023-06-21 19:05:38'),
(14, 10014, 18, 2, '[{"id":"715","descripcion":"Bisagra Parche x par","cantidad":"1","stock":"26","precio":"7000","total":"9500"},{"id":"868","descripcion":"T 3cuartos Presion","cantidad":"16","stock":"143","precio":"0","total":"24000"},{"id":"827","descripcion":"Tubo Presion 3 cuartos","cantidad":"1","stock":"27","precio":"0","total":"21000"},{"id":"1288","descripcion":"Cemento Blanco x 2 Kg","cantidad":"1","stock":"13","precio":"5000","total":"5000"},{"id":"1287","descripcion":"Cemento Blanco x 1 Kg","cantidad":"1","stock":"18","precio":"2500","total":"2500"},{"id":"262","descripcion":"Grapa coaxial","cantidad":"2","stock":"23","precio":"2500","total":"5000"},{"id":"1225","descripcion":"Saco Pegacor","cantidad":"2","stock":"8","precio":"38500","total":"76000"},{"id":"1289","descripcion":"cemento gris x 1 kg","cantidad":"1","stock":"50","precio":"1500","total":"1500"},{"id":"1290","descripcion":"cemento gris x 2 kg","cantidad":"5","stock":"19","precio":"3000","total":"15000"},{"id":"1230","descripcion":"Chapa Reja  derecha vera","cantidad":"1","stock":"1","precio":"0","total":"34000"},{"id":"897","descripcion":"Codo 2 pulgadas Presion","cantidad":"1","stock":"5","precio":"0","total":"9000"},{"id":"145","descripcion":"Hoja Segueta Fina","cantidad":"1","stock":"43","precio":"5000","total":"6000"},{"id":"849","descripcion":"Union Sanitaria 6 Pulgada","cantidad":"1","stock":"8","precio":"0","total":"30000"},{"id":"737","descripcion":"Brocha 1 ","cantidad":"1","stock":"20","precio":"3000","total":"3000"},{"id":"1013","descripcion":"Amarras Negra 25mm","cantidad":"2","stock":"0","precio":"0","total":"4000"},{"id":"71","descripcion":"Teflón ","cantidad":"1","stock":"76","precio":"1000","total":"1000"},{"id":"1261","descripcion":"Pegante 1 sesenta y cuatro KLW","cantidad":"1","stock":"5","precio":"0","total":"9000"},{"id":"93","descripcion":"Bisturí Globa","cantidad":"1","stock":"1","precio":"8000","total":"6000"},{"id":"68","descripcion":"Cinta Aislante colores","cantidad":"1","stock":"11","precio":"4000","total":"4000"},{"id":"1324","descripcion":"Esmalte x cuartos","cantidad":"1","stock":"49","precio":"0","total":"24500"},{"id":"1323","descripcion":"Galon ico vinilo ","cantidad":"1","stock":"4","precio":"0","total":"60000"}]', 0, 350000, 350000, 'Efectivo', '2023-06-21 19:32:00'),
(15, 10015, 18, 2, '[{"id":"45","descripcion":"Puntilla hierro 3 media","cantidad":"2","stock":"59","precio":"5000","total":"9600"},{"id":"43","descripcion":"Puntilla hierro 2 media","cantidad":"2","stock":"19","precio":"5000","total":"9600"},{"id":"42","descripcion":"Puntilla hierro 2","cantidad":"1","stock":"43","precio":"5000","total":"4800"},{"id":"988","descripcion":"Flexómetro 3mt Surka","cantidad":"1","stock":"1","precio":"13000","total":"8500"},{"id":"778","descripcion":"Caja Sobreponer 2x4","cantidad":"1","stock":"17","precio":"4000","total":"4000"},{"id":"1263","descripcion":"Pegante 1 ventiocho Pavco","cantidad":"1","stock":"8","precio":"0","total":"8000"},{"id":"910","descripcion":"Union Presion media","cantidad":"2","stock":"227","precio":"700","total":"1400"},{"id":"922","descripcion":"Hembra media  Presion","cantidad":"1","stock":"340","precio":"0","total":"800"},{"id":"516","descripcion":"universal media","cantidad":"1","stock":"22","precio":"6000","total":"6000"},{"id":"1287","descripcion":"Cemento Blanco x 1 Kg","cantidad":"1","stock":"17","precio":"2500","total":"2500"},{"id":"1293","descripcion":"pegacor x 1 kg","cantidad":"5","stock":"18","precio":"2500","total":"12500"},{"id":"332","descripcion":"Manguera Sanitaria Corta","cantidad":"2","stock":"32","precio":"6000","total":"10000"},{"id":"1216","descripcion":"Mesclador Fregadero 8 pulgadas Yarden","cantidad":"1","stock":"5","precio":"0","total":"65000"},{"id":"1324","descripcion":"Esmalte x cuartos","cantidad":"1","stock":"48","precio":"0","total":"23000"},{"id":"431","descripcion":"Silicona Tipo Crema Transparente","cantidad":"1","stock":"21","precio":"7500","total":"6000"},{"id":"591","descripcion":"Caneca Tiner","cantidad":"1","stock":"6","precio":"5000","total":"5000"},{"id":"737","descripcion":"Brocha 1 ","cantidad":"1","stock":"19","precio":"3000","total":"2000"},{"id":"329","descripcion":"Pomo Universal","cantidad":"1","stock":"10","precio":"7000","total":"7000"},{"id":"264","descripcion":"Nylon  12L","cantidad":"1","stock":"8","precio":"4500","total":"6000"},{"id":"290","descripcion":"Destapa ya","cantidad":"2","stock":"24","precio":"9000","total":"18000"},{"id":"471","descripcion":"Brocha 2 ","cantidad":"2","stock":"17","precio":"4500","total":"10000"}]', 0, 219700, 219700, 'Efectivo', '2023-06-21 21:15:34'),
(16, 10016, 18, 2, '[{"id":"1324","descripcion":"Esmalte x cuartos","cantidad":"1","stock":"47","precio":"0","total":"24000"},{"id":"1285","descripcion":"Plastico Negro x mt","cantidad":"3","stock":"162","precio":"5800","total":"15000"},{"id":"1261","descripcion":"Pegante 1 sesenta y cuatro KLW","cantidad":"1","stock":"4","precio":"0","total":"9000"},{"id":"1227","descripcion":"Saco Estuco Corana ","cantidad":"1","stock":"0","precio":"0","total":"38000"},{"id":"891","descripcion":"Codo media Presion","cantidad":"6","stock":"3","precio":"700","total":"3600"},{"id":"1262","descripcion":"Pegante 1 ventiocho KLW","cantidad":"1","stock":"3","precio":"0","total":"15000"},{"id":"1039","descripcion":"Griferia laguna mas boton Grival","cantidad":"1","stock":"1","precio":"0","total":"85000"},{"id":"1230","descripcion":"Chapa Reja  derecha vera","cantidad":"1","stock":"0","precio":"0","total":"34000"},{"id":"1066","descripcion":"Llave Registro Paso Rapido","cantidad":"1","stock":"1","precio":"0","total":"9000"},{"id":"232","descripcion":"Racor Rojo","cantidad":"1","stock":"24","precio":"2000","total":"2000"},{"id":"231","descripcion":"Racor Bronce","cantidad":"1","stock":"3","precio":"13000","total":"10000"},{"id":"846","descripcion":"Union Sanitaria 2 Pulgada","cantidad":"1","stock":"35","precio":"3000","total":"2500"}]', 0, 247100, 247100, 'Efectivo', '2023-06-21 21:27:25'),
(17, 10017, 20, 2, '[{"id":"987","descripcion":"Broca  SDS 6 x 1cuarto","cantidad":"1","stock":"1","precio":"0","total":"18000"},{"id":"1286","descripcion":"Chuspa Basura","cantidad":"1","stock":"149","precio":"500","total":"500"},{"id":"1143","descripcion":"Soldadura PVC 1 treinta dos","cantidad":"1","stock":"10","precio":"0","total":"17000"},{"id":"1087","descripcion":"Buje Caucho 2 x 1 y media Lavamano","cantidad":"1","stock":"12","precio":"0","total":"3000"},{"id":"1175","descripcion":"Silicona Blanca Tubo Toolcraft","cantidad":"1","stock":"3","precio":"0","total":"16000"},{"id":"248","descripcion":"Chazo Plástico 3octavos ","cantidad":"50","stock":"73","precio":"100","total":"5000"}]', 0, 59500, 59500, 'Efectivo', '2023-06-22 04:09:21'),
(18, 10018, 19, 2, '[{"id":"543","descripcion":"Lamina Solapa","cantidad":"1","stock":"8","precio":"25000","total":"26000"},{"id":"1289","descripcion":"cemento gris x 1 kg","cantidad":"1","stock":"49","precio":"1500","total":"2000"},{"id":"1348","descripcion":"Clavo acero x unidad","cantidad":"15","stock":"85","precio":"100","total":"3000"},{"id":"181","descripcion":"Terminal Coaxial Ponchar","cantidad":"1","stock":"43","precio":"2500","total":"2500"},{"id":"733","descripcion":"Tomacorriente eco","cantidad":"1","stock":"28","precio":"7000","total":"7000"},{"id":"363","descripcion":"Clavija sin Polo ","cantidad":"1","stock":"21","precio":"5800","total":"5800"}]', 0, 46300, 46300, 'Efectivo', '2023-06-22 04:17:27'),
(19, 10019, 21, 2, '[{"id":"828","descripcion":"Tubo Presion 1 pulgada","cantidad":"1","stock":"33","precio":"0","total":"29000"},{"id":"912","descripcion":"Union Presion 1Pulgada","cantidad":"3","stock":"108","precio":"2300","total":"6900"},{"id":"1260","descripcion":"Pegante 1 treinta y dos KLW","cantidad":"1","stock":"4","precio":"0","total":"17000"},{"id":"50","descripcion":"Puntilla acero 2 vertical ","cantidad":"2","stock":"0","precio":"9800","total":"19600"},{"id":"1239","descripcion":"Disco Corte Metal 4 y medio Dewall","cantidad":"4","stock":"73","precio":"5000","total":"20000"},{"id":"925","descripcion":"Hembra 1 Presion","cantidad":"1","stock":"25","precio":"0","total":"1900"},{"id":"940","descripcion":"PEF Macho","cantidad":"3","stock":"16","precio":"0","total":"18000"},{"id":"889","descripcion":"Buje 1 y cuarto x media","cantidad":"1","stock":"45","precio":"0","total":"1700"},{"id":"946","descripcion":"Buje 3cuartos x media presion ","cantidad":"2","stock":"58","precio":"1400","total":"2800"},{"id":"922","descripcion":"Hembra media  Presion","cantidad":"1","stock":"339","precio":"0","total":"800"}]', 0, 117700, 117700, 'Efectivo', '2023-06-22 04:48:25'),
(20, 10020, 19, 2, '[{"id":"825","descripcion":"Tubo Presion media Fino","cantidad":"4","stock":"19","precio":"17500","total":"70000"},{"id":"910","descripcion":"Union Presion media","cantidad":"6","stock":"221","precio":"700","total":"4200"},{"id":"928","descripcion":"Tapo Liso media","cantidad":"4","stock":"139","precio":"800","total":"3200"},{"id":"718","descripcion":"Pegante PVC un 69 eco","cantidad":"1","stock":"9","precio":"0","total":"3000"}]', 0, 80400, 80400, 'Efectivo', '2023-06-22 04:59:20'),
(21, 10021, 19, 2, '[{"id":"925","descripcion":"Hembra 1 Presion","cantidad":"2","stock":"23","precio":"0","total":"3800"},{"id":"912","descripcion":"Union Presion 1Pulgada","cantidad":"1","stock":"107","precio":"2300","total":"6000"},{"id":"514","descripcion":"Universal 1 Pulgada","cantidad":"3","stock":"67","precio":"10000","total":"30000"},{"id":"894","descripcion":"Codo 1pulgada Presion","cantidad":"3","stock":"40","precio":"1500","total":"4500"},{"id":"1258","descripcion":"Pegante Celta 1 dieciséis ","cantidad":"1","stock":"0","precio":"0","total":"37000"},{"id":"878","descripcion":"Tubo x mt Presion 1 Pulgada ","cantidad":"1","stock":"7","precio":"0","total":"5800"},{"id":"869","descripcion":"T 1Pulgada Presion","cantidad":"1","stock":"52","precio":"0","total":"2000"},{"id":"947","descripcion":"Buje 1 y cuarto x media presion","cantidad":"1","stock":"129","precio":"1800","total":"1800"},{"id":"1239","descripcion":"Disco Corte Metal 4 y medio Dewall","cantidad":"1","stock":"72","precio":"5000","total":"5000"}]', 0, 95900, 95900, 'Efectivo', '2023-06-22 07:25:34'),
(22, 10022, 18, 2, '[{"id":"436","descripcion":"Spray Cromado","cantidad":"1","stock":"14","precio":"13000","total":"10000"},{"id":"1195","descripcion":"Rodillo Felpa 9","cantidad":"2","stock":"8","precio":"0","total":"17000"},{"id":"1068","descripcion":"Llave Registro Paso Pomo","cantidad":"1","stock":"5","precio":"0","total":"18500"},{"id":"919","descripcion":"Macho 1 pulgadas","cantidad":"4","stock":"72","precio":"0","total":"12000"},{"id":"147","descripcion":"Chapa Bola Madera Baño","cantidad":"1","stock":"8","precio":"25000","total":"25000"},{"id":"1287","descripcion":"Cemento Blanco x 1 Kg","cantidad":"1","stock":"16","precio":"2500","total":"2000"},{"id":"514","descripcion":"Universal 1 Pulgada","cantidad":"4","stock":"63","precio":"10000","total":"40000"},{"id":"894","descripcion":"Codo 1pulgada Presion","cantidad":"2","stock":"38","precio":"1500","total":"5000"},{"id":"912","descripcion":"Union Presion 1Pulgada","cantidad":"2","stock":"105","precio":"2300","total":"9000"},{"id":"284","descripcion":"Guantes Nitrilo","cantidad":"2","stock":"14","precio":"8000","total":"14000"},{"id":"1327","descripcion":"tapa bocas negro","cantidad":"1","stock":"39","precio":"0","total":"1200"},{"id":"878","descripcion":"Tubo x mt Presion 1 Pulgada ","cantidad":"1","stock":"6","precio":"0","total":"9000"},{"id":"910","descripcion":"Union Presion media","cantidad":"1","stock":"220","precio":"700","total":"1600"},{"id":"180","descripcion":"Terminal Coaxial","cantidad":"4","stock":"292","precio":"1000","total":"4000"},{"id":"247","descripcion":"Chazo Plástico 5 dieciséis ","cantidad":"50","stock":"1664","precio":"100","total":"5000"},{"id":"429","descripcion":"Tornillos Drawall 1media","cantidad":"50","stock":"2340","precio":"100","total":"5000"}]', 0, 178300, 178300, 'Efectivo', '2023-06-21 20:04:10'),
(23, 10023, 18, 2, '[{"id":"460","descripcion":"Cerradura de Bola Vera Alcoba","cantidad":"1","stock":"11","precio":"30000","total":"40000"},{"id":"333","descripcion":"Manguera Lavamanos  Corta","cantidad":"1","stock":"30","precio":"6000","total":"5000"},{"id":"1290","descripcion":"cemento gris x 2 kg","cantidad":"5","stock":"14","precio":"3000","total":"15000"},{"id":"1294","descripcion":"Estuco x 1 kg","cantidad":"1","stock":"26","precio":"2500","total":"2500"},{"id":"58","descripcion":"Cinta Transparente 40mt","cantidad":"1","stock":"9","precio":"7000","total":"7000"},{"id":"1348","descripcion":"Clavo acero x unidad","cantidad":"50","stock":"35","precio":"100","total":"5000"},{"id":"1351","descripcion":"manguera verde x mt","cantidad":"20","stock":"50","precio":"1700","total":"30000"},{"id":"232","descripcion":"Racor Rojo","cantidad":"1","stock":"23","precio":"2000","total":"2000"},{"id":"1071","descripcion":"Llave Grifo Paso Rapido","cantidad":"1","stock":"5","precio":"18000","total":"9000"},{"id":"248","descripcion":"Chazo Plástico 3octavos ","cantidad":"5","stock":"68","precio":"100","total":"500"},{"id":"607","descripcion":"Valvula de Llenado Aqua","cantidad":"1","stock":"2","precio":"0","total":"23000"},{"id":"499","descripcion":"Lija 150","cantidad":"1","stock":"249","precio":"2000","total":"1500"}]', 0, 140500, 140500, 'Efectivo', '2023-06-21 20:14:34'),
(24, 10024, 18, 2, '[{"id":"1348","descripcion":"Clavo acero x unidad","cantidad":"13","stock":"22","precio":"100","total":"1300"},{"id":"846","descripcion":"Union Sanitaria 2 Pulgada","cantidad":"1","stock":"34","precio":"3000","total":"3000"},{"id":"976","descripcion":"Tapones para oidos con cuerda","cantidad":"2","stock":"12","precio":"0","total":"4000"},{"id":"75","descripcion":"Broca Muro 1cuarto","cantidad":"1","stock":"19","precio":"7000","total":"7000"},{"id":"74","descripcion":"Broca Muro 3dieciséis","cantidad":"1","stock":"7","precio":"4000","total":"4000"},{"id":"248","descripcion":"Chazo Plástico 3octavos ","cantidad":"4","stock":"64","precio":"100","total":"400"},{"id":"1195","descripcion":"Rodillo Felpa 9","cantidad":"2","stock":"6","precio":"0","total":"16000"},{"id":"995","descripcion":"Saco Estuco Corana x Medio","cantidad":"1","stock":"0","precio":"19000","total":"19000"},{"id":"521","descripcion":"Llave Paso 1 Pulgada eco","cantidad":"1","stock":"9","precio":"6000","total":"5000"},{"id":"254","descripcion":"Copa 5 dieciséis x 8mm ","cantidad":"1","stock":"24","precio":"8000","total":"8000"},{"id":"1084","descripcion":"Canastilla Lavaplatos Plasgrifo","cantidad":"2","stock":"6","precio":"12000","total":"20000"},{"id":"1078","descripcion":"Sifon Cromando","cantidad":"2","stock":"2","precio":"16000","total":"30000"},{"id":"452","descripcion":"Silicona Blanca","cantidad":"1","stock":"3","precio":"18000","total":"15000"},{"id":"851","descripcion":"T Sanitaria 2 Pulgada","cantidad":"1","stock":"10","precio":"0","total":"2000"},{"id":"808","descripcion":"Codo  2 pulgadas x45 cxe","cantidad":"1","stock":"33","precio":"0","total":"3000"},{"id":"391","descripcion":"Multicontacto Triple Naranja","cantidad":"1","stock":"18","precio":"10000","total":"10000"},{"id":"1069","descripcion":"Llave Grifo Cromado","cantidad":"2","stock":"13","precio":"16000","total":"30000"},{"id":"1296","descripcion":"Escalera Truper 7p","cantidad":"1","stock":"0","precio":"535000","total":"535000"},{"id":"1306","descripcion":"Escalera Truper 5p","cantidad":"1","stock":"0","precio":"330000","total":"365000"},{"id":"867","descripcion":"T media Presion","cantidad":"1","stock":"70","precio":"0","total":"800"},{"id":"658","descripcion":"Cemento Blanco x Saco","cantidad":"1","stock":"2","precio":"0","total":"40000"},{"id":"1328","descripcion":"pasador barra 2p","cantidad":"1","stock":"11","precio":"0","total":"4500"},{"id":"681","descripcion":"Bisagras 3x1Pulgada","cantidad":"3","stock":"2","precio":"0","total":"15000"},{"id":"429","descripcion":"Tornillos Drawall 1media","cantidad":"44","stock":"2296","precio":"100","total":"4400"},{"id":"45","descripcion":"Puntilla hierro 3 media","cantidad":"1","stock":"58","precio":"5000","total":"5000"}]', 0, 1147400, 1147400, 'Efectivo', '2023-06-22 20:43:04'),
(25, 10025, 18, 2, '[{"id":"1286","descripcion":"Chuspa Basura","cantidad":"2","stock":"147","precio":"500","total":"2400"},{"id":"674","descripcion":"Flexómetro 5mt Pretul ","cantidad":"1","stock":"1","precio":"11500","total":"10000"},{"id":"1337","descripcion":"Martillo Cabo Madera 27cm","cantidad":"1","stock":"5","precio":"19000","total":"20000"},{"id":"1282","descripcion":"3 en 1 20cc","cantidad":"1","stock":"16","precio":"0","total":"4000"},{"id":"502","descripcion":"Lija 120","cantidad":"3","stock":"47","precio":"2000","total":"4500"},{"id":"1015","descripcion":"Amarras Negra 15mm","cantidad":"1","stock":"6","precio":"10","total":"7000"},{"id":"1155","descripcion":"Set Regadera Sencilla eco","cantidad":"2","stock":"0","precio":"14000","total":"30000"},{"id":"846","descripcion":"Union Sanitaria 2 Pulgada","cantidad":"2","stock":"32","precio":"3000","total":"6000"},{"id":"429","descripcion":"Tornillos Drawall 1media","cantidad":"32","stock":"2264","precio":"100","total":"3200"},{"id":"719","descripcion":"Pegante PVC 1 treintados eco","cantidad":"1","stock":"12","precio":"0","total":"3000"},{"id":"1251","descripcion":"Spray Alta Temperatura oro","cantidad":"1","stock":"3","precio":"18000","total":"18000"},{"id":"607","descripcion":"Valvula de Llenado Aqua","cantidad":"1","stock":"1","precio":"0","total":"46000"},{"id":"1278","descripcion":"Estuco Plastico Corona x Galon","cantidad":"1","stock":"2","precio":"0","total":"24000"},{"id":"1060","descripcion":"Llave Lavaplato Sencilla Unitec","cantidad":"1","stock":"0","precio":"0","total":"45000"},{"id":"825","descripcion":"Tubo Presion media Fino","cantidad":"1","stock":"18","precio":"17500","total":"15000"},{"id":"691","descripcion":"Bisagras 4 Pulgadas Cromada","cantidad":"1","stock":"4","precio":"0","total":"12000"}]', 0, 250100, 250100, 'Efectivo', '2023-06-22 21:10:43'),
(26, 10026, 18, 2, '[{"id":"1196","descripcion":"Rodillo Antigoteo 9","cantidad":"1","stock":"9","precio":"0","total":"10000"},{"id":"333","descripcion":"Manguera Lavamanos  Corta","cantidad":"2","stock":"28","precio":"6000","total":"7000"},{"id":"1163","descripcion":"Llave Lavamanos Mesclador Paso Rapido","cantidad":"1","stock":"1","precio":"58000","total":"45000"},{"id":"1065","descripcion":"Llave Lavamanos Pomo Sencillo Unitec","cantidad":"1","stock":"0","precio":"0","total":"48000"},{"id":"429","descripcion":"Tornillos Drawall 1media","cantidad":"58","stock":"2206","precio":"100","total":"5800"},{"id":"1349","descripcion":"Malla 1 cincuenta cm Negra x mt","cantidad":"5","stock":"45","precio":"12000","total":"37500"},{"id":"1017","descripcion":"Amarras Blanca 25mm","cantidad":"1","stock":"3","precio":"0","total":"8000"},{"id":"329","descripcion":"Pomo Universal","cantidad":"1","stock":"9","precio":"7000","total":"4500"},{"id":"715","descripcion":"Bisagra Parche x par","cantidad":"3","stock":"23","precio":"7000","total":"29500"},{"id":"115","descripcion":"Juego Destornillador Pretul","cantidad":"1","stock":"1","precio":"20000","total":"20000"},{"id":"321","descripcion":"Caja Plástica 2x4","cantidad":"3","stock":"66","precio":"1000","total":"3000"},{"id":"1302","descripcion":"Destornillador Truper Pala 8pulgadas ","cantidad":"1","stock":"2","precio":"13000","total":"14000"},{"id":"1036","descripcion":"Destornillador Pretul Pala ","cantidad":"1","stock":"2","precio":"12000","total":"12000"},{"id":"1072","descripcion":"Llave Esfera Jardinera ","cantidad":"2","stock":"16","precio":"18500","total":"30000"},{"id":"1221","descripcion":"Llave Lavaplatos Monocontrol en arco ","cantidad":"1","stock":"3","precio":"0","total":"70000"},{"id":"328","descripcion":"Tapones Lavamanos","cantidad":"1","stock":"24","precio":"7000","total":"5000"}]', 0, 349300, 349300, 'Efectivo', '2023-06-22 21:32:17'),
(27, 10027, 18, 2, '[{"id":"1288","descripcion":"Cemento Blanco x 2 Kg","cantidad":"3","stock":"10","precio":"5000","total":"15000"},{"id":"290","descripcion":"Destapa ya","cantidad":"2","stock":"22","precio":"9000","total":"17000"},{"id":"429","descripcion":"Tornillos Drawall 1media","cantidad":"92","stock":"2114","precio":"100","total":"9200"},{"id":"1206","descripcion":"Cinta doble Fax Grande","cantidad":"1","stock":"9","precio":"0","total":"5000"},{"id":"676","descripcion":"Chazo Expansión 5 dieciséis x2","cantidad":"6","stock":"3","precio":"0","total":"4800"},{"id":"293","descripcion":"Soda Caustica","cantidad":"1","stock":"7","precio":"6000","total":"5000"},{"id":"102","descripcion":"Solución Bóxer 45cm","cantidad":"1","stock":"8","precio":"4000","total":"4000"},{"id":"1048","descripcion":"Accesoria lavamanos Grival","cantidad":"1","stock":"1","precio":"56000","total":"24000"},{"id":"910","descripcion":"Union Presion media","cantidad":"2","stock":"218","precio":"700","total":"1400"}]', 0, 85400, 85400, 'Efectivo', '2023-06-22 21:44:13'),
(28, 10028, 18, 2, '[{"id":"329","descripcion":"Pomo Universal","cantidad":"1","stock":"8","precio":"7000","total":"6000"},{"id":"71","descripcion":"Teflón ","cantidad":"1","stock":"75","precio":"1000","total":"1000"},{"id":"951","descripcion":"Universal 3cuartos","cantidad":"1","stock":"12","precio":"7500","total":"8000"},{"id":"1262","descripcion":"Pegante 1 ventiocho KLW","cantidad":"1","stock":"2","precio":"0","total":"5000"},{"id":"89","descripcion":"Broca Lamina 3 treinta y dos","cantidad":"1","stock":"23","precio":"4500","total":"4000"},{"id":"996","descripcion":"SikaFlex Negra","cantidad":"1","stock":"10","precio":"42000","total":"42000"},{"id":"84","descripcion":"Broca Lamina 5 dieciséis ","cantidad":"1","stock":"10","precio":"13000","total":"13000"},{"id":"1290","descripcion":"cemento gris x 2 kg","cantidad":"2","stock":"12","precio":"3000","total":"6000"},{"id":"429","descripcion":"Tornillos Drawall 1media","cantidad":"2","stock":"2112","precio":"100","total":"200"},{"id":"245","descripcion":"Chazo Plástico 1cuarto ","cantidad":"2","stock":"1091","precio":"100","total":"200"},{"id":"607","descripcion":"Valvula de Llenado Aqua","cantidad":"1","stock":"0","precio":"0","total":"27000"},{"id":"957","descripcion":"Chazo Expansión 1cuarto x 3","cantidad":"6","stock":"73","precio":"0","total":"7800"},{"id":"72","descripcion":"Broca Muro 3 octavos","cantidad":"1","stock":"9","precio":"9000","total":"9000"},{"id":"374","descripcion":"Regleta Multitoma 1mt","cantidad":"1","stock":"2","precio":"14000","total":"14500"},{"id":"1328","descripcion":"pasador barra 2p","cantidad":"1","stock":"10","precio":"0","total":"4000"}]', 0, 147700, 147700, 'Efectivo', '2023-06-23 06:29:25'),
(29, 10029, 18, 2, '[{"id":"179","descripcion":"Unión Coaxial","cantidad":"2","stock":"74","precio":"1500","total":"2000"},{"id":"26","descripcion":"Espátula Plástica ","cantidad":"4","stock":"9","precio":"2000","total":"8000"},{"id":"22","descripcion":"Pulidora Stanley 620w","cantidad":"1","stock":"0","precio":"165000","total":"195000"},{"id":"363","descripcion":"Clavija sin Polo ","cantidad":"1","stock":"20","precio":"5800","total":"6800"},{"id":"1321","descripcion":"Cable Duplex xmt","cantidad":"1","stock":"95","precio":"0","total":"4800"},{"id":"362","descripcion":"Toma Aéreo con Polo 15A ","cantidad":"1","stock":"25","precio":"6000","total":"5800"},{"id":"1157","descripcion":"Rejilla Lavaplatos ","cantidad":"1","stock":"12","precio":"6000","total":"6000"},{"id":"1290","descripcion":"cemento gris x 2 kg","cantidad":"1","stock":"11","precio":"3000","total":"3000"},{"id":"760","descripcion":"Pie Amigo Mediano","cantidad":"1","stock":"24","precio":"0","total":"12000"},{"id":"245","descripcion":"Chazo Plástico 1cuarto ","cantidad":"6","stock":"1085","precio":"100","total":"600"}]', 0, 244000, 244000, 'Efectivo', '2023-06-23 06:43:31'),
(30, 10030, 19, 1, '[{"id":"1363","descripcion":"flexometro toolcraft 5mt","cantidad":"1","stock":"5","precio":"19500","total":"19500"},{"id":"958","descripcion":"Flexómetro 7mt ","cantidad":"1","stock":"3","precio":"16000","total":"16000"},{"id":"988","descripcion":"Flexómetro 3mt Surka","cantidad":"1","stock":"0","precio":"13000","total":"13000"},{"id":"1201","descripcion":"Rodillo Felpa Antigoteo 9","cantidad":"1","stock":"4","precio":"0","total":"12000"}]', 0, 60500, 60500, 'Efectivo', '2023-06-23 06:58:19'),
(233, 10007, 16, 1, '[{"id":"7","descripcion":"Extractor de Aire ","cantidad":"1","stock":"17","precio":"","total":"2156"},{"id":"8","descripcion":"Guadañadora ","cantidad":"6","stock":"13","precio":"","total":"12936"},{"id":"9","descripcion":"Hidrolavadora Eléctrica ","cantidad":"1","stock":"18","precio":"","total":"3640"}]', 3559.08, 18732, 22291.1, 'Efectivo', '2023-07-09 06:34:38'),
(414, 10008, 16, 1, '[{"id":"6","descripcion":"Disco Punta Diamante ","cantidad":"1","stock":"14","precio":"1540","total":"1540"},{"id":"5","descripcion":"Cortadora de Piso sin Disco ","cantidad":"1","stock":"12","precio":"2156","total":"2156"}]', 0, 3696, 3696, 'Efectivo', '2023-07-09 06:34:58'),
(424, 10009, 16, 1, '[{"id":"6","descripcion":"Disco Punta Diamante ","cantidad":"1","stock":"13","precio":"1540","total":"1540"}]', 246.4, 1540, 1786.4, 'Efectivo', '2023-07-09 06:34:58');

/*!40101 SET CHARACTER_SET_CLIENT=@OLD_CHARACTER_SET_CLIENT */;
/*!40101 SET CHARACTER_SET_RESULTS=@OLD_CHARACTER_SET_RESULTS */;
/*!40101 SET COLLATION_CONNECTION=@OLD_COLLATION_CONNECTION */;
